user_id,car_id,rating,persona
0,566,2.2489308651973863,Luxury_Boss
0,8346,2.3745418716709237,Luxury_Boss
0,9743,3.1814175121233674,Luxury_Boss
0,2443,3.9719019434010745,Luxury_Boss
0,4063,1.8312521660842493,Luxury_Boss
0,9412,3.1190041548907494,Luxury_Boss
0,8928,2.0348501912257473,Luxury_Boss
0,5153,2.0684294386177005,Luxury_Boss
0,4341,1.5181110949684462,Luxury_Boss
0,190,2.063034283990158,Luxury_Boss
0,6198,4.072564110846004,Luxury_Boss
0,2119,1.7020983043274143,Luxury_Boss
0,4458,3.9666166046822804,Luxury_Boss
0,5746,1.7207485875731219,Luxury_Boss
0,8010,1.561099494087268,Luxury_Boss
0,9734,1.6664552231544643,Luxury_Boss
0,3350,2.006699190462837,Luxury_Boss
1,5709,3.4060832720856675,Budget_Student
1,6561,3.7776288646306337,Budget_Student
1,4629,1.1065358381719257,Budget_Student
1,7370,3.9510657611306046,Budget_Student
1,5285,2.684890590001148,Budget_Student
1,5390,3.203716103041118,Budget_Student
1,219,5.0,Budget_Student
1,906,4.613280252553826,Budget_Student
1,145,2.6367233807170765,Budget_Student
1,552,1.546476694633081,Budget_Student
1,1444,1.0831306128017668,Budget_Student
1,1926,3.154929579573076,Budget_Student
1,10050,3.6159339110980735,Budget_Student
1,2613,4.931224616294876,Budget_Student
1,2943,3.356273280159043,Budget_Student
1,4458,1.8375682542026635,Budget_Student
1,3151,1.9134604042611367,Budget_Student
1,6253,3.474750323522697,Budget_Student
1,4466,5.0,Budget_Student
1,5646,4.925234854149958,Budget_Student
2,684,2.407688145824417,Luxury_Boss
2,4352,2.196347688414209,Luxury_Boss
2,9459,1.6009600252948064,Luxury_Boss
2,4165,1.981907213930338,Luxury_Boss
2,4156,2.9355755798823333,Luxury_Boss
2,10087,3.5392483551617033,Luxury_Boss
2,8158,1.6201283459044062,Luxury_Boss
2,2370,2.4547009414579155,Luxury_Boss
2,9645,2.3418646671307233,Luxury_Boss
2,1532,1.698847842284195,Luxury_Boss
2,7850,2.3863527772991393,Luxury_Boss
2,9424,2.3819347160155324,Luxury_Boss
2,2987,2.2681800522849516,Luxury_Boss
2,5848,2.177038795593452,Luxury_Boss
2,3138,3.9601167141701015,Luxury_Boss
3,1530,3.188520929752687,Speed_Racer
3,5955,2.6221746316011156,Speed_Racer
3,7465,4.877716273452089,Speed_Racer
3,4436,2.0335504890440665,Speed_Racer
3,7382,2.8768441812750076,Speed_Racer
3,2309,2.4719050903692237,Speed_Racer
3,2818,2.557419249807719,Speed_Racer
3,10182,2.9344818543313496,Speed_Racer
3,5613,3.091238412107354,Speed_Racer
3,1382,1.9522537201256633,Speed_Racer
3,9980,3.1438574376428123,Speed_Racer
3,10281,2.5418144187592677,Speed_Racer
3,7109,3.1756193974414026,Speed_Racer
3,6183,4.019147397760078,Speed_Racer
3,1165,2.0458818377999766,Speed_Racer
3,1402,2.989545894790778,Speed_Racer
3,929,2.447262969901594,Speed_Racer
3,7972,2.0830989194515874,Speed_Racer
3,6674,2.7279218575667463,Speed_Racer
4,7325,3.070749200514504,Eco_Warrior
4,1477,2.565580480381396,Eco_Warrior
4,3835,1.2490693194427673,Eco_Warrior
4,5231,1.3651986113866479,Eco_Warrior
4,3697,2.694383266408099,Eco_Warrior
4,8029,3.1883624464690605,Eco_Warrior
4,7588,3.369098844344839,Eco_Warrior
4,6877,2.5312711830101646,Eco_Warrior
4,9351,3.4489878426365825,Eco_Warrior
4,7166,2.209991917599133,Eco_Warrior
4,2245,2.534758897192978,Eco_Warrior
4,9707,1.0990905829830229,Eco_Warrior
4,1454,3.0891983177081785,Eco_Warrior
4,1556,1.0,Eco_Warrior
4,2753,2.158516889913385,Eco_Warrior
4,5262,2.6521440336318203,Eco_Warrior
4,1486,2.6690523406742823,Eco_Warrior
5,6470,4.756687904587236,Family_Man
5,2488,4.118509630659166,Family_Man
5,2249,4.39671814636314,Family_Man
5,2891,5.0,Family_Man
5,401,5.0,Family_Man
5,1152,4.688504390088109,Family_Man
5,1713,3.548734955619857,Family_Man
5,4011,3.2014447565659117,Family_Man
5,4320,3.849829995223132,Family_Man
5,1275,5.0,Family_Man
5,8378,3.392302169244827,Family_Man
5,6699,4.376504475175215,Family_Man
5,1174,2.621656372489583,Family_Man
5,3107,2.6651127145873104,Family_Man
5,5498,4.598828314969022,Family_Man
5,8613,4.618061269301502,Family_Man
5,9670,5.0,Family_Man
5,429,4.324263292555438,Family_Man
6,5377,3.68363454244409,Family_Man
6,7965,4.5884497297878175,Family_Man
6,1606,3.0323071955953194,Family_Man
6,1487,5.0,Family_Man
6,9928,4.910035065510987,Family_Man
6,8914,4.477444173181121,Family_Man
6,6300,5.0,Family_Man
6,4843,2.6341444860213055,Family_Man
6,8836,5.0,Family_Man
6,295,5.0,Family_Man
6,7116,5.0,Family_Man
6,8534,5.0,Family_Man
6,7566,2.502941481996608,Family_Man
6,4148,5.0,Family_Man
6,1731,5.0,Family_Man
6,6515,5.0,Family_Man
6,6043,5.0,Family_Man
6,9475,4.283139644908865,Family_Man
6,2849,4.035442688869053,Family_Man
6,5675,4.697623231153159,Family_Man
7,10170,2.948297557798134,Budget_Student
7,1799,3.8856702018699822,Budget_Student
7,1879,4.2262281117597,Budget_Student
7,4246,3.8109444486743858,Budget_Student
7,8435,4.926364204607217,Budget_Student
7,4484,3.9380144759916202,Budget_Student
7,8535,1.2839188874849046,Budget_Student
7,7342,3.6585252026443813,Budget_Student
7,2826,2.9429106831383427,Budget_Student
7,7438,3.1927927053365335,Budget_Student
7,8642,3.323907904748684,Budget_Student
7,2314,5.0,Budget_Student
7,6143,3.4224067350695617,Budget_Student
7,9325,5.0,Budget_Student
7,3628,3.790417883720512,Budget_Student
7,9953,3.5060041845050534,Budget_Student
7,1388,3.2549462167466094,Budget_Student
7,886,5.0,Budget_Student
7,1038,3.143499960627114,Budget_Student
7,4403,5.0,Budget_Student
7,3589,2.6953318849705896,Budget_Student
8,4425,1.9656344215427493,Luxury_Boss
8,9017,2.3829404216589856,Luxury_Boss
8,8584,4.135944841790191,Luxury_Boss
8,7114,2.217630685721885,Luxury_Boss
8,9852,3.0118318687008006,Luxury_Boss
8,2433,1.5060456605749077,Luxury_Boss
8,6677,2.0091023387702336,Luxury_Boss
8,553,2.3769720191026327,Luxury_Boss
8,9252,2.2250013048357555,Luxury_Boss
8,932,2.483677947815892,Luxury_Boss
8,6523,2.3209260133663494,Luxury_Boss
8,7453,1.6701444102049563,Luxury_Boss
8,6311,4.098690961678907,Luxury_Boss
8,7982,3.979320048522524,Luxury_Boss
8,1004,2.0536466092393986,Luxury_Boss
9,7902,2.2550113708602346,Speed_Racer
9,5193,3.28346176049937,Speed_Racer
9,6214,3.5412950254021425,Speed_Racer
9,8067,3.422228857765796,Speed_Racer
9,4642,2.235384281358481,Speed_Racer
9,1916,2.880291916902496,Speed_Racer
9,7492,3.258513087593163,Speed_Racer
9,8614,2.0499587851548973,Speed_Racer
9,3071,4.749810016523316,Speed_Racer
9,4609,3.1671269675233487,Speed_Racer
9,1021,3.4626789346556004,Speed_Racer
9,4465,3.341981370368605,Speed_Racer
9,9872,4.292400182191612,Speed_Racer
9,1129,2.178283428027846,Speed_Racer
9,7573,1.7525478880903935,Speed_Racer
9,8623,4.8781400226070195,Speed_Racer
9,1783,3.2175540352720287,Speed_Racer
9,1057,2.1511850702810698,Speed_Racer
9,1683,2.3806402929024983,Speed_Racer
9,4721,2.5091098719561336,Speed_Racer
9,1428,2.600315182457052,Speed_Racer
9,10218,2.605358456451202,Speed_Racer
9,7017,3.446350350516299,Speed_Racer
9,9769,2.7581245457623096,Speed_Racer
10,8507,5.0,Budget_Student
10,9283,3.8117988923473414,Budget_Student
10,2026,3.1351155831127198,Budget_Student
10,6172,2.9183620866295277,Budget_Student
10,2474,3.033905392958883,Budget_Student
10,849,3.0254251260108775,Budget_Student
10,3705,2.9493115557862857,Budget_Student
10,6937,3.926202245533209,Budget_Student
10,5802,4.823738977044417,Budget_Student
10,655,3.3585032075680736,Budget_Student
10,86,5.0,Budget_Student
10,6430,5.0,Budget_Student
10,234,5.0,Budget_Student
10,622,3.1469400687266904,Budget_Student
10,3434,3.6314219097992395,Budget_Student
10,9572,1.123966029412509,Budget_Student
10,4043,3.4807926587897695,Budget_Student
10,7839,3.011145755449669,Budget_Student
10,7871,5.0,Budget_Student
10,3158,3.157336928346192,Budget_Student
10,4606,3.173075870839525,Budget_Student
10,4795,4.907642869323105,Budget_Student
11,4597,2.757614318828949,Speed_Racer
11,321,3.4875944273361865,Speed_Racer
11,1246,2.594947701024891,Speed_Racer
11,1554,2.4268032995357225,Speed_Racer
11,5630,3.9895501186496403,Speed_Racer
11,5279,3.2583869497866935,Speed_Racer
11,4979,2.714480281953887,Speed_Racer
11,716,2.3498428059936036,Speed_Racer
11,7046,2.702402453338497,Speed_Racer
11,4134,2.5692938769300144,Speed_Racer
11,7486,1.9270082498456067,Speed_Racer
11,9452,4.856575001954097,Speed_Racer
11,8832,4.2152942240940945,Speed_Racer
11,4260,3.933294316214521,Speed_Racer
11,4166,3.2191464790439595,Speed_Racer
11,433,2.6684678799770163,Speed_Racer
11,4250,5.0,Speed_Racer
11,6601,2.8176854232396478,Speed_Racer
11,3261,2.9262992026844232,Speed_Racer
11,1851,2.355748048013104,Speed_Racer
11,6275,3.63911683917614,Speed_Racer
11,7835,2.763719547828447,Speed_Racer
11,5820,2.8114623451700114,Speed_Racer
12,1077,1.0,Budget_Student
12,9374,4.5123323952992385,Budget_Student
12,5257,5.0,Budget_Student
12,8690,5.0,Budget_Student
12,5084,3.640113233238721,Budget_Student
12,828,5.0,Budget_Student
12,5921,5.0,Budget_Student
12,1517,3.806832631152744,Budget_Student
12,7370,3.639129713459637,Budget_Student
12,9849,2.5408558058195228,Budget_Student
12,2152,4.875129596064482,Budget_Student
12,6323,5.0,Budget_Student
12,7151,4.840950713107149,Budget_Student
12,5312,4.637307193309671,Budget_Student
12,6595,4.772937081898773,Budget_Student
12,407,3.8855080620208002,Budget_Student
12,3627,3.519858124673552,Budget_Student
12,7273,3.3872481663672076,Budget_Student
12,932,2.955598402671277,Budget_Student
12,734,4.730265237655198,Budget_Student
13,5733,2.6799682705873296,Eco_Warrior
13,7945,1.0,Eco_Warrior
13,6747,2.7154988621952647,Eco_Warrior
13,1539,1.576900144682813,Eco_Warrior
13,5288,2.57514360540776,Eco_Warrior
13,6198,3.4211602069271065,Eco_Warrior
13,5810,3.434703783594361,Eco_Warrior
13,8957,1.0,Eco_Warrior
13,1194,3.3153889383717763,Eco_Warrior
13,4684,1.0,Eco_Warrior
13,3365,1.4670661808264334,Eco_Warrior
13,2800,1.0,Eco_Warrior
13,7668,2.8649221433769982,Eco_Warrior
13,71,3.190384834918438,Eco_Warrior
13,3059,2.8114741437924335,Eco_Warrior
13,7287,2.9959573951102727,Eco_Warrior
13,987,1.2889054947482879,Eco_Warrior
13,1504,2.5991417424594268,Eco_Warrior
13,9225,1.0,Eco_Warrior
14,5669,2.635783712063991,Luxury_Boss
14,126,3.992649694130124,Luxury_Boss
14,3257,1.7800685136974916,Luxury_Boss
14,9734,2.16368892904925,Luxury_Boss
14,9444,3.6321765356597,Luxury_Boss
14,2902,2.0576216223798296,Luxury_Boss
14,3997,2.319975126852845,Luxury_Boss
14,5039,3.4726095490834714,Luxury_Boss
14,4045,1.7160436129388268,Luxury_Boss
14,4612,4.704692991203306,Luxury_Boss
14,9440,2.769809903222786,Luxury_Boss
14,2643,2.273094975397592,Luxury_Boss
14,2562,2.4372989204546105,Luxury_Boss
14,3387,1.8569604167407565,Luxury_Boss
14,4205,1.5059469811451136,Luxury_Boss
15,8666,1.5946091769086577,Luxury_Boss
15,2628,4.084118345696106,Luxury_Boss
15,2868,1.640025010915216,Luxury_Boss
15,4869,1.5832387123841558,Luxury_Boss
15,9496,2.379363211101129,Luxury_Boss
15,9784,2.084270035136658,Luxury_Boss
15,4905,2.3706141173200317,Luxury_Boss
15,8603,3.2588507334634293,Luxury_Boss
15,5064,1.9444156544753004,Luxury_Boss
15,6489,2.3567567339039495,Luxury_Boss
15,9181,2.4800650489069556,Luxury_Boss
15,5084,2.020034195151973,Luxury_Boss
15,3654,2.3756513289057812,Luxury_Boss
15,9069,4.497753097742166,Luxury_Boss
15,4473,2.220206177105461,Luxury_Boss
15,9279,2.11388207696159,Luxury_Boss
15,4248,2.3619446787037677,Luxury_Boss
15,5634,2.2139438968278338,Luxury_Boss
16,5694,3.5419932018864646,Budget_Student
16,9668,2.6000598985025567,Budget_Student
16,2312,5.0,Budget_Student
16,1247,3.4506712102284753,Budget_Student
16,8735,5.0,Budget_Student
16,3021,2.3031093677565155,Budget_Student
16,9474,3.686208552790856,Budget_Student
16,3905,2.9355666003767054,Budget_Student
16,4278,3.94336015557986,Budget_Student
16,3624,5.0,Budget_Student
16,4449,3.691128927242662,Budget_Student
16,2793,3.107072914337555,Budget_Student
16,7749,3.7768799096398866,Budget_Student
16,6311,3.360936591476591,Budget_Student
16,7687,3.438741668313247,Budget_Student
16,8214,1.416535494472305,Budget_Student
16,9226,4.202839136468499,Budget_Student
17,7594,2.4217673608422228,Luxury_Boss
17,8867,2.0567798469263217,Luxury_Boss
17,2891,2.6666231107570386,Luxury_Boss
17,5693,3.287327262893399,Luxury_Boss
17,1006,2.0395519022001647,Luxury_Boss
17,5044,2.590539357787002,Luxury_Boss
17,3412,1.6226347581187615,Luxury_Boss
17,3780,1.5447614011417743,Luxury_Boss
17,7767,2.3231975885665896,Luxury_Boss
17,5563,2.1847773727899265,Luxury_Boss
17,6624,1.902357715724238,Luxury_Boss
17,7130,2.0021480303589314,Luxury_Boss
17,6583,2.1895566471092254,Luxury_Boss
17,8408,1.8521382042592938,Luxury_Boss
17,6163,2.1652914522055333,Luxury_Boss
17,8992,3.9128899629850347,Luxury_Boss
18,8375,3.2127988189434635,Eco_Warrior
18,503,1.212206227398725,Eco_Warrior
18,8658,4.1979944999936905,Eco_Warrior
18,2242,2.8324013005972795,Eco_Warrior
18,4334,2.9715364000545184,Eco_Warrior
18,4701,1.7890805789291577,Eco_Warrior
18,4749,2.7535259698326855,Eco_Warrior
18,8837,3.4902403826499997,Eco_Warrior
18,5222,3.4541721272524364,Eco_Warrior
18,7029,3.3836883115540033,Eco_Warrior
18,6636,2.735818515304753,Eco_Warrior
18,5641,1.3530255123147275,Eco_Warrior
18,9765,3.0266841227197094,Eco_Warrior
18,2882,3.280721955800446,Eco_Warrior
18,6860,1.0,Eco_Warrior
18,9695,2.7559342098076236,Eco_Warrior
18,8057,2.7354999634269035,Eco_Warrior
18,2451,3.312201355793491,Eco_Warrior
18,6599,3.098201905618304,Eco_Warrior
18,1435,2.83686675501609,Eco_Warrior
19,5949,3.4119872015580364,Speed_Racer
19,2796,2.169803053309439,Speed_Racer
19,7669,3.098325495407917,Speed_Racer
19,6535,2.4293610956000533,Speed_Racer
19,94,1.6757753142543235,Speed_Racer
19,8626,3.2914500438124517,Speed_Racer
19,10015,2.545527343137218,Speed_Racer
19,8675,3.4248374385506533,Speed_Racer
19,3646,3.5591798580494687,Speed_Racer
19,1074,2.3863704624299404,Speed_Racer
19,5750,2.236887582010613,Speed_Racer
19,505,2.896416032291408,Speed_Racer
19,6201,3.8292603273038868,Speed_Racer
19,2096,3.2155869090995233,Speed_Racer
19,7306,2.6100021130274715,Speed_Racer
19,6226,3.097480423642004,Speed_Racer
19,3274,2.9110796413451077,Speed_Racer
19,1968,3.5542163850871678,Speed_Racer
19,8944,4.065180859242496,Speed_Racer
19,3315,2.740739879128035,Speed_Racer
20,4561,2.3153848484599364,Luxury_Boss
20,4474,1.9283268241727538,Luxury_Boss
20,3057,2.424991199585457,Luxury_Boss
20,9507,2.32186341585739,Luxury_Boss
20,2204,1.810327862224118,Luxury_Boss
20,9505,5.0,Luxury_Boss
20,6484,1.6108840763712613,Luxury_Boss
20,4154,3.266036685855716,Luxury_Boss
20,6172,2.5061999656585625,Luxury_Boss
20,2490,2.3382821894309025,Luxury_Boss
20,2287,4.064833137151181,Luxury_Boss
20,2892,2.390925718741988,Luxury_Boss
20,135,1.9970333905935602,Luxury_Boss
20,5708,1.9990598943356808,Luxury_Boss
20,2042,1.6355176594920706,Luxury_Boss
20,8185,2.196423420602655,Luxury_Boss
20,8258,1.692721224284106,Luxury_Boss
20,9709,1.6749479190422756,Luxury_Boss
20,5810,1.5713270940249229,Luxury_Boss
20,4182,2.339611634221658,Luxury_Boss
20,10241,1.5160534008023414,Luxury_Boss
20,4836,4.497218494363647,Luxury_Boss
21,8283,2.7190558861614784,Eco_Warrior
21,9171,2.6863736446928543,Eco_Warrior
21,1896,3.009412808354501,Eco_Warrior
21,32,1.4888013338839465,Eco_Warrior
21,3057,2.9313774665551384,Eco_Warrior
21,2990,1.2288302947205256,Eco_Warrior
21,3425,4.039467598004112,Eco_Warrior
21,1886,3.3957911704696406,Eco_Warrior
21,6517,1.0,Eco_Warrior
21,6744,1.0,Eco_Warrior
21,3529,1.217802320731985,Eco_Warrior
21,1788,3.0198704791106654,Eco_Warrior
21,2222,3.436916456783165,Eco_Warrior
21,5653,3.101526343589102,Eco_Warrior
21,9078,3.030181044769417,Eco_Warrior
21,3884,1.0,Eco_Warrior
21,7401,3.0876352469577197,Eco_Warrior
21,3432,1.0,Eco_Warrior
21,4156,1.3166751429823798,Eco_Warrior
21,6003,1.0,Eco_Warrior
22,1407,2.624566762879909,Family_Man
22,3389,3.413877714911637,Family_Man
22,7629,3.5115409390239307,Family_Man
22,667,4.039873602489647,Family_Man
22,3019,4.345509508738097,Family_Man
22,3581,4.4234984605580765,Family_Man
22,7509,3.144818409716713,Family_Man
22,1580,5.0,Family_Man
22,4851,4.054955327762857,Family_Man
22,2727,2.7781224083472624,Family_Man
22,9168,3.267177973504986,Family_Man
22,7085,5.0,Family_Man
22,990,3.922100132873124,Family_Man
22,5422,2.5852693124574673,Family_Man
22,7131,4.429571512374562,Family_Man
22,9027,4.245456385003984,Family_Man
22,5800,4.660564044755804,Family_Man
22,5203,4.278608498569638,Family_Man
22,9356,3.902268439516454,Family_Man
22,8429,4.9239526528102955,Family_Man
22,9572,4.236836360846706,Family_Man
23,7418,3.4033182344221338,Speed_Racer
23,3493,3.3628545718036555,Speed_Racer
23,7466,3.688504795315757,Speed_Racer
23,8465,1.6456266612299484,Speed_Racer
23,4990,2.1630538048016055,Speed_Racer
23,9639,4.9943093435736365,Speed_Racer
23,5986,2.9661937467909887,Speed_Racer
23,8380,2.9034154010620066,Speed_Racer
23,8449,2.610904904605893,Speed_Racer
23,4273,2.456282908514834,Speed_Racer
23,7120,3.055689387782029,Speed_Racer
23,2106,2.6248923977956884,Speed_Racer
23,1820,2.091038469152242,Speed_Racer
23,416,2.8944404627181988,Speed_Racer
23,5197,3.2937157204595633,Speed_Racer
23,7423,3.5194894870238893,Speed_Racer
23,2962,3.893642774091109,Speed_Racer
23,7530,3.8680302415372516,Speed_Racer
23,6247,3.3845921365389486,Speed_Racer
23,1054,3.161715460441137,Speed_Racer
24,6834,1.937879918926961,Speed_Racer
24,1873,3.362742031480755,Speed_Racer
24,5052,3.9371830689347007,Speed_Racer
24,8090,3.295838580920668,Speed_Racer
24,2150,3.168445586252824,Speed_Racer
24,5456,2.5929874278006944,Speed_Racer
24,9723,2.462972262320602,Speed_Racer
24,6750,2.1660593405133266,Speed_Racer
24,344,2.923390972180321,Speed_Racer
24,7932,4.754300059196312,Speed_Racer
24,6019,3.091764767543324,Speed_Racer
24,7273,2.9717777581536704,Speed_Racer
24,1301,3.7115965094745693,Speed_Racer
24,4503,2.5500409415179695,Speed_Racer
24,1154,2.561975234710679,Speed_Racer
24,4588,3.2096949291218486,Speed_Racer
24,7462,3.1593361266602225,Speed_Racer
24,3923,2.7448132708089776,Speed_Racer
24,2714,5.0,Speed_Racer
24,6114,3.2719532499259656,Speed_Racer
24,10160,2.4517963575920323,Speed_Racer
24,7276,3.040797747665925,Speed_Racer
24,8705,3.108998443983637,Speed_Racer
25,4668,2.1742991476975666,Speed_Racer
25,9459,2.1592638501466968,Speed_Racer
25,4523,2.9294938225300573,Speed_Racer
25,5602,2.5615145540754343,Speed_Racer
25,4528,2.8373912304510656,Speed_Racer
25,3833,3.7857991774513446,Speed_Racer
25,7249,2.155846354585518,Speed_Racer
25,7792,2.885558187232273,Speed_Racer
25,904,3.340304264947857,Speed_Racer
25,8948,2.888721132144121,Speed_Racer
25,8160,4.642132856949875,Speed_Racer
25,6889,3.9398785349549543,Speed_Racer
25,3478,4.20388592111967,Speed_Racer
25,5769,2.6430554985669117,Speed_Racer
25,9521,2.142588371719775,Speed_Racer
25,8634,3.7967572173742936,Speed_Racer
25,250,2.520291164628937,Speed_Racer
25,289,3.1265018196572996,Speed_Racer
25,9029,3.0046859883138777,Speed_Racer
26,3287,2.9044958197448922,Speed_Racer
26,9420,3.8847925828301353,Speed_Racer
26,8187,2.750737117973469,Speed_Racer
26,1505,4.062555515070941,Speed_Racer
26,497,3.4042392480681825,Speed_Racer
26,579,2.7641893056980735,Speed_Racer
26,1601,3.159128449547649,Speed_Racer
26,1845,3.870312315100781,Speed_Racer
26,829,2.7901599476144106,Speed_Racer
26,3733,3.7319305933647304,Speed_Racer
26,1664,3.8462801120855317,Speed_Racer
26,2858,2.768092514674035,Speed_Racer
26,9612,2.551863604249685,Speed_Racer
26,4612,3.35452015422848,Speed_Racer
26,8363,2.2526900951106708,Speed_Racer
26,8240,3.6923468736305605,Speed_Racer
26,1281,2.097409156284362,Speed_Racer
26,3972,4.347963369076166,Speed_Racer
26,143,2.0849170100947707,Speed_Racer
26,10131,2.6798544593214872,Speed_Racer
26,4963,2.347080311834956,Speed_Racer
26,5006,3.2679911827475445,Speed_Racer
26,1489,2.623279919451621,Speed_Racer
26,721,3.2985332330656196,Speed_Racer
27,28,3.817837741388301,Luxury_Boss
27,3479,1.9605414349606183,Luxury_Boss
27,10165,3.2324075030018995,Luxury_Boss
27,3768,2.404285080167284,Luxury_Boss
27,1551,3.2496090923192487,Luxury_Boss
27,7432,2.3740981925512976,Luxury_Boss
27,8625,2.4679215535520362,Luxury_Boss
27,600,2.2473086829051017,Luxury_Boss
27,717,2.3866700436353185,Luxury_Boss
27,2503,2.0862383440006766,Luxury_Boss
27,6954,2.325769032394601,Luxury_Boss
27,1681,2.4734981175947097,Luxury_Boss
27,842,2.4936069712186217,Luxury_Boss
27,8220,3.955019187092655,Luxury_Boss
27,8579,2.237203457052283,Luxury_Boss
27,6243,1.7873899464475556,Luxury_Boss
27,1601,2.4110398089862364,Luxury_Boss
27,2774,3.5252408922992915,Luxury_Boss
27,944,2.718868323761587,Luxury_Boss
27,376,4.383319981074337,Luxury_Boss
27,6092,2.2561703479837676,Luxury_Boss
27,3477,2.600429327160774,Luxury_Boss
27,1786,1.5187837002945295,Luxury_Boss
28,412,3.387007039137085,Speed_Racer
28,8833,2.747596200958325,Speed_Racer
28,5058,3.1335829062084697,Speed_Racer
28,2779,3.9210225390430127,Speed_Racer
28,1652,3.745746857658361,Speed_Racer
28,9434,2.6147860460733474,Speed_Racer
28,2571,3.5129971361668932,Speed_Racer
28,4162,2.989189457919447,Speed_Racer
28,10251,3.2323933167892793,Speed_Racer
28,6528,3.3893559714720793,Speed_Racer
28,6414,3.227975658068305,Speed_Racer
28,1400,2.071893269635858,Speed_Racer
28,5722,3.537834311966373,Speed_Racer
28,3674,2.525088466471048,Speed_Racer
28,1918,2.9869685314066405,Speed_Racer
28,8134,2.7133221923018125,Speed_Racer
28,2899,3.595602043244114,Speed_Racer
28,8445,3.4163616690692074,Speed_Racer
29,8935,3.7899117923728767,Family_Man
29,2502,3.8395205119960574,Family_Man
29,3270,4.673317193437295,Family_Man
29,5340,4.144501019397335,Family_Man
29,6570,3.972852245337538,Family_Man
29,2989,3.3183814708061714,Family_Man
29,5948,4.937847052304908,Family_Man
29,5704,4.651719946559202,Family_Man
29,2483,4.971844505926011,Family_Man
29,235,5.0,Family_Man
29,7980,5.0,Family_Man
29,2973,5.0,Family_Man
29,1148,2.9465590944789377,Family_Man
29,3005,1.4770181672215619,Family_Man
29,3023,2.888101884410135,Family_Man
29,5316,3.3260777107438795,Family_Man
29,9013,4.439964902688546,Family_Man
29,978,5.0,Family_Man
29,4214,2.708412754904304,Family_Man
29,2066,3.721465916527848,Family_Man
30,3831,3.308537035898133,Family_Man
30,1714,3.1290462812420587,Family_Man
30,8625,4.118943173479525,Family_Man
30,9096,5.0,Family_Man
30,7790,4.484082025715695,Family_Man
30,7346,4.445583029077023,Family_Man
30,8701,5.0,Family_Man
30,2671,4.164014756765251,Family_Man
30,8465,3.022888589814901,Family_Man
30,235,5.0,Family_Man
30,4440,4.965364424051437,Family_Man
30,6489,4.72171882661007,Family_Man
30,9325,4.778782598730222,Family_Man
30,7771,3.5451260938279643,Family_Man
30,474,3.273290767552106,Family_Man
30,7677,4.446752899993267,Family_Man
30,1114,5.0,Family_Man
30,827,1.8484113597198815,Family_Man
30,3775,1.1827158556515187,Family_Man
30,2758,2.950827473377468,Family_Man
30,2523,2.820906184341488,Family_Man
31,10161,1.2841358661439992,Eco_Warrior
31,1589,2.5967559500751283,Eco_Warrior
31,4493,3.054919019789741,Eco_Warrior
31,4009,2.614038759690933,Eco_Warrior
31,7240,3.0511570505943206,Eco_Warrior
31,2254,1.0,Eco_Warrior
31,4593,1.0,Eco_Warrior
31,3182,3.4208744301136624,Eco_Warrior
31,6224,3.009764150118832,Eco_Warrior
31,4381,3.2468054700187365,Eco_Warrior
31,2895,3.3560701851163923,Eco_Warrior
31,2182,2.6173814262454598,Eco_Warrior
31,1234,1.0,Eco_Warrior
31,5769,2.6873677079364606,Eco_Warrior
31,7041,1.0459880932896546,Eco_Warrior
31,3537,2.6599423178145614,Eco_Warrior
31,6153,3.2208296511375005,Eco_Warrior
31,4656,3.1526773060715834,Eco_Warrior
31,202,2.892226559629293,Eco_Warrior
31,2144,3.2572327892668986,Eco_Warrior
31,6906,2.5945680391020365,Eco_Warrior
31,7951,3.007836043880217,Eco_Warrior
31,2860,3.319694148794292,Eco_Warrior
32,5804,5.0,Family_Man
32,1596,4.1300644952348655,Family_Man
32,4562,4.271359805458504,Family_Man
32,2672,5.0,Family_Man
32,7392,2.6903460371801677,Family_Man
32,8776,4.076838583771459,Family_Man
32,3909,3.328872155667609,Family_Man
32,285,4.76252059574375,Family_Man
32,6729,2.9371106527034456,Family_Man
32,4865,4.280107228580283,Family_Man
32,5146,3.7871877667450193,Family_Man
32,1849,3.05400114807724,Family_Man
32,2934,3.0582085114285347,Family_Man
32,3026,3.49059643242697,Family_Man
32,2811,1.37816967151393,Family_Man
32,3183,5.0,Family_Man
32,2909,4.024201423260889,Family_Man
32,8257,3.9019270978960154,Family_Man
32,5661,2.627294701251196,Family_Man
32,9321,5.0,Family_Man
32,4864,5.0,Family_Man
33,5999,3.4524353602572724,Family_Man
33,6331,4.858699855639597,Family_Man
33,9443,3.6287430362538498,Family_Man
33,3340,5.0,Family_Man
33,6691,4.710752587706447,Family_Man
33,7008,2.795948364496341,Family_Man
33,3556,4.993724337357178,Family_Man
33,6633,2.7472657641751828,Family_Man
33,1858,2.6879141304655074,Family_Man
33,1911,3.3118154261207176,Family_Man
33,1413,4.320355315039907,Family_Man
33,7052,4.175219646248526,Family_Man
33,475,4.1459381018047425,Family_Man
33,6528,3.9871350508644454,Family_Man
33,9969,4.809710064859581,Family_Man
33,7961,5.0,Family_Man
33,1524,5.0,Family_Man
33,7371,5.0,Family_Man
33,5473,4.080542190033944,Family_Man
33,9991,4.937816925296231,Family_Man
33,9135,1.1010040987401388,Family_Man
33,7915,3.955785372437674,Family_Man
33,3802,4.483158991499301,Family_Man
34,5115,5.0,Family_Man
34,1181,5.0,Family_Man
34,6145,5.0,Family_Man
34,1587,4.979690252530334,Family_Man
34,1841,3.3641025224097336,Family_Man
34,2047,5.0,Family_Man
34,7440,2.5975761715425993,Family_Man
34,9148,5.0,Family_Man
34,8395,4.215833540216767,Family_Man
34,1709,4.171972126580438,Family_Man
34,9511,4.154892796166651,Family_Man
34,9137,4.315827142299929,Family_Man
34,2365,1.818297358371282,Family_Man
34,5537,3.4598240857969937,Family_Man
34,8034,4.694724331705486,Family_Man
34,4819,5.0,Family_Man
34,7566,3.3049551885202835,Family_Man
34,8184,5.0,Family_Man
34,1635,4.123976782481307,Family_Man
34,5859,5.0,Family_Man
34,2489,4.8550057394674075,Family_Man
35,723,5.0,Speed_Racer
35,9343,3.3547037805360245,Speed_Racer
35,8181,3.2203923503945795,Speed_Racer
35,6436,5.0,Speed_Racer
35,1096,4.239899996568592,Speed_Racer
35,2451,2.926544129732573,Speed_Racer
35,9786,3.502700973070203,Speed_Racer
35,8003,4.030016254818658,Speed_Racer
35,8925,3.7868405626287585,Speed_Racer
35,9290,3.239839786243676,Speed_Racer
35,3267,4.082069036404927,Speed_Racer
35,10226,3.4044505693292884,Speed_Racer
35,1917,2.089180555291427,Speed_Racer
35,806,5.0,Speed_Racer
35,5967,3.1866482080810767,Speed_Racer
35,6477,3.311032227293309,Speed_Racer
35,2041,2.6003948039537166,Speed_Racer
35,8710,2.8453223317179095,Speed_Racer
35,3158,2.228977020133271,Speed_Racer
35,1227,4.246499299166212,Speed_Racer
35,7326,3.1406953797325565,Speed_Racer
35,5566,2.566286271338184,Speed_Racer
35,5059,5.0,Speed_Racer
35,7371,5.0,Speed_Racer
36,4808,1.954449607564975,Luxury_Boss
36,5131,1.7724579116492918,Luxury_Boss
36,5576,2.1664512053933525,Luxury_Boss
36,5179,1.553229891846839,Luxury_Boss
36,7261,2.2391450701153173,Luxury_Boss
36,10010,2.454287652072341,Luxury_Boss
36,3624,4.145665214386515,Luxury_Boss
36,6674,1.6346336880431327,Luxury_Boss
36,5040,3.7544025306358906,Luxury_Boss
36,6183,4.630674479588642,Luxury_Boss
36,10059,2.166799924096579,Luxury_Boss
36,4930,2.3835704904458597,Luxury_Boss
36,6543,2.2528788945486378,Luxury_Boss
36,3135,1.5708766892511263,Luxury_Boss
36,583,1.5632750874523071,Luxury_Boss
36,6666,2.3594764984001726,Luxury_Boss
36,3108,3.9047262732233805,Luxury_Boss
36,4976,2.2450148264895504,Luxury_Boss
37,2400,2.3228889012063743,Luxury_Boss
37,9657,1.9249044304096081,Luxury_Boss
37,2219,1.6837549008624468,Luxury_Boss
37,3011,1.8794509231247556,Luxury_Boss
37,5759,1.6465170033735546,Luxury_Boss
37,7782,2.102452019497771,Luxury_Boss
37,6233,2.0952298736007835,Luxury_Boss
37,4695,3.443378279252248,Luxury_Boss
37,2372,1.971987002731455,Luxury_Boss
37,9525,2.3464498616703953,Luxury_Boss
37,6529,2.969523491216129,Luxury_Boss
37,8469,1.8912656661781955,Luxury_Boss
37,7640,3.6679078237951686,Luxury_Boss
37,7,3.7711577486916283,Luxury_Boss
37,6587,2.009845520389403,Luxury_Boss
37,2625,2.403902231506912,Luxury_Boss
37,4732,2.2692318224929298,Luxury_Boss
38,7141,2.0989247526604924,Luxury_Boss
38,4209,1.8886969672094664,Luxury_Boss
38,345,1.9279802166186244,Luxury_Boss
38,8696,1.7964116976435505,Luxury_Boss
38,5374,2.1250908802496173,Luxury_Boss
38,7091,1.532838462389206,Luxury_Boss
38,5023,2.4893417552366097,Luxury_Boss
38,440,2.4826621754126097,Luxury_Boss
38,4862,2.4920138326811676,Luxury_Boss
38,6901,2.2163775571147157,Luxury_Boss
38,1328,2.0588213858674376,Luxury_Boss
38,9608,2.073667821179269,Luxury_Boss
38,8078,4.708444814906493,Luxury_Boss
38,6459,2.305463572913889,Luxury_Boss
38,2136,2.358058658594336,Luxury_Boss
39,4752,4.2507208669994565,Family_Man
39,8418,4.569331035325765,Family_Man
39,3871,5.0,Family_Man
39,3010,4.751321503615405,Family_Man
39,8807,5.0,Family_Man
39,8364,4.6715145016061275,Family_Man
39,6565,2.502197640548206,Family_Man
39,9930,2.977338000672373,Family_Man
39,8872,4.376581950814233,Family_Man
39,4917,4.308972882750196,Family_Man
39,1335,3.740270958598733,Family_Man
39,5316,3.6746337248181975,Family_Man
39,6820,3.0292419152043983,Family_Man
39,404,4.979209611101712,Family_Man
39,7154,3.392256129862134,Family_Man
39,7550,5.0,Family_Man
39,7162,3.2482280086157576,Family_Man
39,2086,2.9511259891684607,Family_Man
39,9858,5.0,Family_Man
39,370,3.4604004862598545,Family_Man
40,7106,3.111247678239599,Budget_Student
40,7711,5.0,Budget_Student
40,5442,3.203775299045419,Budget_Student
40,9686,2.832901606680183,Budget_Student
40,3523,3.879388261011398,Budget_Student
40,860,3.0540721920681175,Budget_Student
40,9211,3.0341158825547745,Budget_Student
40,9319,5.0,Budget_Student
40,389,3.598138586733982,Budget_Student
40,5298,3.954919489628396,Budget_Student
40,8616,3.1917420077770613,Budget_Student
40,8147,3.862829197854176,Budget_Student
40,7676,3.2292956531339185,Budget_Student
40,7520,2.882041995017162,Budget_Student
40,1499,3.460989926628052,Budget_Student
40,5012,5.0,Budget_Student
40,3010,2.5396186190998606,Budget_Student
40,7817,3.303774545475634,Budget_Student
40,3922,5.0,Budget_Student
40,7272,3.895544685483109,Budget_Student
40,1979,3.434091882160331,Budget_Student
40,6761,5.0,Budget_Student
40,6266,2.5561623297835636,Budget_Student
41,8045,5.0,Budget_Student
41,4435,3.4886801894254753,Budget_Student
41,4845,2.5777502313264398,Budget_Student
41,5060,3.017757331454079,Budget_Student
41,6515,4.677178086904954,Budget_Student
41,6087,3.5841698719041544,Budget_Student
41,4006,3.2184456226605405,Budget_Student
41,7524,1.0,Budget_Student
41,1247,3.4713796340774015,Budget_Student
41,6185,4.459907369204959,Budget_Student
41,5712,5.0,Budget_Student
41,1215,2.8270582500437147,Budget_Student
41,8861,2.632539514438001,Budget_Student
41,4782,3.1176156245386832,Budget_Student
41,2584,5.0,Budget_Student
41,1067,3.8094397911616973,Budget_Student
41,825,5.0,Budget_Student
41,4759,1.902628822026481,Budget_Student
41,1964,2.6144311964619216,Budget_Student
41,5571,3.4065766130287427,Budget_Student
41,3041,2.8771344788482165,Budget_Student
41,553,2.9300223642482965,Budget_Student
41,7988,4.590416709265389,Budget_Student
41,8302,2.886330431494975,Budget_Student
42,2890,3.4121520059975703,Budget_Student
42,3998,3.1077006762327866,Budget_Student
42,8386,4.2411156050005,Budget_Student
42,4516,5.0,Budget_Student
42,9457,2.5812435788633947,Budget_Student
42,4851,3.222612579803614,Budget_Student
42,3405,1.1117798231691436,Budget_Student
42,3700,4.621649766844772,Budget_Student
42,8135,3.320652199308015,Budget_Student
42,456,1.005459757898861,Budget_Student
42,8967,2.586885043430944,Budget_Student
42,6045,5.0,Budget_Student
42,4983,3.1055256496588206,Budget_Student
42,8291,2.9757950115997702,Budget_Student
42,4512,5.0,Budget_Student
42,7768,1.8695744094144078,Budget_Student
42,2902,5.0,Budget_Student
42,7882,3.3056004081907964,Budget_Student
42,2377,5.0,Budget_Student
42,5982,4.041475670952346,Budget_Student
42,3904,3.8768068639525595,Budget_Student
42,2242,2.8764963047237986,Budget_Student
42,10070,3.3675043326280596,Budget_Student
42,8663,2.9619381368248314,Budget_Student
43,5558,3.4745314156079874,Budget_Student
43,7640,1.5624470309123066,Budget_Student
43,8599,3.1128063738678424,Budget_Student
43,8710,3.695092411103285,Budget_Student
43,2004,3.1922571942780564,Budget_Student
43,5734,2.8894552253707184,Budget_Student
43,5979,5.0,Budget_Student
43,9860,4.84079886854775,Budget_Student
43,2124,2.7350610559269666,Budget_Student
43,341,1.0422293457510294,Budget_Student
43,7375,5.0,Budget_Student
43,10032,2.750385036781413,Budget_Student
43,3504,3.7423886001823945,Budget_Student
43,8386,3.5252492769269477,Budget_Student
43,1325,5.0,Budget_Student
43,6939,2.5078090088477247,Budget_Student
43,1397,2.560273238844646,Budget_Student
43,6947,5.0,Budget_Student
43,5391,3.0828912079767608,Budget_Student
43,8364,3.4596884268325416,Budget_Student
43,9148,5.0,Budget_Student
43,5695,3.3362260780816237,Budget_Student
44,3638,4.083815444874396,Family_Man
44,4463,5.0,Family_Man
44,7012,4.303797223055667,Family_Man
44,3702,5.0,Family_Man
44,1194,1.2248893072951565,Family_Man
44,9527,4.327790904579172,Family_Man
44,3566,4.020430933314436,Family_Man
44,5855,5.0,Family_Man
44,3022,3.310408963226679,Family_Man
44,3661,5.0,Family_Man
44,9082,2.6261397540895706,Family_Man
44,7251,4.826200085015456,Family_Man
44,1129,3.688977807358084,Family_Man
44,5809,4.719632295799064,Family_Man
44,5939,3.9367212912494804,Family_Man
44,3978,3.9988852456783404,Family_Man
44,4830,2.760276999984572,Family_Man
44,1677,4.577240710095261,Family_Man
44,5226,3.49441348844924,Family_Man
44,5112,4.0694952916464535,Family_Man
44,3774,4.677251655798734,Family_Man
44,7475,5.0,Family_Man
45,5476,2.525044585081376,Family_Man
45,312,3.7066101961974782,Family_Man
45,1913,4.703079562603085,Family_Man
45,758,5.0,Family_Man
45,7196,4.457549068931404,Family_Man
45,4308,5.0,Family_Man
45,8856,4.715791068918396,Family_Man
45,9342,3.381669886624827,Family_Man
45,616,3.0852034619198485,Family_Man
45,3161,4.878605022650865,Family_Man
45,9614,2.584580462723904,Family_Man
45,5059,4.106710988565765,Family_Man
45,6702,3.5705312266421947,Family_Man
45,1001,4.274776703665911,Family_Man
45,3082,5.0,Family_Man
45,2735,4.599526521753941,Family_Man
45,8092,4.081339849039803,Family_Man
46,374,3.102614348003564,Family_Man
46,1849,2.5109865001431024,Family_Man
46,7225,4.7515694366926375,Family_Man
46,3235,4.451316988202873,Family_Man
46,5011,5.0,Family_Man
46,5179,5.0,Family_Man
46,4668,3.909606848066397,Family_Man
46,6646,2.8875069598497363,Family_Man
46,7653,3.189277314794887,Family_Man
46,1446,3.294824581443576,Family_Man
46,2477,4.862167496805487,Family_Man
46,7251,4.585238759872505,Family_Man
46,450,4.627821284649568,Family_Man
46,2428,2.6663108861559186,Family_Man
46,1070,4.015310689433361,Family_Man
46,1969,4.9220882225608875,Family_Man
46,1629,3.9876311767629855,Family_Man
46,4661,4.132368630599663,Family_Man
46,7051,4.567111838794395,Family_Man
47,1496,3.9601627826789807,Budget_Student
47,9161,4.740662245316233,Budget_Student
47,878,2.9695616443115656,Budget_Student
47,4779,3.4200482963961716,Budget_Student
47,5562,4.665873383121636,Budget_Student
47,2679,2.290662405502383,Budget_Student
47,3957,5.0,Budget_Student
47,4504,3.0269319446072385,Budget_Student
47,7627,3.02871192136221,Budget_Student
47,202,3.2127571060185485,Budget_Student
47,3864,4.567762924040094,Budget_Student
47,7646,1.058223372794654,Budget_Student
47,54,5.0,Budget_Student
47,3289,5.0,Budget_Student
47,10051,5.0,Budget_Student
47,9702,3.47014050142728,Budget_Student
47,5817,3.6211090209522823,Budget_Student
47,4220,3.661883280979664,Budget_Student
47,6839,3.6668977337827795,Budget_Student
48,3154,1.9408572695914987,Budget_Student
48,7716,4.71933058833027,Budget_Student
48,8190,1.8398493506821856,Budget_Student
48,5285,2.998345045794923,Budget_Student
48,4988,2.545612827171412,Budget_Student
48,4254,2.7357437331754624,Budget_Student
48,9730,3.188002490047332,Budget_Student
48,7630,2.599230885486971,Budget_Student
48,1357,2.9864331031102878,Budget_Student
48,1077,1.4626838014616026,Budget_Student
48,8408,3.114572484516791,Budget_Student
48,457,2.6818671175246176,Budget_Student
48,2894,1.0978957493952333,Budget_Student
48,9707,3.2548825385617004,Budget_Student
48,4444,1.2031051023225094,Budget_Student
48,5662,3.355536700503839,Budget_Student
48,9734,3.499273780884881,Budget_Student
49,4481,2.2101045328070557,Luxury_Boss
49,3339,2.132316441979384,Luxury_Boss
49,918,1.8826899779392838,Luxury_Boss
49,1680,5.0,Luxury_Boss
49,9825,2.2843257129204404,Luxury_Boss
49,1210,1.5073450117274596,Luxury_Boss
49,6766,1.528096509997666,Luxury_Boss
49,10032,1.7183388856456032,Luxury_Boss
49,8928,2.792842355389496,Luxury_Boss
49,10282,2.1824009873811567,Luxury_Boss
49,7762,1.9149198843100634,Luxury_Boss
49,4914,1.9056568091293973,Luxury_Boss
49,765,2.4972598969922934,Luxury_Boss
49,10260,1.9339155232623477,Luxury_Boss
49,7258,3.7408291073154505,Luxury_Boss
50,4645,3.1790907230000784,Budget_Student
50,6958,2.5306398463704904,Budget_Student
50,7100,2.917442731419431,Budget_Student
50,3042,5.0,Budget_Student
50,10052,5.0,Budget_Student
50,7087,2.746280165011593,Budget_Student
50,9726,3.95535491571903,Budget_Student
50,4953,5.0,Budget_Student
50,6442,5.0,Budget_Student
50,9262,5.0,Budget_Student
50,5622,3.983852347216744,Budget_Student
50,1528,1.4528786531914655,Budget_Student
50,9152,3.0832572828096945,Budget_Student
50,3816,3.7918724402128747,Budget_Student
50,7400,1.1716097157327856,Budget_Student
50,8155,2.5241389235572345,Budget_Student
50,8669,2.8248169373082703,Budget_Student
50,7507,2.599456087697928,Budget_Student
50,1809,4.330038771375322,Budget_Student
50,9920,3.0501086350315147,Budget_Student
50,8638,3.1181067675875385,Budget_Student
50,5555,3.4285902819802825,Budget_Student
50,2867,5.0,Budget_Student
50,4832,5.0,Budget_Student
51,7965,2.2483996240317166,Speed_Racer
51,7153,4.766944572246953,Speed_Racer
51,5849,1.6838107505809448,Speed_Racer
51,4189,2.446135557430548,Speed_Racer
51,2818,3.0019539081446447,Speed_Racer
51,8832,4.148592427205312,Speed_Racer
51,6561,2.886613563447386,Speed_Racer
51,546,3.098514232294569,Speed_Racer
51,6394,4.256105385438147,Speed_Racer
51,9216,2.5801295246786853,Speed_Racer
51,4482,3.3957550877975953,Speed_Racer
51,8025,2.8931599230468668,Speed_Racer
51,2957,2.9784002008604142,Speed_Racer
51,9930,3.948729288112103,Speed_Racer
51,6039,4.05932380578819,Speed_Racer
51,8983,5.0,Speed_Racer
51,8667,4.269957737629969,Speed_Racer
52,1093,4.7740769209228775,Family_Man
52,1593,5.0,Family_Man
52,8727,4.057903954692624,Family_Man
52,1120,4.237586156173948,Family_Man
52,7839,1.9585830072746275,Family_Man
52,9693,4.203997698134975,Family_Man
52,8725,4.191739933869014,Family_Man
52,6279,4.703150959254605,Family_Man
52,5586,4.068183035280936,Family_Man
52,9842,4.332993160562105,Family_Man
52,4698,5.0,Family_Man
52,8091,3.883794685666455,Family_Man
52,5573,4.854841891970847,Family_Man
52,2716,4.121684741842362,Family_Man
52,8076,2.9057118079937325,Family_Man
52,717,3.441047348918506,Family_Man
52,4500,2.878566758981924,Family_Man
52,5715,4.372390033638425,Family_Man
52,7247,1.794534560748998,Family_Man
52,3620,4.6026657888644085,Family_Man
52,7744,4.47478156775993,Family_Man
52,62,3.2868261517156436,Family_Man
53,8401,4.673753594476516,Family_Man
53,9244,4.879619073656977,Family_Man
53,6636,3.1418783639316525,Family_Man
53,7343,3.2430641991871862,Family_Man
53,4012,5.0,Family_Man
53,10280,4.729184366453401,Family_Man
53,7193,5.0,Family_Man
53,9380,4.429423337667933,Family_Man
53,4505,5.0,Family_Man
53,9643,2.8117208605670734,Family_Man
53,2150,5.0,Family_Man
53,5220,4.230118385874235,Family_Man
53,9163,4.069512970709789,Family_Man
53,566,2.567283706986255,Family_Man
53,6491,3.3666016875902858,Family_Man
53,6602,4.648359245681035,Family_Man
53,2816,4.285181176119989,Family_Man
53,7428,4.112978474201836,Family_Man
53,4403,2.80639060069421,Family_Man
53,433,5.0,Family_Man
53,289,3.512167866293861,Family_Man
54,1415,2.822876017207994,Eco_Warrior
54,1530,4.085948606594315,Eco_Warrior
54,10159,3.3402314064540537,Eco_Warrior
54,4062,1.0,Eco_Warrior
54,6210,3.4442985865886815,Eco_Warrior
54,6022,2.804812834709553,Eco_Warrior
54,1807,2.6201762105313207,Eco_Warrior
54,9893,2.648569931188225,Eco_Warrior
54,3249,1.0,Eco_Warrior
54,7017,2.931122662977408,Eco_Warrior
54,6903,2.6668560508646713,Eco_Warrior
54,5901,3.3542388401527816,Eco_Warrior
54,3397,1.0,Eco_Warrior
54,5866,2.6360611017419764,Eco_Warrior
54,257,1.0,Eco_Warrior
55,848,4.208430136993478,Family_Man
55,3062,5.0,Family_Man
55,662,4.102249332380318,Family_Man
55,5376,4.004426639617241,Family_Man
55,2852,4.605473850345117,Family_Man
55,7958,3.1860208677701936,Family_Man
55,8104,5.0,Family_Man
55,9613,3.6636062318974996,Family_Man
55,5454,3.0435985556269123,Family_Man
55,332,4.211586049942355,Family_Man
55,2510,4.893065410577803,Family_Man
55,552,4.159597871267838,Family_Man
55,1699,5.0,Family_Man
55,860,4.032818327146709,Family_Man
55,1692,2.656193877968053,Family_Man
55,9786,1.255926716535726,Family_Man
55,5266,2.991319382011842,Family_Man
55,1232,2.525271423278568,Family_Man
55,313,4.382082267312215,Family_Man
55,2044,4.677031999042657,Family_Man
55,7229,2.948283756529592,Family_Man
55,1199,2.6443721639888986,Family_Man
55,6237,4.844329508748592,Family_Man
56,7434,2.8297464426506327,Budget_Student
56,51,5.0,Budget_Student
56,3997,2.937134955816453,Budget_Student
56,4855,5.0,Budget_Student
56,7146,3.1274022597839846,Budget_Student
56,4444,1.4186983684641254,Budget_Student
56,2247,3.1454865917481545,Budget_Student
56,1128,5.0,Budget_Student
56,3423,4.633016177140184,Budget_Student
56,994,1.457856987130014,Budget_Student
56,5334,3.7443451484806616,Budget_Student
56,5414,3.4645614067763852,Budget_Student
56,2800,3.1306573995325646,Budget_Student
56,139,3.7127539385512094,Budget_Student
56,5864,3.1995737796487296,Budget_Student
56,7453,3.349899747229653,Budget_Student
56,1947,5.0,Budget_Student
56,9928,5.0,Budget_Student
57,9638,2.498459838052956,Luxury_Boss
57,6500,1.6335849077327602,Luxury_Boss
57,7339,2.2987940581733484,Luxury_Boss
57,7940,2.0271013478021604,Luxury_Boss
57,5461,1.7082867023164368,Luxury_Boss
57,5558,2.2495243502604096,Luxury_Boss
57,7612,1.9856613073633733,Luxury_Boss
57,6014,2.351370141391483,Luxury_Boss
57,8237,1.833322344671997,Luxury_Boss
57,3983,2.2806319178634396,Luxury_Boss
57,7949,1.9820478739098488,Luxury_Boss
57,6506,1.8750684986969741,Luxury_Boss
57,7137,2.213990727476918,Luxury_Boss
57,6012,2.964110985956453,Luxury_Boss
57,4308,3.0079423257739215,Luxury_Boss
57,8504,3.168934630506,Luxury_Boss
57,6337,1.9943041126463332,Luxury_Boss
57,1811,1.8221965911100573,Luxury_Boss
58,6750,2.1458200139454378,Speed_Racer
58,9159,2.619761502513468,Speed_Racer
58,4938,3.873335583503573,Speed_Racer
58,9118,3.132656200335047,Speed_Racer
58,5670,4.516342435451404,Speed_Racer
58,3751,2.995702624526498,Speed_Racer
58,2921,5.0,Speed_Racer
58,5069,3.9075708303291035,Speed_Racer
58,3509,3.8520560384473073,Speed_Racer
58,3958,2.892711644452515,Speed_Racer
58,8157,4.219341073099232,Speed_Racer
58,5412,2.663162870585887,Speed_Racer
58,8921,2.736722401646649,Speed_Racer
58,8909,2.8093573399180487,Speed_Racer
58,132,2.863894147080263,Speed_Racer
58,2565,2.7373828220650847,Speed_Racer
58,2997,2.0748462052604366,Speed_Racer
58,4280,3.9822023209852677,Speed_Racer
58,991,2.599285284304511,Speed_Racer
59,5560,5.0,Budget_Student
59,3743,1.9164204530708033,Budget_Student
59,3502,3.5510025110114416,Budget_Student
59,9078,3.020414966124341,Budget_Student
59,7878,2.743005692642661,Budget_Student
59,5854,3.8785734491929817,Budget_Student
59,8863,3.029913087278988,Budget_Student
59,9741,5.0,Budget_Student
59,6882,2.722074731957466,Budget_Student
59,2552,5.0,Budget_Student
59,6429,3.4547519868569934,Budget_Student
59,7677,3.5637153520433866,Budget_Student
59,9683,3.3934237913075105,Budget_Student
59,319,5.0,Budget_Student
59,5144,1.0629599888438683,Budget_Student
59,7207,1.2343927120243796,Budget_Student
59,4130,4.713946677168639,Budget_Student
59,9214,3.6583581862509833,Budget_Student
59,297,5.0,Budget_Student
59,6488,3.8303001642687127,Budget_Student
59,4818,3.8942079114351777,Budget_Student
59,2907,3.145386964894316,Budget_Student
59,2467,3.460784736074465,Budget_Student
59,92,2.815575824142683,Budget_Student
60,6284,2.695092329311753,Budget_Student
60,5316,3.132161959459373,Budget_Student
60,5931,4.7586705482302625,Budget_Student
60,1177,5.0,Budget_Student
60,7535,3.124460576240879,Budget_Student
60,1624,3.4278369928238503,Budget_Student
60,7995,3.592658149857919,Budget_Student
60,3963,3.726146080867618,Budget_Student
60,3996,5.0,Budget_Student
60,9008,5.0,Budget_Student
60,9889,2.5022690399689655,Budget_Student
60,6061,5.0,Budget_Student
60,1317,4.79328028106095,Budget_Student
60,5545,3.1029335729669043,Budget_Student
60,1661,1.3712802773722275,Budget_Student
61,407,4.768736045225616,Family_Man
61,1977,4.318250613430469,Family_Man
61,6785,5.0,Family_Man
61,3594,2.8753184079747425,Family_Man
61,5523,5.0,Family_Man
61,7950,5.0,Family_Man
61,8729,4.299185528032732,Family_Man
61,141,5.0,Family_Man
61,3328,5.0,Family_Man
61,10272,3.582576483273101,Family_Man
61,10281,5.0,Family_Man
61,2733,4.118690386237058,Family_Man
61,8135,5.0,Family_Man
61,4282,5.0,Family_Man
61,7568,4.187482658242181,Family_Man
61,3824,5.0,Family_Man
61,5668,5.0,Family_Man
61,5905,4.6097498223993965,Family_Man
62,4838,2.3530344595178176,Speed_Racer
62,3190,4.8422900156296915,Speed_Racer
62,9051,4.391722882925786,Speed_Racer
62,9573,2.8345533472443076,Speed_Racer
62,4134,2.0596518411809073,Speed_Racer
62,8482,2.8033016322694615,Speed_Racer
62,2798,3.0815820767680124,Speed_Racer
62,1742,3.3719438257563534,Speed_Racer
62,6376,3.1539417753597783,Speed_Racer
62,8790,4.255757266695632,Speed_Racer
62,5360,2.915313582301246,Speed_Racer
62,6430,2.8900595339307906,Speed_Racer
62,4653,2.5491033346637826,Speed_Racer
62,6069,2.779721872378264,Speed_Racer
62,10053,2.865758995164941,Speed_Racer
62,720,3.11977191694402,Speed_Racer
62,3092,5.0,Speed_Racer
62,1404,3.1615991673641526,Speed_Racer
62,158,2.858994716342998,Speed_Racer
63,7001,5.0,Budget_Student
63,3390,2.889717519560024,Budget_Student
63,3784,2.6660214947700385,Budget_Student
63,5580,5.0,Budget_Student
63,757,5.0,Budget_Student
63,10129,3.0353251226234423,Budget_Student
63,5487,2.5755667342614554,Budget_Student
63,7269,3.3616774760260517,Budget_Student
63,8756,5.0,Budget_Student
63,7404,3.463778864174859,Budget_Student
63,3736,2.858210125645466,Budget_Student
63,8171,2.8140747496464327,Budget_Student
63,6833,4.859628532581355,Budget_Student
63,4242,5.0,Budget_Student
63,9588,5.0,Budget_Student
63,3316,3.090767281829042,Budget_Student
63,5687,2.8496334637987255,Budget_Student
64,10194,4.4547374833620985,Family_Man
64,2905,4.296458246567465,Family_Man
64,8847,2.708501123817406,Family_Man
64,9620,4.372792602640614,Family_Man
64,3741,5.0,Family_Man
64,9251,3.7128687069176918,Family_Man
64,8925,4.515918197106713,Family_Man
64,894,2.7770077725441222,Family_Man
64,3508,5.0,Family_Man
64,687,3.164595821950552,Family_Man
64,2311,4.2006153916164255,Family_Man
64,7772,4.169508078051672,Family_Man
64,2547,3.0277946284289516,Family_Man
64,3563,4.378827979838629,Family_Man
64,553,5.0,Family_Man
64,1401,2.8214872569044154,Family_Man
64,87,4.5676887949654095,Family_Man
64,3149,5.0,Family_Man
64,6878,2.8350528983571524,Family_Man
64,1117,4.710099033756807,Family_Man
65,5382,5.0,Budget_Student
65,5280,3.1623274877246077,Budget_Student
65,3424,2.5662627871284345,Budget_Student
65,6642,3.6425108370553376,Budget_Student
65,6619,2.9783216578017018,Budget_Student
65,3567,3.0158647539944954,Budget_Student
65,5136,3.747948763281209,Budget_Student
65,1624,3.2029607216248097,Budget_Student
65,9507,3.3425289215405156,Budget_Student
65,7119,3.324364357375107,Budget_Student
65,903,3.381096498813073,Budget_Student
65,4802,3.361968622360089,Budget_Student
65,3879,5.0,Budget_Student
65,823,3.072507870430213,Budget_Student
65,1225,2.759446397899198,Budget_Student
65,7767,2.5263119813219728,Budget_Student
66,2503,1.0,Eco_Warrior
66,9938,2.698996363077877,Eco_Warrior
66,2719,2.6003820660029335,Eco_Warrior
66,7053,2.976000439566845,Eco_Warrior
66,7711,1.0088096784983358,Eco_Warrior
66,8512,2.5016783169249095,Eco_Warrior
66,4688,2.7082051687876527,Eco_Warrior
66,7895,1.2396326152526882,Eco_Warrior
66,4990,4.346050808788731,Eco_Warrior
66,1170,3.128467236403707,Eco_Warrior
66,6464,4.210057495839556,Eco_Warrior
66,8528,3.478411336633962,Eco_Warrior
66,5838,3.4769409796112996,Eco_Warrior
66,3891,2.6358619201274323,Eco_Warrior
66,9700,2.511801816680101,Eco_Warrior
66,4010,2.8708149073129645,Eco_Warrior
66,4293,3.151346628979645,Eco_Warrior
66,10104,3.0375429599634653,Eco_Warrior
66,8467,2.597688550843161,Eco_Warrior
66,553,1.0,Eco_Warrior
66,1820,3.0509656031754515,Eco_Warrior
66,2420,3.479250399554091,Eco_Warrior
66,2634,2.923401355892536,Eco_Warrior
66,1109,1.4692013134442623,Eco_Warrior
67,9175,4.53948420846292,Family_Man
67,4795,4.745292583496171,Family_Man
67,9626,4.78981578539241,Family_Man
67,5741,4.338150755713548,Family_Man
67,1858,2.6973999655640455,Family_Man
67,541,4.990121930627886,Family_Man
67,4722,4.733231194957324,Family_Man
67,6515,5.0,Family_Man
67,720,4.496207989132589,Family_Man
67,4186,4.8058956958281165,Family_Man
67,2689,5.0,Family_Man
67,3939,5.0,Family_Man
67,8637,3.3913574007082663,Family_Man
67,6520,4.783372856225761,Family_Man
67,9717,4.05955501706405,Family_Man
67,5734,4.589872457968801,Family_Man
67,3618,2.6553106132893536,Family_Man
68,8278,4.462879131368094,Family_Man
68,9146,4.81187093042157,Family_Man
68,2729,4.2755570323233565,Family_Man
68,2420,3.831375441376288,Family_Man
68,706,3.8850068947019833,Family_Man
68,684,4.363370721218247,Family_Man
68,1513,4.1602790076205665,Family_Man
68,5944,2.667169590016455,Family_Man
68,3190,4.743387990122712,Family_Man
68,1576,4.095177873197003,Family_Man
68,2429,4.201631956109086,Family_Man
68,9319,3.071449620651271,Family_Man
68,4120,5.0,Family_Man
68,6580,4.598457585208759,Family_Man
68,4148,5.0,Family_Man
68,3415,5.0,Family_Man
68,1204,3.351404015548024,Family_Man
68,16,5.0,Family_Man
68,105,3.668151757800674,Family_Man
68,4483,5.0,Family_Man
68,5649,4.510441441685636,Family_Man
68,2122,3.7933704154086767,Family_Man
68,5345,4.938199897612778,Family_Man
69,3975,1.0,Budget_Student
69,3161,2.943870257585406,Budget_Student
69,1927,4.633251980149024,Budget_Student
69,8096,3.959220289804574,Budget_Student
69,8809,1.42742477141731,Budget_Student
69,4797,5.0,Budget_Student
69,883,3.2236824844734797,Budget_Student
69,302,1.6952886784876458,Budget_Student
69,9786,3.0566906410286467,Budget_Student
69,3769,5.0,Budget_Student
69,8060,5.0,Budget_Student
69,1759,3.1961425564910924,Budget_Student
69,3450,3.4124376206179177,Budget_Student
69,5137,3.0435173515343763,Budget_Student
69,6947,4.751518600587809,Budget_Student
69,2895,3.205427510005199,Budget_Student
69,5271,5.0,Budget_Student
69,8274,1.2816028169525024,Budget_Student
69,557,1.719869826049139,Budget_Student
69,7567,5.0,Budget_Student
69,5359,5.0,Budget_Student
69,1668,5.0,Budget_Student
70,3452,3.6845055372808795,Luxury_Boss
70,5880,2.109292520252298,Luxury_Boss
70,7581,1.534538425341126,Luxury_Boss
70,9488,1.7125709784021073,Luxury_Boss
70,3533,2.237904945846666,Luxury_Boss
70,4313,1.5388007657199418,Luxury_Boss
70,4362,2.4248113522406527,Luxury_Boss
70,3874,1.5743422473115931,Luxury_Boss
70,2669,1.7100108612451397,Luxury_Boss
70,3863,2.4265917426992605,Luxury_Boss
70,5558,2.3644705048612753,Luxury_Boss
70,7714,3.446301605582949,Luxury_Boss
70,858,2.214186046149367,Luxury_Boss
70,1917,1.7582601742953239,Luxury_Boss
70,2720,1.857944534412794,Luxury_Boss
70,7130,2.103370040743971,Luxury_Boss
71,5560,4.989293524272353,Budget_Student
71,8905,5.0,Budget_Student
71,4441,3.0557290230428253,Budget_Student
71,5411,5.0,Budget_Student
71,6569,5.0,Budget_Student
71,7951,3.12195813376867,Budget_Student
71,3820,5.0,Budget_Student
71,4022,5.0,Budget_Student
71,6406,3.7881539332228997,Budget_Student
71,8329,4.9565014644957515,Budget_Student
71,4070,3.8760463341738696,Budget_Student
71,2628,1.3479272798720574,Budget_Student
71,8791,3.112030334047375,Budget_Student
71,5645,3.303084325059506,Budget_Student
71,7767,2.736848738671421,Budget_Student
72,6952,3.498931780524419,Eco_Warrior
72,4896,1.0,Eco_Warrior
72,7066,1.0,Eco_Warrior
72,8743,1.6819484880473943,Eco_Warrior
72,7943,3.3136422469060696,Eco_Warrior
72,4394,3.2066747350686895,Eco_Warrior
72,1997,2.90158622928123,Eco_Warrior
72,9776,3.201318551573018,Eco_Warrior
72,1740,3.222126046982359,Eco_Warrior
72,6959,2.811791840277172,Eco_Warrior
72,9272,1.0,Eco_Warrior
72,1937,3.2619383118530223,Eco_Warrior
72,5324,3.344845523204135,Eco_Warrior
72,3617,3.3486901294068767,Eco_Warrior
72,3488,1.0139111032750148,Eco_Warrior
72,935,3.0305395397007535,Eco_Warrior
72,6533,1.0,Eco_Warrior
72,7383,1.4404817176883244,Eco_Warrior
72,5163,3.21238956258509,Eco_Warrior
72,1275,3.190704905923033,Eco_Warrior
72,1088,2.853092976317972,Eco_Warrior
73,746,1.9693099606901363,Luxury_Boss
73,6520,1.543759327210335,Luxury_Boss
73,1555,2.120970603995497,Luxury_Boss
73,195,2.584165636759599,Luxury_Boss
73,4954,4.338741138767269,Luxury_Boss
73,3290,3.927512266813707,Luxury_Boss
73,7433,2.015100761893731,Luxury_Boss
73,9165,2.081097649544999,Luxury_Boss
73,12,1.6330705331492434,Luxury_Boss
73,3235,2.3421886225876927,Luxury_Boss
73,7437,1.5764744433824656,Luxury_Boss
73,8844,1.766267500473686,Luxury_Boss
73,445,2.218823253662282,Luxury_Boss
73,9639,2.0028374382163117,Luxury_Boss
73,5108,1.9661830626113168,Luxury_Boss
73,10107,2.305489789478146,Luxury_Boss
73,2964,3.830790336338157,Luxury_Boss
73,2131,2.041106086391467,Luxury_Boss
73,4588,1.677740438697666,Luxury_Boss
73,6029,2.1208902074211236,Luxury_Boss
73,6362,3.159451377822755,Luxury_Boss
73,7641,2.34128481915597,Luxury_Boss
74,1784,1.873654633587584,Eco_Warrior
74,6893,2.991564140432443,Eco_Warrior
74,48,1.0,Eco_Warrior
74,3581,2.528606223166674,Eco_Warrior
74,4707,2.3851166441276046,Eco_Warrior
74,7974,3.3885419082986177,Eco_Warrior
74,6119,2.7425439644350353,Eco_Warrior
74,1828,1.0659427073005319,Eco_Warrior
74,1152,1.9364136633615474,Eco_Warrior
74,949,2.6169484937830085,Eco_Warrior
74,10250,2.500186910259623,Eco_Warrior
74,297,1.026919076326386,Eco_Warrior
74,5958,1.0,Eco_Warrior
74,5102,3.0548662748379996,Eco_Warrior
74,2690,3.134945253059081,Eco_Warrior
74,7698,1.104856794394035,Eco_Warrior
74,9000,1.0,Eco_Warrior
74,9775,1.0,Eco_Warrior
74,5713,1.0,Eco_Warrior
74,404,3.444180991908842,Eco_Warrior
75,6945,3.447867916348653,Eco_Warrior
75,7164,2.8903968366938066,Eco_Warrior
75,2679,1.0,Eco_Warrior
75,6548,2.7120070409133703,Eco_Warrior
75,8885,3.199946191003338,Eco_Warrior
75,8602,3.140027880005124,Eco_Warrior
75,8024,2.5652160954889194,Eco_Warrior
75,9624,3.1153681798519237,Eco_Warrior
75,6175,1.283747923270932,Eco_Warrior
75,3594,1.2444184494450101,Eco_Warrior
75,3878,2.659524044654953,Eco_Warrior
75,6620,1.0,Eco_Warrior
75,4289,3.8963511159099267,Eco_Warrior
75,7580,2.689775219951144,Eco_Warrior
75,1694,3.318622023632289,Eco_Warrior
75,1682,3.394414681867905,Eco_Warrior
75,6171,1.6326314103475776,Eco_Warrior
75,4688,3.3063740852702326,Eco_Warrior
75,1158,2.7480965262360204,Eco_Warrior
75,2260,1.20461752140837,Eco_Warrior
75,5902,2.91747384521246,Eco_Warrior
76,2556,1.0,Budget_Student
76,677,3.396564718326384,Budget_Student
76,2219,3.1054350377780375,Budget_Student
76,6083,4.028863550249328,Budget_Student
76,8830,3.455128102092035,Budget_Student
76,3084,4.410986361221361,Budget_Student
76,3355,2.9084383379399554,Budget_Student
76,10129,3.9130394810392377,Budget_Student
76,4294,3.353009308039691,Budget_Student
76,1992,3.291471863912102,Budget_Student
76,4344,1.2665416959240625,Budget_Student
76,550,2.7231696108393777,Budget_Student
76,2361,3.2005947098813925,Budget_Student
76,3853,1.807272991471446,Budget_Student
76,1974,3.6482924883755237,Budget_Student
76,8838,3.2306083651280355,Budget_Student
77,1203,3.1943734836864697,Luxury_Boss
77,9348,2.0866339961484273,Luxury_Boss
77,6150,2.022989146632282,Luxury_Boss
77,4982,2.405808421414722,Luxury_Boss
77,1508,1.604270981603828,Luxury_Boss
77,1354,1.903776292143384,Luxury_Boss
77,1143,2.45040653486664,Luxury_Boss
77,5558,2.4856162698392743,Luxury_Boss
77,9450,2.0057575818080973,Luxury_Boss
77,5518,2.833812914130662,Luxury_Boss
77,9808,2.408750699071189,Luxury_Boss
77,1528,3.849227960282648,Luxury_Boss
77,3235,1.8636509371294907,Luxury_Boss
77,9004,2.0710302462535863,Luxury_Boss
77,5879,2.129325007863451,Luxury_Boss
77,7166,2.1562063777017992,Luxury_Boss
78,7707,2.0796965895749007,Luxury_Boss
78,374,2.1587056866300687,Luxury_Boss
78,1639,2.290356147336168,Luxury_Boss
78,101,4.469910362470229,Luxury_Boss
78,3688,1.5884114416144786,Luxury_Boss
78,4073,2.2114968298433304,Luxury_Boss
78,3365,2.011279073342763,Luxury_Boss
78,3711,2.0417593853246156,Luxury_Boss
78,4704,2.1908329885990763,Luxury_Boss
78,5385,2.1794070370668255,Luxury_Boss
78,7782,1.928101178544841,Luxury_Boss
78,7664,2.0494689964229638,Luxury_Boss
78,150,1.7037869001120647,Luxury_Boss
78,4086,3.135424051124427,Luxury_Boss
78,4688,2.2536679519582683,Luxury_Boss
78,8146,1.9578179537575202,Luxury_Boss
79,1851,4.401247964648377,Family_Man
79,1385,3.8669543596899154,Family_Man
79,2443,4.2956028521998135,Family_Man
79,2031,5.0,Family_Man
79,2791,4.659793385451957,Family_Man
79,9210,4.5463280793016825,Family_Man
79,783,3.6027755492765463,Family_Man
79,8657,4.414542772418777,Family_Man
79,5949,4.3148856011741765,Family_Man
79,2770,4.236426683190378,Family_Man
79,4869,5.0,Family_Man
79,2879,1.0468315531537495,Family_Man
79,2733,4.657175732035171,Family_Man
79,6599,4.431718804166634,Family_Man
79,528,3.7233637747204695,Family_Man
79,4219,4.446170759184244,Family_Man
79,9148,5.0,Family_Man
79,8928,4.549617322597636,Family_Man
79,3621,4.42817836737383,Family_Man
80,568,4.769117249814305,Speed_Racer
80,7453,3.8548630363928167,Speed_Racer
80,6996,4.71288825079006,Speed_Racer
80,9043,5.0,Speed_Racer
80,5546,5.0,Speed_Racer
80,7265,2.472723733731716,Speed_Racer
80,1432,5.0,Speed_Racer
80,5000,3.830193533509849,Speed_Racer
80,2918,3.6901219126585194,Speed_Racer
80,801,3.307127822203732,Speed_Racer
80,1390,2.8361019328948878,Speed_Racer
80,593,2.710440647199799,Speed_Racer
80,6689,2.7606846897848234,Speed_Racer
80,7465,5.0,Speed_Racer
80,370,2.4422831346433886,Speed_Racer
80,7894,3.21380934678601,Speed_Racer
80,7344,3.0614484368229347,Speed_Racer
80,5141,2.6199901434185113,Speed_Racer
80,5381,2.684197400186461,Speed_Racer
80,5804,1.7575067751578324,Speed_Racer
81,5165,4.693842173716286,Budget_Student
81,9721,3.3434939621954465,Budget_Student
81,4540,4.96633704479749,Budget_Student
81,8500,1.9957249672910367,Budget_Student
81,9664,5.0,Budget_Student
81,6486,3.6540156917038065,Budget_Student
81,4795,4.514852584136649,Budget_Student
81,5095,5.0,Budget_Student
81,9682,2.7874783363915485,Budget_Student
81,3772,5.0,Budget_Student
81,2528,5.0,Budget_Student
81,9378,3.3319269588361164,Budget_Student
81,9086,3.6295463693025023,Budget_Student
81,4779,2.9996164418197537,Budget_Student
81,3009,1.8760734700001147,Budget_Student
81,1063,2.6545539026171032,Budget_Student
81,7794,4.9139152889814355,Budget_Student
81,688,4.712602215643863,Budget_Student
81,9112,4.981162963392988,Budget_Student
81,5312,5.0,Budget_Student
81,9991,1.861926544440113,Budget_Student
82,9200,1.6812942322010627,Speed_Racer
82,8641,3.181713212066561,Speed_Racer
82,4502,4.239576723786709,Speed_Racer
82,120,2.5992915541222246,Speed_Racer
82,5435,3.0830045506917356,Speed_Racer
82,5045,3.133090433932233,Speed_Racer
82,3738,3.894187301105224,Speed_Racer
82,8741,2.9763634962173113,Speed_Racer
82,1914,2.5755945736927215,Speed_Racer
82,467,3.489142874005632,Speed_Racer
82,6315,1.5204035563938505,Speed_Racer
82,5566,2.895942092902345,Speed_Racer
82,1741,3.7615084298150077,Speed_Racer
82,6541,4.134123613865364,Speed_Racer
82,7607,2.6662432195536416,Speed_Racer
82,8020,2.8146232066010612,Speed_Racer
82,5350,4.79911986215283,Speed_Racer
82,1896,2.965861063760861,Speed_Racer
82,6330,2.830882868059095,Speed_Racer
82,7818,2.768478842299543,Speed_Racer
82,990,1.8346974494427175,Speed_Racer
83,3907,2.764045563647469,Budget_Student
83,4722,3.330674529190275,Budget_Student
83,1821,5.0,Budget_Student
83,5374,5.0,Budget_Student
83,2472,3.4896861045279524,Budget_Student
83,6614,3.045426540954956,Budget_Student
83,3521,3.3776019398688493,Budget_Student
83,9596,3.3477170216120995,Budget_Student
83,8339,3.3944381765789755,Budget_Student
83,8848,3.1869136956175805,Budget_Student
83,7803,3.1866855574046378,Budget_Student
83,8902,3.1918970280634213,Budget_Student
83,1469,5.0,Budget_Student
83,5884,3.2132893680206243,Budget_Student
83,4376,3.0543880658091243,Budget_Student
83,10127,1.0162893001637046,Budget_Student
83,3759,3.4662253028662136,Budget_Student
83,2284,3.519066471208448,Budget_Student
83,8685,1.9462459093991864,Budget_Student
83,7196,1.0,Budget_Student
84,6122,2.5741563714710924,Luxury_Boss
84,6294,2.2149319840876425,Luxury_Boss
84,6032,1.9339157933342763,Luxury_Boss
84,6969,3.924487004280924,Luxury_Boss
84,5910,3.2627219737856157,Luxury_Boss
84,8044,1.7584229428429015,Luxury_Boss
84,4002,1.9920952089284245,Luxury_Boss
84,4509,1.846652608895647,Luxury_Boss
84,9591,2.0322300015629784,Luxury_Boss
84,1258,1.6694505034943816,Luxury_Boss
84,887,2.5310589087267763,Luxury_Boss
84,959,1.9436249948763837,Luxury_Boss
84,5035,1.7333888802352693,Luxury_Boss
84,4309,3.2102922887232825,Luxury_Boss
84,3721,2.4086998974181433,Luxury_Boss
84,8780,4.534323082177707,Luxury_Boss
84,8782,3.6780358143807774,Luxury_Boss
84,5065,2.125082078834641,Luxury_Boss
84,1790,5.0,Luxury_Boss
84,3906,3.940540285884229,Luxury_Boss
84,6586,2.3422456142133528,Luxury_Boss
84,1351,2.1909135720962136,Luxury_Boss
85,7821,1.543690577828147,Luxury_Boss
85,1823,2.379907279515483,Luxury_Boss
85,3103,1.733099141084628,Luxury_Boss
85,10272,5.0,Luxury_Boss
85,6119,2.340133699029776,Luxury_Boss
85,8927,1.7511475646456662,Luxury_Boss
85,6033,1.9627248538791229,Luxury_Boss
85,9376,1.7776514155825658,Luxury_Boss
85,6934,3.31569883860531,Luxury_Boss
85,221,2.077332948244817,Luxury_Boss
85,9171,3.4577939249083816,Luxury_Boss
85,2977,5.0,Luxury_Boss
85,317,2.144348782886831,Luxury_Boss
85,1716,1.8373296106177148,Luxury_Boss
85,5858,2.2565961957884864,Luxury_Boss
85,65,2.4719189051218313,Luxury_Boss
85,7037,1.7469191175878067,Luxury_Boss
85,3519,1.7254454292310184,Luxury_Boss
85,7908,2.373239207711426,Luxury_Boss
85,9833,3.255549858434907,Luxury_Boss
86,8696,2.7800271313688127,Speed_Racer
86,3232,1.6196348010526065,Speed_Racer
86,706,2.951577134686716,Speed_Racer
86,7863,2.5271714193043495,Speed_Racer
86,445,2.987887432254163,Speed_Racer
86,6469,2.054186244850505,Speed_Racer
86,10290,3.5677189518697823,Speed_Racer
86,9389,4.1028543777247215,Speed_Racer
86,775,3.380766135185345,Speed_Racer
86,7497,3.169181699046805,Speed_Racer
86,4625,5.0,Speed_Racer
86,4449,2.0726864396352127,Speed_Racer
86,3142,5.0,Speed_Racer
86,5451,2.578343938674207,Speed_Racer
86,3436,2.8404239006972056,Speed_Racer
86,1173,3.3068526953757567,Speed_Racer
86,3911,3.155514403213676,Speed_Racer
87,5313,2.822367003683003,Family_Man
87,6955,4.521957018657028,Family_Man
87,4586,5.0,Family_Man
87,3939,5.0,Family_Man
87,8945,5.0,Family_Man
87,8865,5.0,Family_Man
87,6662,3.554660529749997,Family_Man
87,637,4.459547284599266,Family_Man
87,7213,3.1536088634061508,Family_Man
87,3016,2.725467094773835,Family_Man
87,4783,5.0,Family_Man
87,2519,3.519706226204594,Family_Man
87,9422,3.5858985430342654,Family_Man
87,8361,4.995358345904835,Family_Man
87,4486,5.0,Family_Man
87,3217,4.545315692696387,Family_Man
87,1351,5.0,Family_Man
87,3476,5.0,Family_Man
87,4929,4.125268550410456,Family_Man
87,8624,5.0,Family_Man
87,3022,2.7806438635150323,Family_Man
87,7626,4.8123767370052555,Family_Man
88,9912,2.372099061494237,Luxury_Boss
88,6330,1.6038658634760679,Luxury_Boss
88,3352,2.420142169251844,Luxury_Boss
88,2152,2.1676977663885917,Luxury_Boss
88,10231,1.525826819705582,Luxury_Boss
88,4705,1.7501179222803338,Luxury_Boss
88,3253,2.1688670689035465,Luxury_Boss
88,2383,1.618166069137117,Luxury_Boss
88,517,1.6946778414013477,Luxury_Boss
88,8710,2.2225057534258834,Luxury_Boss
88,354,1.5785662722821914,Luxury_Boss
88,9711,2.037080174603288,Luxury_Boss
88,3796,1.9818994300508503,Luxury_Boss
88,1950,1.7765238606934126,Luxury_Boss
88,1310,5.0,Luxury_Boss
89,9455,2.726313013704952,Speed_Racer
89,2325,2.8441659140359805,Speed_Racer
89,2267,2.7978658072568887,Speed_Racer
89,9803,3.3115853712279573,Speed_Racer
89,8628,2.693485635987058,Speed_Racer
89,6955,3.364958334351942,Speed_Racer
89,3510,2.6872382092126346,Speed_Racer
89,1971,3.7359562474169383,Speed_Racer
89,3517,2.267820154403812,Speed_Racer
89,1240,3.3718648724605194,Speed_Racer
89,4070,2.813548135011732,Speed_Racer
89,8297,3.624811988143259,Speed_Racer
89,7221,4.324576120952175,Speed_Racer
89,7654,1.916747067985641,Speed_Racer
89,3040,4.048951409281282,Speed_Racer
89,3160,2.9124026510409147,Speed_Racer
89,6486,2.7396496292705264,Speed_Racer
89,7124,3.3990006871573146,Speed_Racer
89,765,3.00851427356875,Speed_Racer
90,7642,3.375384747451607,Family_Man
90,7957,4.766197272288945,Family_Man
90,31,3.754459518576459,Family_Man
90,9970,4.011315865231877,Family_Man
90,6101,4.6249263960544935,Family_Man
90,1643,4.3643033032348875,Family_Man
90,5022,3.4063484012267535,Family_Man
90,5437,5.0,Family_Man
90,7138,4.022961493950104,Family_Man
90,1413,4.694935704572221,Family_Man
90,9393,5.0,Family_Man
90,7136,5.0,Family_Man
90,9485,4.467173679362949,Family_Man
90,10070,5.0,Family_Man
90,1188,5.0,Family_Man
90,5250,4.261200058049486,Family_Man
90,8068,4.717797693777769,Family_Man
90,8876,4.5627814632486,Family_Man
91,5293,3.39613043453806,Budget_Student
91,1316,3.407649666425907,Budget_Student
91,9081,5.0,Budget_Student
91,6375,3.880345137241128,Budget_Student
91,9186,3.4958286117446282,Budget_Student
91,3717,5.0,Budget_Student
91,10060,1.437457522636362,Budget_Student
91,5185,2.856531573340118,Budget_Student
91,7588,3.1454130101129696,Budget_Student
91,6301,5.0,Budget_Student
91,2127,5.0,Budget_Student
91,8040,3.624149824021639,Budget_Student
91,8916,2.975110056799906,Budget_Student
91,9619,3.9090917778159664,Budget_Student
91,3792,5.0,Budget_Student
91,9898,3.0653937016055206,Budget_Student
91,8769,5.0,Budget_Student
91,3655,3.1592987384940807,Budget_Student
91,1596,5.0,Budget_Student
91,2728,4.995785692453774,Budget_Student
91,1451,5.0,Budget_Student
91,1523,2.968142033949691,Budget_Student
91,9830,5.0,Budget_Student
92,9800,2.617102848802522,Eco_Warrior
92,6269,3.1840389910332934,Eco_Warrior
92,9600,3.066348189205183,Eco_Warrior
92,225,2.7293544297806522,Eco_Warrior
92,1294,3.4488368499866486,Eco_Warrior
92,4441,1.0,Eco_Warrior
92,203,1.2103505557563807,Eco_Warrior
92,2,2.7415976234722543,Eco_Warrior
92,3462,2.6344624837710864,Eco_Warrior
92,5117,3.2219359983057414,Eco_Warrior
92,4813,4.4879653587896255,Eco_Warrior
92,8598,1.1642973493664144,Eco_Warrior
92,3866,2.667615319208688,Eco_Warrior
92,6286,2.798725150115496,Eco_Warrior
92,2569,2.8680296014408215,Eco_Warrior
92,4769,2.6530116681935563,Eco_Warrior
92,1904,2.664864990926118,Eco_Warrior
92,4343,2.704239994699253,Eco_Warrior
92,3946,2.660855520351198,Eco_Warrior
93,2936,1.6889755813511567,Family_Man
93,4297,5.0,Family_Man
93,674,2.9844796334864325,Family_Man
93,274,5.0,Family_Man
93,6316,4.182272239100191,Family_Man
93,43,3.94300792053709,Family_Man
93,8532,3.421726609516437,Family_Man
93,5610,3.3958394757780623,Family_Man
93,1228,2.9355258670066346,Family_Man
93,7548,2.576666498917108,Family_Man
93,2163,4.501855134751597,Family_Man
93,7320,2.8369609383787346,Family_Man
93,8663,4.728853792109748,Family_Man
93,6143,4.275776439517746,Family_Man
93,7377,4.144526876048863,Family_Man
93,6954,5.0,Family_Man
93,165,4.008245148284881,Family_Man
93,449,3.2444802563988304,Family_Man
93,340,4.58117502966207,Family_Man
93,9039,4.80457771570626,Family_Man
93,3114,2.9256712768417312,Family_Man
93,1391,3.404204564806938,Family_Man
94,2007,1.0,Eco_Warrior
94,3099,1.1276849540343852,Eco_Warrior
94,3136,1.2693400632274425,Eco_Warrior
94,10247,2.317201960615087,Eco_Warrior
94,7339,2.8043965387085885,Eco_Warrior
94,3778,2.9550365302329933,Eco_Warrior
94,4917,1.2352705015681478,Eco_Warrior
94,9598,3.484974985445826,Eco_Warrior
94,2195,1.0,Eco_Warrior
94,9314,1.284969692211468,Eco_Warrior
94,8602,3.2176923904842116,Eco_Warrior
94,3590,2.823343370133915,Eco_Warrior
94,37,2.9056188469449635,Eco_Warrior
94,3547,1.2299156251558019,Eco_Warrior
94,1176,2.5487097294511356,Eco_Warrior
94,2490,2.6211265193156557,Eco_Warrior
94,4960,2.7958710967662763,Eco_Warrior
94,7837,3.304392630966537,Eco_Warrior
95,4813,4.049176916688422,Family_Man
95,3414,3.774465808335539,Family_Man
95,4487,5.0,Family_Man
95,16,5.0,Family_Man
95,531,5.0,Family_Man
95,4978,4.425698646095174,Family_Man
95,7509,2.5497241857811845,Family_Man
95,5037,5.0,Family_Man
95,6827,4.606811116428011,Family_Man
95,970,5.0,Family_Man
95,663,4.098023325714785,Family_Man
95,9220,5.0,Family_Man
95,5086,4.735505790274092,Family_Man
95,2210,5.0,Family_Man
95,8118,5.0,Family_Man
95,1256,3.384328403823462,Family_Man
95,9135,1.413912240874669,Family_Man
95,2830,4.0782350296488525,Family_Man
95,4965,5.0,Family_Man
95,7375,4.037836623246264,Family_Man
95,5065,4.44502914257475,Family_Man
96,4809,1.65679105485648,Family_Man
96,4573,5.0,Family_Man
96,7529,5.0,Family_Man
96,1845,2.7704952392939215,Family_Man
96,3709,3.948082635614215,Family_Man
96,6434,5.0,Family_Man
96,8737,3.6119981371338588,Family_Man
96,8441,3.3605122466169135,Family_Man
96,9360,4.081247284008313,Family_Man
96,3822,4.943070348488477,Family_Man
96,10081,4.266998695158762,Family_Man
96,7347,5.0,Family_Man
96,2003,4.271371398898302,Family_Man
96,4320,4.257378188335489,Family_Man
96,6869,5.0,Family_Man
96,9201,4.377190872335302,Family_Man
96,9060,4.227892531305247,Family_Man
96,10145,2.5432973481980667,Family_Man
96,4727,4.071897920471188,Family_Man
96,2906,2.880164914149712,Family_Man
96,9835,4.614846385415388,Family_Man
96,932,4.938103405400215,Family_Man
96,9197,3.6357723760612064,Family_Man
97,3181,2.8942638309187156,Eco_Warrior
97,2486,3.0209247050994956,Eco_Warrior
97,6517,1.29179922664114,Eco_Warrior
97,7783,3.0490312246231994,Eco_Warrior
97,7556,1.0,Eco_Warrior
97,4637,3.468107702681714,Eco_Warrior
97,7642,2.9524559527466336,Eco_Warrior
97,4232,2.8249162503373126,Eco_Warrior
97,515,2.7473678233805043,Eco_Warrior
97,1487,1.0892532036135136,Eco_Warrior
97,6433,3.4050539931963426,Eco_Warrior
97,1190,3.075963905259544,Eco_Warrior
97,1126,1.419533249903937,Eco_Warrior
97,3295,1.0,Eco_Warrior
97,7970,3.1849087024113008,Eco_Warrior
97,3864,1.532533324422785,Eco_Warrior
97,2418,1.4679360672582442,Eco_Warrior
97,9386,3.112579286595678,Eco_Warrior
97,3555,2.543131627580374,Eco_Warrior
97,5258,3.1330962433388123,Eco_Warrior
97,3963,2.5565435384914803,Eco_Warrior
97,1524,4.431428643019729,Eco_Warrior
98,10131,5.0,Family_Man
98,2560,1.5420058170699362,Family_Man
98,7825,1.8779666796211956,Family_Man
98,7793,4.307945867744956,Family_Man
98,5657,4.510519383955593,Family_Man
98,3739,4.001296552072996,Family_Man
98,2893,4.737978486457427,Family_Man
98,6570,3.7133429217543465,Family_Man
98,9926,4.469423847137278,Family_Man
98,7394,4.036294250347195,Family_Man
98,1033,4.3129975536743785,Family_Man
98,3554,4.040650299484802,Family_Man
98,3791,5.0,Family_Man
98,9453,4.109958545005115,Family_Man
98,6740,4.950813039466397,Family_Man
98,369,4.125862950735161,Family_Man
98,2890,2.8474454019531965,Family_Man
98,5898,5.0,Family_Man
98,8242,5.0,Family_Man
98,135,4.1592146582965075,Family_Man
98,8285,5.0,Family_Man
99,3658,4.637353060037126,Family_Man
99,9314,4.190562790482007,Family_Man
99,6558,4.138238807211833,Family_Man
99,6994,5.0,Family_Man
99,8783,3.363459782296812,Family_Man
99,481,5.0,Family_Man
99,1428,4.753091086732357,Family_Man
99,2084,2.6638185533026055,Family_Man
99,6282,3.8505507654314446,Family_Man
99,89,4.2771562817853175,Family_Man
99,1530,4.723350080309487,Family_Man
99,9306,5.0,Family_Man
99,9453,4.663042282537354,Family_Man
99,727,4.364912101219743,Family_Man
99,6764,5.0,Family_Man
99,5555,5.0,Family_Man
99,9442,5.0,Family_Man
100,8295,2.1213448125376537,Luxury_Boss
100,12,1.7407054004266804,Luxury_Boss
100,7447,1.6146544054637388,Luxury_Boss
100,8064,2.380528711160917,Luxury_Boss
100,769,1.799975964595697,Luxury_Boss
100,7978,4.153422451217603,Luxury_Boss
100,2187,2.0123559679215948,Luxury_Boss
100,4788,4.612208717109642,Luxury_Boss
100,1259,2.1152686326318113,Luxury_Boss
100,3223,1.6765521190034494,Luxury_Boss
100,2138,2.1153703857065196,Luxury_Boss
100,675,1.920299733729116,Luxury_Boss
100,4408,1.6379829986652246,Luxury_Boss
100,7075,2.188441774473247,Luxury_Boss
100,6110,2.025686206871306,Luxury_Boss
100,7970,2.4590893731241064,Luxury_Boss
100,2983,2.1930929652050195,Luxury_Boss
100,9169,4.234968005662799,Luxury_Boss
100,1964,1.5194816426134965,Luxury_Boss
101,6329,3.068892435933464,Budget_Student
101,5028,1.1597868506634375,Budget_Student
101,716,3.3911740838241284,Budget_Student
101,4935,1.496780449066196,Budget_Student
101,4050,3.11152229792457,Budget_Student
101,2918,3.9126507086941444,Budget_Student
101,7528,3.4563980756231425,Budget_Student
101,4176,2.877046087386859,Budget_Student
101,5118,2.6294115364316717,Budget_Student
101,7748,1.0188939491407425,Budget_Student
101,5719,2.948868936877485,Budget_Student
101,6461,2.669149839255173,Budget_Student
101,234,4.869476582063916,Budget_Student
101,5497,3.72237174646301,Budget_Student
101,3705,3.4898105217675326,Budget_Student
101,542,2.5735705402149778,Budget_Student
101,5995,3.899790330582378,Budget_Student
101,8651,3.113257598885581,Budget_Student
101,7890,5.0,Budget_Student
101,2680,4.163201009124113,Budget_Student
102,7484,3.3104866367968904,Speed_Racer
102,5325,2.9561124882811614,Speed_Racer
102,6241,2.677958363220312,Speed_Racer
102,2698,3.290585058667588,Speed_Racer
102,5987,1.5518640318209105,Speed_Racer
102,6673,3.3515173619114753,Speed_Racer
102,1593,3.54195257679131,Speed_Racer
102,7362,3.4801480732229657,Speed_Racer
102,1889,3.2302514814109995,Speed_Racer
102,4730,2.796199631898131,Speed_Racer
102,997,5.0,Speed_Racer
102,7863,2.936400359478154,Speed_Racer
102,7401,2.84298566133503,Speed_Racer
102,6924,3.8622393592066064,Speed_Racer
102,2148,2.5932972327317265,Speed_Racer
102,8658,2.2004592216875345,Speed_Racer
102,4137,3.4335533401479332,Speed_Racer
102,7777,2.9803109738936726,Speed_Racer
103,339,2.5935861039923536,Eco_Warrior
103,615,2.536199670631108,Eco_Warrior
103,9321,1.4081714947621968,Eco_Warrior
103,10003,3.006545525804216,Eco_Warrior
103,4685,2.652177526063293,Eco_Warrior
103,7506,3.3585397583001413,Eco_Warrior
103,9501,2.5436229863480024,Eco_Warrior
103,3409,2.8535021799417333,Eco_Warrior
103,4731,1.606033182780663,Eco_Warrior
103,8229,2.102640338555991,Eco_Warrior
103,9143,1.0,Eco_Warrior
103,9204,3.216368346238961,Eco_Warrior
103,2816,3.149127731575666,Eco_Warrior
103,433,1.0,Eco_Warrior
103,6917,1.2075399654908796,Eco_Warrior
103,8291,3.0591962266818893,Eco_Warrior
103,558,1.0,Eco_Warrior
103,6856,3.01704286699454,Eco_Warrior
103,1473,3.2229165132232795,Eco_Warrior
103,2845,1.0,Eco_Warrior
103,8110,2.8378008668700105,Eco_Warrior
103,6135,1.0,Eco_Warrior
103,4480,3.288343747631566,Eco_Warrior
104,4255,2.4051254016698778,Luxury_Boss
104,2385,3.9860657920558378,Luxury_Boss
104,4959,1.7748498424574897,Luxury_Boss
104,7726,3.037134899237338,Luxury_Boss
104,8521,1.7118773265334837,Luxury_Boss
104,428,1.847604912515974,Luxury_Boss
104,8414,1.9792544016803646,Luxury_Boss
104,1589,2.369056361243416,Luxury_Boss
104,4323,2.233631805112358,Luxury_Boss
104,9130,2.0338321478057986,Luxury_Boss
104,5673,1.7050769278331028,Luxury_Boss
104,2329,3.0327011011261193,Luxury_Boss
104,6855,4.248718899202905,Luxury_Boss
104,5540,1.6806904030736836,Luxury_Boss
104,3390,2.2967310037210042,Luxury_Boss
104,167,3.321271952302011,Luxury_Boss
104,5537,1.6071323824613453,Luxury_Boss
104,6121,1.6391185824748908,Luxury_Boss
104,2793,1.7027824804445575,Luxury_Boss
105,7400,4.122551958013819,Family_Man
105,27,1.0891283180805233,Family_Man
105,9182,2.802954440097759,Family_Man
105,1679,4.973425478682296,Family_Man
105,6665,3.6362047786277594,Family_Man
105,2248,4.774492631838714,Family_Man
105,3820,3.2326384638641352,Family_Man
105,5757,3.933420023563846,Family_Man
105,1611,3.5126021888905203,Family_Man
105,3155,4.204854202403113,Family_Man
105,8941,4.606536187941241,Family_Man
105,1589,3.1749565680153555,Family_Man
105,901,4.80910720016087,Family_Man
105,5686,4.101010804837185,Family_Man
105,4254,4.014438946160543,Family_Man
105,9224,3.643809131416033,Family_Man
105,10050,4.148983045065491,Family_Man
105,6515,5.0,Family_Man
105,4858,5.0,Family_Man
105,2280,5.0,Family_Man
106,9733,2.649954535889099,Speed_Racer
106,5268,2.5370128414963595,Speed_Racer
106,9900,4.955341158517058,Speed_Racer
106,9696,3.045782646490487,Speed_Racer
106,8905,2.3409188789029587,Speed_Racer
106,4221,4.892778618077457,Speed_Racer
106,8775,3.42761964133096,Speed_Racer
106,4950,2.016164827010183,Speed_Racer
106,10132,2.660584401544647,Speed_Racer
106,5991,3.9031728097325313,Speed_Racer
106,5726,3.133609099706714,Speed_Racer
106,7538,2.935057131443359,Speed_Racer
106,6699,2.542510612977464,Speed_Racer
106,5893,1.532278055985021,Speed_Racer
106,9391,3.1590336488919717,Speed_Racer
106,5396,2.6457559830536788,Speed_Racer
106,9569,3.839657649193136,Speed_Racer
106,3325,3.396750465116926,Speed_Racer
106,9714,3.30622024765757,Speed_Racer
106,7691,3.3840762835295544,Speed_Racer
106,3201,3.4797495654156894,Speed_Racer
106,2851,3.7532397481991637,Speed_Racer
107,7952,2.0754536354618702,Luxury_Boss
107,6372,1.6166886875878392,Luxury_Boss
107,1046,2.1216792673317717,Luxury_Boss
107,2132,3.9891145302261566,Luxury_Boss
107,739,3.9125892268454585,Luxury_Boss
107,7331,2.317620651136215,Luxury_Boss
107,1427,2.080160874364741,Luxury_Boss
107,798,2.1406085938400237,Luxury_Boss
107,10277,4.050266476174216,Luxury_Boss
107,2812,2.1475245946725807,Luxury_Boss
107,3093,2.2345179238144692,Luxury_Boss
107,9721,2.101566341340032,Luxury_Boss
107,1815,3.6551357798031807,Luxury_Boss
107,503,3.889602259611941,Luxury_Boss
107,8227,3.269553117911328,Luxury_Boss
107,228,2.090118262414548,Luxury_Boss
107,2921,3.299042421339185,Luxury_Boss
107,8426,2.4452806210518,Luxury_Boss
107,9707,1.875204328283931,Luxury_Boss
108,10049,2.794066344630428,Family_Man
108,10122,5.0,Family_Man
108,5049,3.1133979128815685,Family_Man
108,2019,3.040196401042819,Family_Man
108,9270,5.0,Family_Man
108,676,5.0,Family_Man
108,10081,3.5338685904485923,Family_Man
108,6044,2.904020940868361,Family_Man
108,5088,3.511613710952338,Family_Man
108,10143,2.542468390564787,Family_Man
108,4643,3.820134137441689,Family_Man
108,3611,4.4787566872755935,Family_Man
108,8411,3.95480941508931,Family_Man
108,8371,4.084343338394623,Family_Man
108,2927,2.7554567545284043,Family_Man
109,7250,4.982262706803448,Budget_Student
109,8443,3.1707761860900527,Budget_Student
109,437,4.804678663332879,Budget_Student
109,6897,5.0,Budget_Student
109,6041,4.86303962688764,Budget_Student
109,4646,4.769955232330222,Budget_Student
109,784,3.0140797349739956,Budget_Student
109,3663,3.0863077200502276,Budget_Student
109,5609,5.0,Budget_Student
109,8965,3.3824769055644834,Budget_Student
109,571,1.2971110229671554,Budget_Student
109,2776,3.591314532044761,Budget_Student
109,1006,4.966242592434601,Budget_Student
109,5976,3.421723504230431,Budget_Student
109,9597,3.94471004392645,Budget_Student
109,6860,2.982079612885746,Budget_Student
109,1176,3.864586536758608,Budget_Student
109,2811,1.0311282684138394,Budget_Student
109,3768,5.0,Budget_Student
109,8838,2.567051538413309,Budget_Student
109,8475,3.9565428193251786,Budget_Student
109,5880,5.0,Budget_Student
109,9015,3.417895920341646,Budget_Student
110,6667,1.3856048211315999,Budget_Student
110,8721,5.0,Budget_Student
110,2690,3.973857300013681,Budget_Student
110,1248,5.0,Budget_Student
110,7261,3.0234336140958034,Budget_Student
110,5534,3.5513637835085463,Budget_Student
110,3962,5.0,Budget_Student
110,3219,1.907004446810602,Budget_Student
110,6871,4.681439651039453,Budget_Student
110,5944,1.3442941557869157,Budget_Student
110,694,1.8633334218368243,Budget_Student
110,3809,1.4226555980737392,Budget_Student
110,5485,5.0,Budget_Student
110,2319,5.0,Budget_Student
110,2131,4.101622306509425,Budget_Student
110,9482,3.4634295569336224,Budget_Student
110,6525,4.326560171115275,Budget_Student
110,701,3.9285671874841026,Budget_Student
110,2245,2.640135534067146,Budget_Student
110,8023,1.1857307375363888,Budget_Student
111,6008,5.0,Budget_Student
111,9380,3.736020360182547,Budget_Student
111,6183,1.0,Budget_Student
111,7569,3.4220037137884036,Budget_Student
111,1864,5.0,Budget_Student
111,7643,1.0,Budget_Student
111,4766,3.4450831275547644,Budget_Student
111,4553,3.2800819293361467,Budget_Student
111,8842,3.843191671014644,Budget_Student
111,6489,3.4131297907165785,Budget_Student
111,527,5.0,Budget_Student
111,3973,3.8995897108499378,Budget_Student
111,9261,3.536791912382739,Budget_Student
111,4484,3.6846411964244474,Budget_Student
111,9391,5.0,Budget_Student
111,7409,5.0,Budget_Student
111,2927,4.598667252217632,Budget_Student
111,1846,3.1152467570212887,Budget_Student
111,7298,5.0,Budget_Student
112,360,2.504071879020149,Luxury_Boss
112,7051,1.8184236514671288,Luxury_Boss
112,10082,2.4441909896058736,Luxury_Boss
112,4074,2.395023631368446,Luxury_Boss
112,2624,1.6998993377847764,Luxury_Boss
112,10079,4.4197914885199765,Luxury_Boss
112,4882,2.292904710351732,Luxury_Boss
112,9590,1.533871793180335,Luxury_Boss
112,9371,2.84709399472839,Luxury_Boss
112,8858,2.612252252096389,Luxury_Boss
112,3522,2.1407267488147936,Luxury_Boss
112,2688,3.0267494620888225,Luxury_Boss
112,8878,1.646835379415304,Luxury_Boss
112,6520,1.8303804912503518,Luxury_Boss
112,8214,4.67564132726279,Luxury_Boss
112,4695,3.593755381903904,Luxury_Boss
112,923,2.8925202202262783,Luxury_Boss
112,8958,2.4418102555474777,Luxury_Boss
112,74,2.033688128019005,Luxury_Boss
113,2972,4.474006978451085,Speed_Racer
113,662,3.1549634357249627,Speed_Racer
113,79,3.246785010021194,Speed_Racer
113,4938,3.1911087436527836,Speed_Racer
113,3875,3.428389470349741,Speed_Racer
113,10180,4.553259734718205,Speed_Racer
113,9792,2.668080358040768,Speed_Racer
113,5440,2.502453696387212,Speed_Racer
113,3241,2.073081250570898,Speed_Racer
113,2925,1.8877835207301474,Speed_Racer
113,5661,2.8464671781915643,Speed_Racer
113,471,3.65673499896552,Speed_Racer
113,6098,1.8111218316580668,Speed_Racer
113,6643,2.6269052831410953,Speed_Racer
113,5510,3.47294018211833,Speed_Racer
113,6126,2.769879279658405,Speed_Racer
113,7383,4.0740837711224485,Speed_Racer
113,4637,2.8175795399617463,Speed_Racer
113,294,3.4168918024221338,Speed_Racer
113,6781,1.58287551862528,Speed_Racer
113,3270,2.8135770574822425,Speed_Racer
113,3710,3.618368449849796,Speed_Racer
113,7153,4.956516809816218,Speed_Racer
113,2246,2.739983683746027,Speed_Racer
114,2970,1.3083279753145796,Budget_Student
114,4134,5.0,Budget_Student
114,5129,4.046904377525947,Budget_Student
114,7804,2.5039451333863174,Budget_Student
114,2915,3.5080124872346885,Budget_Student
114,5682,5.0,Budget_Student
114,167,5.0,Budget_Student
114,848,1.753136801442853,Budget_Student
114,8358,5.0,Budget_Student
114,3483,3.912777411632748,Budget_Student
114,10110,1.1370660946717077,Budget_Student
114,9590,4.7853995924012995,Budget_Student
114,1987,5.0,Budget_Student
114,2956,3.8492342526468866,Budget_Student
114,5310,4.657421887288276,Budget_Student
114,753,3.1404678885515747,Budget_Student
114,435,2.9357682067181647,Budget_Student
115,3539,2.5319550898510004,Family_Man
115,109,4.167007086652933,Family_Man
115,7582,4.331234306737777,Family_Man
115,8884,5.0,Family_Man
115,1860,4.2811130443468945,Family_Man
115,1386,3.7959899971973976,Family_Man
115,5549,5.0,Family_Man
115,5897,5.0,Family_Man
115,7255,3.8990091689329573,Family_Man
115,466,4.178702101901585,Family_Man
115,2743,1.781948000401832,Family_Man
115,8154,5.0,Family_Man
115,4824,4.519472912626048,Family_Man
115,4352,5.0,Family_Man
115,4147,1.2346373551291192,Family_Man
115,7855,4.047733654596899,Family_Man
116,9709,5.0,Family_Man
116,3853,4.444771395613675,Family_Man
116,2022,3.4312801597646194,Family_Man
116,1298,4.154252735956818,Family_Man
116,8876,4.030195106488049,Family_Man
116,6929,5.0,Family_Man
116,7295,5.0,Family_Man
116,7472,1.1505537893568527,Family_Man
116,404,4.06937447495694,Family_Man
116,6750,4.487728895710543,Family_Man
116,7435,4.193951846341712,Family_Man
116,7561,4.660281089320682,Family_Man
116,8561,4.147684026684257,Family_Man
116,8946,5.0,Family_Man
116,5530,5.0,Family_Man
116,8639,3.6476155523387654,Family_Man
116,8250,5.0,Family_Man
116,4060,4.208782930302984,Family_Man
116,1209,3.4073687498904537,Family_Man
116,1393,4.367409998638367,Family_Man
116,68,3.5955960336773924,Family_Man
116,7308,3.8666451129542585,Family_Man
117,3429,4.733047420118845,Family_Man
117,1653,2.7987749839739875,Family_Man
117,8374,4.613650008344195,Family_Man
117,3329,2.572959137565171,Family_Man
117,4634,4.198660994649719,Family_Man
117,3576,4.3311929820517685,Family_Man
117,4266,3.1999699274108906,Family_Man
117,6404,3.7789524320808936,Family_Man
117,3008,3.5366539317662724,Family_Man
117,5088,3.414866603170064,Family_Man
117,7307,4.796358087639352,Family_Man
117,2672,5.0,Family_Man
117,9153,5.0,Family_Man
117,2310,4.6115474756921255,Family_Man
117,10210,4.602244621131307,Family_Man
118,3023,3.3372383617729153,Family_Man
118,7306,5.0,Family_Man
118,1691,3.095528501350704,Family_Man
118,1519,4.00503008003597,Family_Man
118,1145,4.400756088139556,Family_Man
118,9673,5.0,Family_Man
118,5728,2.8062144658904926,Family_Man
118,9449,5.0,Family_Man
118,4653,4.476079646533407,Family_Man
118,6115,4.760647399004791,Family_Man
118,7511,4.458699029749632,Family_Man
118,1234,5.0,Family_Man
118,7146,4.436896068995297,Family_Man
118,6289,3.702116894434177,Family_Man
118,5349,3.3765273597333634,Family_Man
118,1906,4.0693075123335545,Family_Man
118,1394,4.194424047829341,Family_Man
118,7771,4.352179688924146,Family_Man
118,6348,5.0,Family_Man
118,3925,4.7413774478730435,Family_Man
118,4504,3.289455565323098,Family_Man
118,8574,5.0,Family_Man
118,8065,2.546065554143945,Family_Man
118,1198,3.139427023776651,Family_Man
119,2388,3.7913020551536705,Family_Man
119,5796,5.0,Family_Man
119,5223,5.0,Family_Man
119,9013,4.185951114335999,Family_Man
119,2744,2.7850742662440453,Family_Man
119,4617,2.68994272627084,Family_Man
119,8514,4.84877791298389,Family_Man
119,3767,4.7390582586376135,Family_Man
119,3215,5.0,Family_Man
119,7038,4.4332030709932155,Family_Man
119,5368,3.754032471517423,Family_Man
119,5666,4.678258805485492,Family_Man
119,5426,4.727947479220462,Family_Man
119,5293,3.058419443381853,Family_Man
119,8658,4.550104695372405,Family_Man
119,3678,3.8926325415697547,Family_Man
119,1797,4.884587142516895,Family_Man
119,397,2.7457712747312075,Family_Man
119,5656,5.0,Family_Man
119,6899,3.353161792806906,Family_Man
119,948,5.0,Family_Man
119,851,4.684209761599401,Family_Man
119,8179,3.2472482739112114,Family_Man
120,507,1.0,Eco_Warrior
120,3868,3.1393464236127,Eco_Warrior
120,6519,2.501388655831591,Eco_Warrior
120,295,1.0,Eco_Warrior
120,9240,1.406899191128337,Eco_Warrior
120,5666,2.634885112852835,Eco_Warrior
120,3941,3.4599197119697385,Eco_Warrior
120,795,2.7938977842915143,Eco_Warrior
120,1790,1.4909945653255088,Eco_Warrior
120,3658,2.5204683946055217,Eco_Warrior
120,6648,1.0568398188429682,Eco_Warrior
120,4967,2.766072272446904,Eco_Warrior
120,922,3.2362006697266192,Eco_Warrior
120,6535,2.7607270659622265,Eco_Warrior
120,1366,1.0,Eco_Warrior
120,3731,2.5646498469196573,Eco_Warrior
120,6042,1.5630997910905997,Eco_Warrior
120,9231,2.7959717813930434,Eco_Warrior
120,8014,1.1174421386464153,Eco_Warrior
121,1145,4.320274082585492,Family_Man
121,2547,3.0935387209492564,Family_Man
121,9371,5.0,Family_Man
121,8398,3.256606443153035,Family_Man
121,9350,5.0,Family_Man
121,10285,5.0,Family_Man
121,2021,5.0,Family_Man
121,6032,3.463364057966791,Family_Man
121,4392,3.5808006978001874,Family_Man
121,7345,4.249792872007175,Family_Man
121,6190,4.222850915786332,Family_Man
121,5789,3.8800962635991696,Family_Man
121,4893,5.0,Family_Man
121,9725,3.8470840206933277,Family_Man
121,4690,4.8903136019063975,Family_Man
121,2591,5.0,Family_Man
121,919,4.550657702065283,Family_Man
121,8190,3.2212048512687,Family_Man
121,6339,3.398024805871619,Family_Man
121,3542,4.7071453048138565,Family_Man
121,5442,5.0,Family_Man
121,4202,4.8396103838454145,Family_Man
121,3961,4.480424595637311,Family_Man
122,1063,1.2803279905606302,Eco_Warrior
122,827,1.0,Eco_Warrior
122,7495,2.7478628221514003,Eco_Warrior
122,408,3.246039210448398,Eco_Warrior
122,3068,3.0040418932499438,Eco_Warrior
122,8326,3.383825017469371,Eco_Warrior
122,5257,3.120079439791371,Eco_Warrior
122,7041,1.4765507382634167,Eco_Warrior
122,4408,1.2159800940834629,Eco_Warrior
122,3707,3.0430335824410184,Eco_Warrior
122,6660,1.3151595716942095,Eco_Warrior
122,866,3.4159684801578405,Eco_Warrior
122,4509,2.7904292525199224,Eco_Warrior
122,3270,1.5322534365263052,Eco_Warrior
122,3285,1.0,Eco_Warrior
122,4093,3.2309482049544886,Eco_Warrior
123,225,4.521052283723922,Luxury_Boss
123,2689,2.4984216892454487,Luxury_Boss
123,4714,2.0874864143864755,Luxury_Boss
123,4690,2.2830040678503356,Luxury_Boss
123,2219,2.4034031688416952,Luxury_Boss
123,10127,4.229180086919094,Luxury_Boss
123,5204,1.9037893866960776,Luxury_Boss
123,2131,2.0986613662047824,Luxury_Boss
123,4769,1.940997623405957,Luxury_Boss
123,2641,2.025952377850003,Luxury_Boss
123,5391,2.198378985042465,Luxury_Boss
123,2358,3.7765823915979713,Luxury_Boss
123,7539,2.171837605089082,Luxury_Boss
123,7725,2.2524794259527354,Luxury_Boss
123,2442,2.391545775066788,Luxury_Boss
124,1210,1.6974819076253085,Luxury_Boss
124,2794,2.99907651398424,Luxury_Boss
124,1883,2.235193104562601,Luxury_Boss
124,2041,2.404356793133168,Luxury_Boss
124,2413,1.7478816204528171,Luxury_Boss
124,5063,3.5595789017004433,Luxury_Boss
124,4503,1.6702455739495854,Luxury_Boss
124,727,2.4657944351004675,Luxury_Boss
124,9150,2.196625070937324,Luxury_Boss
124,3388,2.181890752531588,Luxury_Boss
124,9679,2.3114598477353003,Luxury_Boss
124,3403,2.103206241513369,Luxury_Boss
124,2493,3.143264796431554,Luxury_Boss
124,7263,1.8554388946419609,Luxury_Boss
124,6153,1.5618159046522218,Luxury_Boss
124,8976,2.332801601163122,Luxury_Boss
124,5238,2.7103798410808775,Luxury_Boss
125,9721,3.481965124856009,Budget_Student
125,9584,5.0,Budget_Student
125,7362,5.0,Budget_Student
125,1920,5.0,Budget_Student
125,5273,3.7544808082218513,Budget_Student
125,5005,4.8395987552192885,Budget_Student
125,249,5.0,Budget_Student
125,2998,5.0,Budget_Student
125,1148,3.4313225887500156,Budget_Student
125,7691,1.0,Budget_Student
125,9104,4.668782249462383,Budget_Student
125,8512,4.473032892871594,Budget_Student
125,2803,1.4155369582252546,Budget_Student
125,6405,1.0,Budget_Student
125,7508,1.774426775940347,Budget_Student
125,5209,4.673796563894927,Budget_Student
125,9272,5.0,Budget_Student
125,1955,3.096687236749004,Budget_Student
125,5899,2.5442299944723086,Budget_Student
126,7433,5.0,Family_Man
126,9221,4.023261165154839,Family_Man
126,8401,4.7748023465881095,Family_Man
126,8623,3.64887703242066,Family_Man
126,1583,4.879600533599069,Family_Man
126,2074,4.877968102416351,Family_Man
126,2904,4.459804206418351,Family_Man
126,837,5.0,Family_Man
126,4292,4.944243702655598,Family_Man
126,8409,4.933889459756308,Family_Man
126,2710,2.8544698184146338,Family_Man
126,7513,3.4361974248554654,Family_Man
126,3810,4.43025724993773,Family_Man
126,10081,4.462608012254392,Family_Man
126,2261,4.101182219068683,Family_Man
126,8749,2.6527388083465073,Family_Man
126,8878,4.969666237546447,Family_Man
126,9226,3.293252148302477,Family_Man
126,9078,4.315779477464783,Family_Man
126,10205,2.6953377000887735,Family_Man
126,6681,5.0,Family_Man
127,279,3.310134691331347,Budget_Student
127,2759,2.713333529269967,Budget_Student
127,7047,5.0,Budget_Student
127,8782,1.324286932276654,Budget_Student
127,8554,4.54549901209645,Budget_Student
127,7082,3.1946159681854396,Budget_Student
127,897,5.0,Budget_Student
127,2386,5.0,Budget_Student
127,3392,1.1538702403118895,Budget_Student
127,9429,4.636246415619007,Budget_Student
127,5612,3.236839231033301,Budget_Student
127,6605,1.357157976409678,Budget_Student
127,878,2.797225440488948,Budget_Student
127,3334,3.05498852262778,Budget_Student
127,2101,5.0,Budget_Student
127,1683,5.0,Budget_Student
127,3551,3.2683442745128533,Budget_Student
128,9886,2.978577372091137,Family_Man
128,2772,5.0,Family_Man
128,191,4.689623622020517,Family_Man
128,9522,5.0,Family_Man
128,6334,4.976210575639474,Family_Man
128,8577,4.169482079024626,Family_Man
128,1874,4.012906483712603,Family_Man
128,581,5.0,Family_Man
128,9344,4.104263665531064,Family_Man
128,1639,2.725588122602326,Family_Man
128,7810,4.257203416484536,Family_Man
128,7890,4.121905041474907,Family_Man
128,4046,4.804959079947055,Family_Man
128,1653,3.1748010298069325,Family_Man
128,674,3.376937477424185,Family_Man
128,3425,4.647810426389661,Family_Man
128,1605,4.344607567633276,Family_Man
128,7067,5.0,Family_Man
128,657,3.355474536287031,Family_Man
128,5969,5.0,Family_Man
128,9462,3.898756998224525,Family_Man
128,4628,4.855340698465968,Family_Man
128,3756,5.0,Family_Man
128,6301,3.2836344945160874,Family_Man
129,4048,2.175518903841446,Speed_Racer
129,4775,1.9915216483145004,Speed_Racer
129,8229,4.7304638758063495,Speed_Racer
129,7641,4.181015738976546,Speed_Racer
129,8706,3.4771589808982255,Speed_Racer
129,3208,3.243660925577105,Speed_Racer
129,2148,2.073686396124046,Speed_Racer
129,446,4.084327866405538,Speed_Racer
129,6843,3.5553408975285223,Speed_Racer
129,5601,2.530604523709565,Speed_Racer
129,6130,4.708639426164126,Speed_Racer
129,5857,2.5005892011224673,Speed_Racer
129,3976,4.9986533722747195,Speed_Racer
129,2360,2.7998240424783947,Speed_Racer
129,4508,2.690213280626467,Speed_Racer
129,4150,3.730323087388077,Speed_Racer
129,531,5.0,Speed_Racer
129,4136,2.9002586066464326,Speed_Racer
130,3176,4.4502343496914465,Family_Man
130,313,4.702441006235492,Family_Man
130,59,5.0,Family_Man
130,994,1.8099375101111264,Family_Man
130,4576,5.0,Family_Man
130,5401,2.110769935772872,Family_Man
130,869,5.0,Family_Man
130,621,5.0,Family_Man
130,2107,4.1904901448683365,Family_Man
130,2935,4.982765247135017,Family_Man
130,764,4.233415080323816,Family_Man
130,4759,4.071804231613808,Family_Man
130,5141,5.0,Family_Man
130,8714,4.596359300879854,Family_Man
130,4602,3.4754724351681197,Family_Man
130,6777,3.82175070618892,Family_Man
130,1848,4.351382110447282,Family_Man
131,7759,4.395595436652428,Family_Man
131,8861,4.273138432386601,Family_Man
131,2508,4.201937331933099,Family_Man
131,9226,2.876556246449408,Family_Man
131,1867,3.1521710571718042,Family_Man
131,5762,4.078320019528541,Family_Man
131,7818,4.892583094798073,Family_Man
131,3904,2.8717457012751257,Family_Man
131,758,5.0,Family_Man
131,5964,4.872780846429612,Family_Man
131,2108,3.566856482618591,Family_Man
131,710,5.0,Family_Man
131,4505,5.0,Family_Man
131,9147,3.6972405106852744,Family_Man
131,8447,3.3830982863907777,Family_Man
131,7688,5.0,Family_Man
131,9888,3.585712682702585,Family_Man
131,1644,3.9035422227550485,Family_Man
131,5901,4.272162845182253,Family_Man
131,2584,3.8516201379395927,Family_Man
131,8092,4.389932134583698,Family_Man
132,5031,1.6675789174556925,Budget_Student
132,9317,3.778818755496057,Budget_Student
132,1651,1.0,Budget_Student
132,5223,4.798812913885538,Budget_Student
132,5832,2.619910631961177,Budget_Student
132,4976,5.0,Budget_Student
132,5361,3.2207416076723736,Budget_Student
132,4133,3.0506378709427886,Budget_Student
132,9615,3.248172701720279,Budget_Student
132,647,3.740913667464221,Budget_Student
132,6226,3.7360352158955514,Budget_Student
132,4793,3.4356042799765976,Budget_Student
132,9236,3.805450686007549,Budget_Student
132,383,1.0841225026845773,Budget_Student
132,9895,2.905200791931283,Budget_Student
132,7821,3.3565704182482907,Budget_Student
132,5939,1.1930034964852723,Budget_Student
132,6695,1.8044846215952122,Budget_Student
132,5933,3.591188711466555,Budget_Student
132,9314,2.8724544754749703,Budget_Student
132,3714,2.518382480413992,Budget_Student
132,4384,5.0,Budget_Student
133,4908,2.3708910528046117,Luxury_Boss
133,4054,1.8457528926110482,Luxury_Boss
133,6476,2.123273805904142,Luxury_Boss
133,6343,2.100521702130587,Luxury_Boss
133,312,1.888710136107159,Luxury_Boss
133,5185,1.766022553358103,Luxury_Boss
133,7469,2.1336334923809495,Luxury_Boss
133,4559,2.804888958172629,Luxury_Boss
133,6533,4.030369478840814,Luxury_Boss
133,5497,1.597180260288496,Luxury_Boss
133,10127,4.367270464322024,Luxury_Boss
133,7133,1.9831062663149823,Luxury_Boss
133,7382,4.417514282708575,Luxury_Boss
133,7753,2.4919662992804774,Luxury_Boss
133,2099,1.758225986069878,Luxury_Boss
133,9046,2.4552023302194,Luxury_Boss
133,4782,1.7818619795111634,Luxury_Boss
133,8541,1.512348101049457,Luxury_Boss
133,81,1.8111496728987537,Luxury_Boss
133,5223,2.479210534963254,Luxury_Boss
134,3219,2.8949546723027,Eco_Warrior
134,4533,3.0972480712448522,Eco_Warrior
134,8206,1.0,Eco_Warrior
134,4781,2.927955191335908,Eco_Warrior
134,8158,3.4068617437364335,Eco_Warrior
134,5661,3.3776862999695947,Eco_Warrior
134,4668,3.100030804197454,Eco_Warrior
134,9696,2.9692905216963617,Eco_Warrior
134,8297,1.0,Eco_Warrior
134,2484,2.489518428187944,Eco_Warrior
134,6699,3.1002298329306948,Eco_Warrior
134,555,3.4073861716327665,Eco_Warrior
134,4867,3.3793014112331576,Eco_Warrior
134,788,2.575868924711207,Eco_Warrior
134,3255,1.1292086051021717,Eco_Warrior
134,8344,2.7195732305131917,Eco_Warrior
134,1435,2.7965807337476094,Eco_Warrior
135,9786,3.459692409679493,Speed_Racer
135,6283,3.179017538730245,Speed_Racer
135,2004,3.4168395119443176,Speed_Racer
135,3841,3.0211938088389108,Speed_Racer
135,2492,2.1100703458925882,Speed_Racer
135,9722,1.7110863676525225,Speed_Racer
135,949,3.7178386632098994,Speed_Racer
135,481,2.9680000360659022,Speed_Racer
135,6421,4.899949013617897,Speed_Racer
135,6224,2.586645784999819,Speed_Racer
135,1710,2.0645399131094577,Speed_Racer
135,4644,3.7493645360830596,Speed_Racer
135,3245,3.325513901383706,Speed_Racer
135,5662,2.4791032508005384,Speed_Racer
135,4779,2.8726606890876996,Speed_Racer
135,3583,5.0,Speed_Racer
135,461,3.0160672073659835,Speed_Racer
135,2204,4.413636057823725,Speed_Racer
135,1383,2.853194053309947,Speed_Racer
135,3979,3.2578778090727782,Speed_Racer
135,9401,2.960968759867946,Speed_Racer
136,9614,2.3201852557150886,Luxury_Boss
136,1698,2.3527039142212693,Luxury_Boss
136,2566,1.6550427509735117,Luxury_Boss
136,5514,1.6436830384062215,Luxury_Boss
136,9476,1.6386301714969749,Luxury_Boss
136,1342,1.8532505865450744,Luxury_Boss
136,10038,2.2486999082520596,Luxury_Boss
136,7976,2.4260373882446657,Luxury_Boss
136,7691,4.666411028514617,Luxury_Boss
136,1820,1.7947104254364823,Luxury_Boss
136,5131,1.8222854506393613,Luxury_Boss
136,4715,1.7091723911496803,Luxury_Boss
136,4594,2.2213123301621116,Luxury_Boss
136,8017,3.813533778403365,Luxury_Boss
136,4898,3.062179243064796,Luxury_Boss
136,9732,2.058922568999771,Luxury_Boss
136,7348,2.497281581303208,Luxury_Boss
136,5828,1.8772695019349297,Luxury_Boss
136,6045,2.1341936380807613,Luxury_Boss
136,8949,2.327047454419003,Luxury_Boss
136,3697,4.748957120565698,Luxury_Boss
136,6713,2.282012902078137,Luxury_Boss
136,4286,2.1838502278299945,Luxury_Boss
137,3858,2.4380952268334553,Speed_Racer
137,5612,3.3116855917695625,Speed_Racer
137,2482,2.025193948616828,Speed_Racer
137,680,2.618412267515045,Speed_Racer
137,2141,2.360609353569467,Speed_Racer
137,8033,4.150640461575442,Speed_Racer
137,6752,4.002130257241014,Speed_Racer
137,9659,3.783309177203744,Speed_Racer
137,8867,2.5083376899105647,Speed_Racer
137,4979,3.3305606349050025,Speed_Racer
137,2486,3.6096198293795387,Speed_Racer
137,6320,5.0,Speed_Racer
137,7429,2.859185808693579,Speed_Racer
137,6515,3.4004120879577373,Speed_Racer
137,9651,3.9652935253176045,Speed_Racer
137,788,5.0,Speed_Racer
137,1412,5.0,Speed_Racer
138,3048,4.966779648861735,Budget_Student
138,6949,5.0,Budget_Student
138,3202,3.4107228523587754,Budget_Student
138,9768,3.101557913145675,Budget_Student
138,10119,1.743528658034796,Budget_Student
138,2456,5.0,Budget_Student
138,562,3.8529237647534607,Budget_Student
138,5586,1.107283978801754,Budget_Student
138,4271,5.0,Budget_Student
138,1214,3.518022009259814,Budget_Student
138,210,2.5441543299935567,Budget_Student
138,5995,3.291179044655478,Budget_Student
138,4554,3.569065534400565,Budget_Student
138,1747,2.8172439600078527,Budget_Student
138,7393,3.064231226495561,Budget_Student
138,6606,3.901757528190859,Budget_Student
138,8989,5.0,Budget_Student
138,5453,1.2156354069142075,Budget_Student
138,8129,5.0,Budget_Student
138,3882,2.9571900868429637,Budget_Student
138,651,2.5387452649423214,Budget_Student
139,5651,4.82397096565782,Budget_Student
139,526,5.0,Budget_Student
139,8308,5.0,Budget_Student
139,9505,1.2352867239197978,Budget_Student
139,9846,5.0,Budget_Student
139,6560,3.2065668133746508,Budget_Student
139,2483,4.8670754162781895,Budget_Student
139,8132,4.6871131129895245,Budget_Student
139,7801,4.555560489871368,Budget_Student
139,7203,3.766992341617564,Budget_Student
139,3928,3.545732091290775,Budget_Student
139,5684,3.328703128166647,Budget_Student
139,6733,5.0,Budget_Student
139,1196,2.5036545556148115,Budget_Student
139,5348,5.0,Budget_Student
139,5011,5.0,Budget_Student
139,6619,3.2415228253878485,Budget_Student
139,3881,3.202355310461209,Budget_Student
139,9793,4.4168431275774775,Budget_Student
140,4050,3.4465832347210617,Speed_Racer
140,458,3.3869535802746666,Speed_Racer
140,8880,5.0,Speed_Racer
140,2619,2.9812990006164735,Speed_Racer
140,5881,3.874772138585201,Speed_Racer
140,8082,2.9756874468152636,Speed_Racer
140,9695,3.5149644633293136,Speed_Racer
140,8281,2.436276475781701,Speed_Racer
140,9779,2.9589578600454494,Speed_Racer
140,6059,3.282767024062851,Speed_Racer
140,7209,2.2655487749808856,Speed_Racer
140,1839,3.363447299531894,Speed_Racer
140,10245,3.813925644390506,Speed_Racer
140,1038,3.384368182044464,Speed_Racer
140,5611,2.9686245982120822,Speed_Racer
140,7429,2.6986252483777493,Speed_Racer
141,1038,2.7793655445884076,Budget_Student
141,9000,5.0,Budget_Student
141,8346,3.313037998162384,Budget_Student
141,4769,5.0,Budget_Student
141,8569,5.0,Budget_Student
141,6490,1.0,Budget_Student
141,5374,5.0,Budget_Student
141,9487,3.0908692452981983,Budget_Student
141,9489,3.0492320138664324,Budget_Student
141,6404,3.5617315290181426,Budget_Student
141,8649,1.0,Budget_Student
141,1241,4.894217459617373,Budget_Student
141,8275,3.392093283079393,Budget_Student
141,4280,4.679716511456947,Budget_Student
141,5319,2.7482631942328553,Budget_Student
141,6158,3.482473390124756,Budget_Student
141,9641,1.3810920221576828,Budget_Student
141,9206,3.02878220895437,Budget_Student
141,9151,5.0,Budget_Student
142,4057,3.3291409425150285,Speed_Racer
142,7558,3.1374404068778476,Speed_Racer
142,1227,4.288420664065348,Speed_Racer
142,7427,3.995958000082571,Speed_Racer
142,1627,4.870436748954576,Speed_Racer
142,8538,5.0,Speed_Racer
142,8321,2.472298182111256,Speed_Racer
142,8068,3.1886137213461607,Speed_Racer
142,6698,3.4371146591803043,Speed_Racer
142,271,3.1120812361958503,Speed_Racer
142,5669,2.946855549977203,Speed_Racer
142,6199,2.6853433978817836,Speed_Racer
142,4559,4.603911767560726,Speed_Racer
142,4744,3.9108652546564944,Speed_Racer
142,4592,1.819850952071874,Speed_Racer
142,6776,3.3233675139192407,Speed_Racer
142,6775,2.5131027352980926,Speed_Racer
142,5784,3.476453738994595,Speed_Racer
142,4781,2.052188515613693,Speed_Racer
142,7269,2.9025158500131174,Speed_Racer
142,740,2.8846685202458695,Speed_Racer
142,3721,3.1869069495125064,Speed_Racer
142,10153,3.422000425665639,Speed_Racer
143,7320,2.0044379986669236,Speed_Racer
143,3495,5.0,Speed_Racer
143,7454,2.15229151772814,Speed_Racer
143,2148,2.5178155104349025,Speed_Racer
143,4479,3.757354970432864,Speed_Racer
143,5456,2.544713948563958,Speed_Racer
143,3968,2.359443977493667,Speed_Racer
143,6608,2.7955240611314713,Speed_Racer
143,9690,2.420339673188133,Speed_Racer
143,1415,3.361395763843766,Speed_Racer
143,3620,4.010183072356136,Speed_Racer
143,3078,2.8799361854691834,Speed_Racer
143,4893,4.028669749622603,Speed_Racer
143,7619,1.9982782727803416,Speed_Racer
143,3555,3.7287063248517716,Speed_Racer
143,4434,3.0611921868261134,Speed_Racer
143,9715,3.1834999052969133,Speed_Racer
144,8185,2.4301787641682306,Speed_Racer
144,8264,2.1933000163728282,Speed_Racer
144,397,2.345592935322939,Speed_Racer
144,850,2.7676293859330996,Speed_Racer
144,4318,2.309007774020701,Speed_Racer
144,2189,2.9347517416994453,Speed_Racer
144,4443,2.9275696002624265,Speed_Racer
144,5507,3.4797753601788295,Speed_Racer
144,323,2.4959006411118247,Speed_Racer
144,4065,3.4323198218865447,Speed_Racer
144,5247,1.6727777981569927,Speed_Racer
144,1067,2.1622598626685163,Speed_Racer
144,9565,5.0,Speed_Racer
144,2822,2.351347472663688,Speed_Racer
144,6792,5.0,Speed_Racer
144,841,2.940101342271503,Speed_Racer
144,29,2.9872662680885913,Speed_Racer
144,6601,2.835225456289969,Speed_Racer
144,1587,2.2602783362957943,Speed_Racer
144,1147,3.4197117562427457,Speed_Racer
144,8958,1.9712260119362344,Speed_Racer
145,5038,4.950877508041343,Family_Man
145,3262,5.0,Family_Man
145,7165,5.0,Family_Man
145,4066,5.0,Family_Man
145,9840,4.687823982568141,Family_Man
145,977,3.13830710446873,Family_Man
145,3165,4.232327935655106,Family_Man
145,1702,3.204687227813358,Family_Man
145,7560,4.160221836289525,Family_Man
145,7544,5.0,Family_Man
145,8009,4.412393994852125,Family_Man
145,7629,3.5851153179910984,Family_Man
145,6788,4.018240256893093,Family_Man
145,1490,4.442160849922345,Family_Man
145,9173,3.284908321107699,Family_Man
145,1263,3.1093879632793424,Family_Man
145,1416,4.231329065219263,Family_Man
146,7484,3.589877246315907,Speed_Racer
146,1240,3.056541069039037,Speed_Racer
146,8671,2.0775592775063787,Speed_Racer
146,2147,3.8970756920220033,Speed_Racer
146,4967,5.0,Speed_Racer
146,90,3.2511203667980992,Speed_Racer
146,3491,2.4699180187485386,Speed_Racer
146,205,2.69547823449898,Speed_Racer
146,1084,2.623641071183973,Speed_Racer
146,8265,3.283445178736208,Speed_Racer
146,7168,3.26017845733427,Speed_Racer
146,2627,2.8812295856080863,Speed_Racer
146,6762,3.035306176326908,Speed_Racer
146,9963,3.7844914172085558,Speed_Racer
146,7838,5.0,Speed_Racer
146,9083,2.088812197692512,Speed_Racer
146,9062,2.9513329834047566,Speed_Racer
147,4827,2.57819417389868,Eco_Warrior
147,3061,3.3171891164223437,Eco_Warrior
147,4771,3.0078415454415914,Eco_Warrior
147,4147,3.061932321297628,Eco_Warrior
147,9989,2.8647249172615474,Eco_Warrior
147,9145,3.263107506239547,Eco_Warrior
147,6909,1.0,Eco_Warrior
147,4658,2.8283554806532925,Eco_Warrior
147,2241,2.545601011896908,Eco_Warrior
147,6236,4.004899723879645,Eco_Warrior
147,1990,1.0,Eco_Warrior
147,4463,2.9055850806407255,Eco_Warrior
147,6470,2.70677596781378,Eco_Warrior
147,2396,2.7834500693653035,Eco_Warrior
147,4500,3.2753560891909266,Eco_Warrior
147,3171,1.1804429465765645,Eco_Warrior
147,655,1.0,Eco_Warrior
148,9284,5.0,Budget_Student
148,1331,3.2279201534384914,Budget_Student
148,3055,5.0,Budget_Student
148,4953,5.0,Budget_Student
148,8203,5.0,Budget_Student
148,9132,4.621692432053155,Budget_Student
148,9686,2.841919850125354,Budget_Student
148,8473,3.758208075173407,Budget_Student
148,3560,4.4581016479431,Budget_Student
148,6948,3.389197762677761,Budget_Student
148,9264,3.3137916798837677,Budget_Student
148,3743,1.0271564004006404,Budget_Student
148,6331,3.217302057056344,Budget_Student
148,4297,3.477090601978591,Budget_Student
148,8625,3.504664744211108,Budget_Student
149,4839,4.222453744198464,Family_Man
149,3281,5.0,Family_Man
149,3260,4.8622502612344425,Family_Man
149,9677,3.2106361051289336,Family_Man
149,3198,3.0844761063054467,Family_Man
149,2122,4.184119413981385,Family_Man
149,1103,5.0,Family_Man
149,9406,3.5613752208197793,Family_Man
149,3316,5.0,Family_Man
149,5012,4.991677050150701,Family_Man
149,4566,4.758206357766448,Family_Man
149,9719,5.0,Family_Man
149,9293,4.9591778493622956,Family_Man
149,4047,5.0,Family_Man
149,1947,4.091516638521574,Family_Man
149,10244,1.6425235098111308,Family_Man
149,5199,2.708364417916526,Family_Man
149,6566,4.280956459028871,Family_Man
149,8589,4.702679896312897,Family_Man
150,9592,2.8064375209665813,Budget_Student
150,606,2.612152384252476,Budget_Student
150,6564,3.6456797399509218,Budget_Student
150,6782,4.547456224798814,Budget_Student
150,6538,3.0228921520671106,Budget_Student
150,9477,3.425781269937869,Budget_Student
150,3980,3.607864665804598,Budget_Student
150,6059,3.265137929629463,Budget_Student
150,8616,3.443828784781685,Budget_Student
150,10285,3.5739746703336426,Budget_Student
150,335,4.7457260285197815,Budget_Student
150,364,2.6440251813976254,Budget_Student
150,5566,1.1354259899133907,Budget_Student
150,4048,3.1152308948944643,Budget_Student
150,4046,3.7422603910530112,Budget_Student
150,1143,5.0,Budget_Student
150,8304,5.0,Budget_Student
150,2874,2.714589833626409,Budget_Student
150,5994,5.0,Budget_Student
150,4348,3.2057186277442202,Budget_Student
150,9385,3.0264558836129263,Budget_Student
150,4211,3.066808537495437,Budget_Student
150,2737,5.0,Budget_Student
150,7331,5.0,Budget_Student
151,3774,5.0,Budget_Student
151,3333,3.3015441640765433,Budget_Student
151,4512,4.556670921667016,Budget_Student
151,9735,5.0,Budget_Student
151,9514,5.0,Budget_Student
151,92,2.7895973701285515,Budget_Student
151,8159,2.804672776381556,Budget_Student
151,9211,3.2868096597035135,Budget_Student
151,8685,1.5495537917385658,Budget_Student
151,6475,1.4839002590201544,Budget_Student
151,4392,3.484291886370502,Budget_Student
151,6742,2.645343131976262,Budget_Student
151,557,1.1587742820224847,Budget_Student
151,899,5.0,Budget_Student
151,4203,2.7975264150737997,Budget_Student
151,10206,3.2584307484668487,Budget_Student
151,4730,5.0,Budget_Student
151,2994,3.201120803735347,Budget_Student
151,615,3.484450790402926,Budget_Student
151,9423,5.0,Budget_Student
151,4817,5.0,Budget_Student
152,4400,5.0,Family_Man
152,9123,4.470714939301707,Family_Man
152,4729,5.0,Family_Man
152,2462,5.0,Family_Man
152,2055,4.336179965804835,Family_Man
152,4872,3.8505847404791465,Family_Man
152,648,4.41322992759145,Family_Man
152,8000,5.0,Family_Man
152,1740,5.0,Family_Man
152,2879,1.0799510558097927,Family_Man
152,4167,1.1573954248140912,Family_Man
152,6747,3.9041494795402265,Family_Man
152,2710,3.0024149384041054,Family_Man
152,5658,4.915909368794369,Family_Man
152,6926,4.428011455827963,Family_Man
152,4793,5.0,Family_Man
152,9511,4.157766384169941,Family_Man
152,32,4.663469542566352,Family_Man
152,3979,4.725683126926482,Family_Man
152,5250,4.89438278692867,Family_Man
152,5708,3.3465557115478504,Family_Man
153,5597,2.713933637105599,Budget_Student
153,2442,5.0,Budget_Student
153,6776,1.254619384075586,Budget_Student
153,3979,3.986924190676759,Budget_Student
153,9405,3.3317922385658587,Budget_Student
153,2725,5.0,Budget_Student
153,8621,3.3427645572340188,Budget_Student
153,2432,2.802873994493216,Budget_Student
153,9146,3.109273126029403,Budget_Student
153,3640,3.4514327224534935,Budget_Student
153,5273,3.2860438331420343,Budget_Student
153,4770,3.495580212714438,Budget_Student
153,4816,1.3665295337204104,Budget_Student
153,2227,2.833614483459045,Budget_Student
153,5163,5.0,Budget_Student
153,3548,1.0011418651349668,Budget_Student
153,2793,3.129223452379338,Budget_Student
153,8096,3.774669224604462,Budget_Student
153,2813,3.938842053333408,Budget_Student
154,66,3.311356032780564,Speed_Racer
154,7714,5.0,Speed_Racer
154,8678,2.82530221590059,Speed_Racer
154,8884,3.2694533626549864,Speed_Racer
154,6539,3.4867883684301657,Speed_Racer
154,9031,4.381293127720778,Speed_Racer
154,905,4.846810575460064,Speed_Racer
154,2101,2.636117692380415,Speed_Racer
154,5828,2.634613847935323,Speed_Racer
154,8381,2.053272178754509,Speed_Racer
154,9777,5.0,Speed_Racer
154,5711,2.5298280176228607,Speed_Racer
154,1210,2.7443748407523056,Speed_Racer
154,3137,2.2563439836688985,Speed_Racer
154,2396,2.534368398671878,Speed_Racer
154,6023,3.63476242567119,Speed_Racer
154,3330,3.246638085976967,Speed_Racer
154,7798,2.848201697637541,Speed_Racer
154,4093,3.4275257677605064,Speed_Racer
154,2691,2.768223310243498,Speed_Racer
154,6712,2.565480270116863,Speed_Racer
154,7405,2.2078727395279465,Speed_Racer
155,7041,1.2400140981229593,Eco_Warrior
155,3867,2.984729150509816,Eco_Warrior
155,4290,3.248238507062854,Eco_Warrior
155,666,1.0,Eco_Warrior
155,4370,2.5182909387014085,Eco_Warrior
155,611,1.121108013146781,Eco_Warrior
155,9261,2.6269968830534816,Eco_Warrior
155,3736,2.7964492777719876,Eco_Warrior
155,2023,3.3512409320318435,Eco_Warrior
155,504,1.7898058712803437,Eco_Warrior
155,5349,3.126053442537562,Eco_Warrior
155,2812,1.0,Eco_Warrior
155,9791,1.0830696237462885,Eco_Warrior
155,6862,3.1827005464432703,Eco_Warrior
155,8255,3.07461366094954,Eco_Warrior
155,303,3.2632199021972403,Eco_Warrior
155,10261,3.3366170291119444,Eco_Warrior
155,13,2.7360432349790487,Eco_Warrior
155,8658,3.513341575452072,Eco_Warrior
155,3739,1.1803620330602973,Eco_Warrior
155,4320,2.80057490817342,Eco_Warrior
156,8371,4.407639042343465,Family_Man
156,6289,3.293913019180449,Family_Man
156,7113,3.060558496570353,Family_Man
156,7799,3.336252292065677,Family_Man
156,10133,4.631379929165355,Family_Man
156,315,4.693680120764611,Family_Man
156,7462,3.6589671621521713,Family_Man
156,9009,3.654458714825743,Family_Man
156,2424,5.0,Family_Man
156,7028,4.2647270647006446,Family_Man
156,9499,5.0,Family_Man
156,6995,3.5203627607059857,Family_Man
156,7096,3.780730108891279,Family_Man
156,5804,5.0,Family_Man
156,5543,3.56332079648546,Family_Man
156,6894,3.55174467756991,Family_Man
157,875,2.8404731063391897,Eco_Warrior
157,6813,1.0,Eco_Warrior
157,217,2.548849427174485,Eco_Warrior
157,9564,2.8935733706015023,Eco_Warrior
157,139,3.386047125758779,Eco_Warrior
157,9326,3.1401935888044936,Eco_Warrior
157,9417,3.4568109355997416,Eco_Warrior
157,6032,2.9992111488028854,Eco_Warrior
157,5288,3.2257933688366744,Eco_Warrior
157,8831,1.1308384706980439,Eco_Warrior
157,285,3.089022448686467,Eco_Warrior
157,63,1.0,Eco_Warrior
157,8936,1.0,Eco_Warrior
157,7468,2.361528153711011,Eco_Warrior
157,5605,1.1722018880026146,Eco_Warrior
157,1232,2.857722992869687,Eco_Warrior
158,9068,3.2296533647939127,Eco_Warrior
158,8445,3.1816430362870958,Eco_Warrior
158,7273,1.0596610742436479,Eco_Warrior
158,7053,2.8302663045481213,Eco_Warrior
158,873,2.4713252856604457,Eco_Warrior
158,10181,3.5260419561277647,Eco_Warrior
158,1879,3.298531653404555,Eco_Warrior
158,5520,1.0,Eco_Warrior
158,7034,2.7789199036595678,Eco_Warrior
158,7050,3.247515024948191,Eco_Warrior
158,8879,2.742377617170457,Eco_Warrior
158,1604,1.3629891095376512,Eco_Warrior
158,7435,2.8842212828109313,Eco_Warrior
158,7871,3.0614122764585336,Eco_Warrior
158,638,1.0,Eco_Warrior
158,50,3.2034793660065413,Eco_Warrior
158,217,2.9743028169455497,Eco_Warrior
158,2688,1.0,Eco_Warrior
158,621,1.0,Eco_Warrior
158,1997,2.571828229884315,Eco_Warrior
158,9662,3.304538161997243,Eco_Warrior
159,9874,3.1172499442142936,Speed_Racer
159,5284,2.8554554250878894,Speed_Racer
159,1047,5.0,Speed_Racer
159,3451,2.5490490729211226,Speed_Racer
159,9344,3.0292851016038504,Speed_Racer
159,9870,1.5332468803146462,Speed_Racer
159,2846,4.7546810080621675,Speed_Racer
159,8050,4.773268996237549,Speed_Racer
159,6206,2.946836111036003,Speed_Racer
159,7987,2.4535656866676443,Speed_Racer
159,1964,2.6298682417593673,Speed_Racer
159,5539,3.375422449808225,Speed_Racer
159,3713,2.0792694374737053,Speed_Racer
159,7404,3.706790815952135,Speed_Racer
159,579,3.114434327661475,Speed_Racer
159,4142,2.5527196476474687,Speed_Racer
159,4458,3.187845590911816,Speed_Racer
159,7552,2.4122552390568193,Speed_Racer
159,4242,2.5756791181132472,Speed_Racer
159,548,3.1561436766012703,Speed_Racer
159,5992,3.867953525479078,Speed_Racer
160,6202,1.15728183874885,Eco_Warrior
160,1102,1.2895432824667585,Eco_Warrior
160,6980,2.6755286812448382,Eco_Warrior
160,3033,2.7736841825213174,Eco_Warrior
160,1486,3.437978983617107,Eco_Warrior
160,4813,4.26241204450488,Eco_Warrior
160,8008,3.012335860248765,Eco_Warrior
160,10265,2.6150864481824305,Eco_Warrior
160,1497,2.580536355084582,Eco_Warrior
160,6341,2.962108023510206,Eco_Warrior
160,8203,1.7006507298274085,Eco_Warrior
160,1999,2.6458244210508366,Eco_Warrior
160,9270,1.0,Eco_Warrior
160,3532,2.7655120600705723,Eco_Warrior
160,7735,2.0795160690699808,Eco_Warrior
160,9154,1.0,Eco_Warrior
160,3954,2.6012689493420025,Eco_Warrior
160,7417,2.8503354663414524,Eco_Warrior
160,2520,1.0,Eco_Warrior
161,9311,4.696201772173159,Family_Man
161,8929,5.0,Family_Man
161,9005,5.0,Family_Man
161,4692,4.467207226993667,Family_Man
161,10105,4.582445401648266,Family_Man
161,9756,3.414843110596655,Family_Man
161,7756,3.21994489213411,Family_Man
161,2440,4.31937277630345,Family_Man
161,1490,3.6577892057641765,Family_Man
161,3385,4.047423775016982,Family_Man
161,10192,4.439090719980992,Family_Man
161,7084,3.049842759746096,Family_Man
161,9060,4.287552855049711,Family_Man
161,404,4.64142062261641,Family_Man
161,8308,5.0,Family_Man
161,1820,4.826808158509408,Family_Man
161,1927,4.221810780775704,Family_Man
161,9953,4.300134300141907,Family_Man
161,9177,5.0,Family_Man
161,8453,5.0,Family_Man
161,8090,4.185089933128406,Family_Man
162,8547,1.5102245874510862,Luxury_Boss
162,1774,3.305614121191508,Luxury_Boss
162,7441,1.5919452443712094,Luxury_Boss
162,8347,1.5678269905927071,Luxury_Boss
162,8327,2.4197578762302987,Luxury_Boss
162,7085,2.2478925639828766,Luxury_Boss
162,5508,2.2451961266159772,Luxury_Boss
162,6557,1.7715649720042572,Luxury_Boss
162,5119,2.1391784476566214,Luxury_Boss
162,8746,3.2334783506059983,Luxury_Boss
162,3715,1.8138228496902753,Luxury_Boss
162,10222,1.9143882141486794,Luxury_Boss
162,9968,2.3425853229972007,Luxury_Boss
162,6957,2.128661858528159,Luxury_Boss
162,6131,2.2570649831174,Luxury_Boss
162,9913,1.873419973300941,Luxury_Boss
162,919,1.831833171753371,Luxury_Boss
162,214,1.719237901185982,Luxury_Boss
162,994,5.0,Luxury_Boss
162,4490,2.40939405453915,Luxury_Boss
162,5558,2.2620721562120467,Luxury_Boss
162,8393,2.1485279775812125,Luxury_Boss
162,5490,3.631282503852594,Luxury_Boss
162,3999,4.4490947485341135,Luxury_Boss
163,459,2.8215698791960655,Speed_Racer
163,579,3.3596888073296998,Speed_Racer
163,9290,3.273704309744287,Speed_Racer
163,1513,2.5094033903409714,Speed_Racer
163,9381,3.6233422004902427,Speed_Racer
163,2927,2.2892742224266383,Speed_Racer
163,8212,2.131676076143426,Speed_Racer
163,9317,2.1562376745372243,Speed_Racer
163,5118,2.586467628781172,Speed_Racer
163,5532,2.504697666481709,Speed_Racer
163,8984,3.201947510596292,Speed_Racer
163,349,3.275686785697469,Speed_Racer
163,8816,1.518225956960503,Speed_Racer
163,8586,3.7936034061305013,Speed_Racer
163,9009,5.0,Speed_Racer
163,6133,2.8222682058973882,Speed_Racer
163,9886,2.0283985348934093,Speed_Racer
164,7812,3.174370051762281,Luxury_Boss
164,8740,4.132948917688997,Luxury_Boss
164,4288,2.4126280522875203,Luxury_Boss
164,6932,2.3425126681065342,Luxury_Boss
164,8135,2.022356852970839,Luxury_Boss
164,8357,1.6235083860713921,Luxury_Boss
164,4618,2.1071588564267265,Luxury_Boss
164,1416,2.3591051569109167,Luxury_Boss
164,7100,4.309745073102232,Luxury_Boss
164,4128,1.9925458761085666,Luxury_Boss
164,6737,2.3129967067406527,Luxury_Boss
164,6330,1.6161847784162773,Luxury_Boss
164,1590,3.0503219260812915,Luxury_Boss
164,198,2.0815992856168384,Luxury_Boss
164,6351,4.349434270318409,Luxury_Boss
164,2678,2.030594778235731,Luxury_Boss
164,1836,2.0810847219589954,Luxury_Boss
164,7664,1.9099683842326325,Luxury_Boss
164,3296,4.636316235439326,Luxury_Boss
164,9306,1.688567564625425,Luxury_Boss
164,8197,1.9336553566442434,Luxury_Boss
165,848,5.0,Luxury_Boss
165,4505,2.0912951631176067,Luxury_Boss
165,2943,2.046991096510842,Luxury_Boss
165,6423,2.0886587680697293,Luxury_Boss
165,2756,3.5076792518291677,Luxury_Boss
165,2683,1.5310396628899483,Luxury_Boss
165,5192,2.0350316403617112,Luxury_Boss
165,3896,2.437264657642805,Luxury_Boss
165,504,5.0,Luxury_Boss
165,9302,3.5996368642979952,Luxury_Boss
165,2399,1.6524586467900013,Luxury_Boss
165,8904,4.499783506229471,Luxury_Boss
165,1866,5.0,Luxury_Boss
165,5543,3.525410755492653,Luxury_Boss
165,141,2.063476935039118,Luxury_Boss
165,2658,2.3649393023476124,Luxury_Boss
165,8039,3.3633366315501,Luxury_Boss
165,4082,1.8718900938044176,Luxury_Boss
165,9688,2.64646042224674,Luxury_Boss
165,3312,3.3607629799155387,Luxury_Boss
165,8243,2.034420203275665,Luxury_Boss
165,6748,2.5836810768109855,Luxury_Boss
165,882,2.1140382476821644,Luxury_Boss
166,10285,5.0,Family_Man
166,1012,4.838278482572308,Family_Man
166,2568,1.7942280649488878,Family_Man
166,7095,4.837637509272955,Family_Man
166,3177,5.0,Family_Man
166,9237,4.4876835562932325,Family_Man
166,2053,4.025225798707368,Family_Man
166,124,5.0,Family_Man
166,1251,4.009728384276666,Family_Man
166,9098,4.064695130394718,Family_Man
166,1444,1.7110834159041914,Family_Man
166,5523,5.0,Family_Man
166,4728,4.205961091520992,Family_Man
166,6060,4.196545963353737,Family_Man
166,4978,4.322402003146671,Family_Man
166,2191,3.352593236075674,Family_Man
166,6885,3.013031977571231,Family_Man
166,4861,4.210837796208704,Family_Man
166,5606,3.1200494280113356,Family_Man
166,4532,3.7090790347161597,Family_Man
167,6748,2.493151022320763,Luxury_Boss
167,9608,2.34812837413616,Luxury_Boss
167,1496,1.6964719472064576,Luxury_Boss
167,902,2.0380973063973498,Luxury_Boss
167,7286,2.15652303769504,Luxury_Boss
167,6996,1.6356179675683853,Luxury_Boss
167,4963,3.5645473706126745,Luxury_Boss
167,9067,1.9774340138697348,Luxury_Boss
167,5258,2.1367489599358835,Luxury_Boss
167,5452,2.393964561519465,Luxury_Boss
167,3969,1.8030464657240093,Luxury_Boss
167,9865,1.7641760452095423,Luxury_Boss
167,2480,2.4511367120845113,Luxury_Boss
167,7533,1.7271291656610104,Luxury_Boss
167,5953,2.4065986716392604,Luxury_Boss
168,4216,1.8488347460338312,Eco_Warrior
168,7834,3.446423105270389,Eco_Warrior
168,4516,2.6333923754715487,Eco_Warrior
168,5731,3.4740163888484874,Eco_Warrior
168,8371,2.5014919404697573,Eco_Warrior
168,9417,3.2752635890835013,Eco_Warrior
168,3704,1.378909828477732,Eco_Warrior
168,9923,1.7673458854705235,Eco_Warrior
168,4452,2.758279760285985,Eco_Warrior
168,6231,3.096708317726878,Eco_Warrior
168,5567,2.602277201117951,Eco_Warrior
168,2652,3.0667007509754205,Eco_Warrior
168,6988,1.0925810968662195,Eco_Warrior
168,5762,2.8387851668939392,Eco_Warrior
168,6564,2.93490448789441,Eco_Warrior
168,7875,1.2789075385871822,Eco_Warrior
168,3077,2.5057853144105176,Eco_Warrior
169,7887,2.5219078138470885,Speed_Racer
169,6457,2.7008115198398217,Speed_Racer
169,8110,2.2798732720566055,Speed_Racer
169,5090,3.0032831196184415,Speed_Racer
169,5910,2.6380451123876054,Speed_Racer
169,9938,2.23341746313411,Speed_Racer
169,5510,3.3162003141866196,Speed_Racer
169,7682,2.663082926900387,Speed_Racer
169,2102,2.8974059826964322,Speed_Racer
169,1526,3.4586741090464725,Speed_Racer
169,5878,2.463967495473526,Speed_Racer
169,6964,2.8406305149542956,Speed_Racer
169,1019,2.463860002509671,Speed_Racer
169,8972,4.391207663746837,Speed_Racer
169,1942,3.4703275226174113,Speed_Racer
169,3145,2.7536662210074114,Speed_Racer
169,5527,2.6022576384057268,Speed_Racer
169,9646,2.563508831562715,Speed_Racer
169,398,2.0526469702983556,Speed_Racer
169,7034,2.7354195471163085,Speed_Racer
169,3527,3.539026812649565,Speed_Racer
169,4650,3.3357611031352388,Speed_Racer
170,358,2.9981900057308724,Speed_Racer
170,9790,3.418136216660865,Speed_Racer
170,5052,3.660459546135124,Speed_Racer
170,6193,3.1566474489437195,Speed_Racer
170,5393,2.738009203305288,Speed_Racer
170,6394,4.5991129516831135,Speed_Racer
170,3712,3.604828491600373,Speed_Racer
170,4559,4.307256932058817,Speed_Racer
170,7640,4.632747179381399,Speed_Racer
170,7244,2.5009454896138577,Speed_Racer
170,232,3.9933090579694985,Speed_Racer
170,172,5.0,Speed_Racer
170,6899,3.3760608275084594,Speed_Racer
170,2607,2.076862220456723,Speed_Racer
170,4099,3.487659212042367,Speed_Racer
170,4148,2.7309958118913347,Speed_Racer
170,9276,3.7905921631927,Speed_Racer
170,2497,2.6566302128892056,Speed_Racer
170,5318,2.6894777293064833,Speed_Racer
170,2507,2.533381477575034,Speed_Racer
170,4501,4.083394681105459,Speed_Racer
171,2003,3.3501513954313245,Budget_Student
171,8466,4.6848245033521225,Budget_Student
171,6385,5.0,Budget_Student
171,6987,3.365291926116804,Budget_Student
171,4559,2.7690206858565283,Budget_Student
171,6376,1.9745656037289965,Budget_Student
171,8620,3.7325727315302086,Budget_Student
171,3475,3.9067253082944156,Budget_Student
171,1357,3.27095364441659,Budget_Student
171,9071,4.878546567033761,Budget_Student
171,3526,3.6094014104886805,Budget_Student
171,6311,3.050600258265653,Budget_Student
171,149,5.0,Budget_Student
171,2205,3.196840959582682,Budget_Student
171,3714,3.264422533225147,Budget_Student
172,1443,3.364758072695307,Budget_Student
172,6493,4.737651700963097,Budget_Student
172,1697,3.079463282197252,Budget_Student
172,8666,5.0,Budget_Student
172,4514,3.4625752535696765,Budget_Student
172,4646,4.550071840721249,Budget_Student
172,2461,3.770692236435072,Budget_Student
172,3480,2.71053236409296,Budget_Student
172,2000,5.0,Budget_Student
172,3695,3.3041646322733187,Budget_Student
172,3534,1.1422066118789251,Budget_Student
172,4442,3.004961701320427,Budget_Student
172,915,3.362522751081401,Budget_Student
172,1109,3.1064212893424004,Budget_Student
172,2799,5.0,Budget_Student
172,8075,3.2280279183009086,Budget_Student
172,7132,5.0,Budget_Student
172,10049,3.302474288749255,Budget_Student
172,5238,5.0,Budget_Student
172,4115,3.1800259651562652,Budget_Student
172,1379,5.0,Budget_Student
172,5751,5.0,Budget_Student
172,5810,3.8712051069233766,Budget_Student
173,8469,2.9793309436837316,Eco_Warrior
173,8881,2.5345365602538816,Eco_Warrior
173,1213,2.55304035113583,Eco_Warrior
173,1205,1.0,Eco_Warrior
173,10155,1.0,Eco_Warrior
173,5527,2.7339018064631033,Eco_Warrior
173,7850,2.6287870467667562,Eco_Warrior
173,10010,3.121574225979006,Eco_Warrior
173,9134,3.3717607122694524,Eco_Warrior
173,9171,3.2408498542688857,Eco_Warrior
173,7955,1.0483848328899672,Eco_Warrior
173,2016,3.2017063271765522,Eco_Warrior
173,6332,3.469287581857798,Eco_Warrior
173,7225,2.895288637934904,Eco_Warrior
173,1093,2.5109676900261437,Eco_Warrior
173,464,3.054830604783545,Eco_Warrior
173,7126,2.7878589791818706,Eco_Warrior
173,3976,3.1199089789385557,Eco_Warrior
173,8099,2.928825798002311,Eco_Warrior
173,1468,2.502177658561804,Eco_Warrior
173,5583,4.373243926089737,Eco_Warrior
174,9491,3.290695812332266,Budget_Student
174,1783,4.3316548152189585,Budget_Student
174,8875,2.6650612923496544,Budget_Student
174,6203,1.4584305846970818,Budget_Student
174,4151,3.2172496768165937,Budget_Student
174,2046,2.841268784639312,Budget_Student
174,1692,5.0,Budget_Student
174,5261,3.478118178998114,Budget_Student
174,3965,3.3982413312436783,Budget_Student
174,6322,1.0737369967391799,Budget_Student
174,2514,2.8489111919579937,Budget_Student
174,2484,5.0,Budget_Student
174,1158,3.3386300003445113,Budget_Student
174,5005,4.991194762688382,Budget_Student
174,2141,2.8224355339076954,Budget_Student
174,5972,3.953900504696955,Budget_Student
174,5611,3.3582914232001975,Budget_Student
174,5545,3.055317428274803,Budget_Student
174,9717,5.0,Budget_Student
174,535,5.0,Budget_Student
174,6433,4.822483946681565,Budget_Student
174,8285,5.0,Budget_Student
174,2590,5.0,Budget_Student
174,5339,5.0,Budget_Student
175,8842,3.3278628160723724,Budget_Student
175,7403,2.973359818950328,Budget_Student
175,266,3.1758965268324273,Budget_Student
175,732,1.0,Budget_Student
175,4527,2.5570033745624214,Budget_Student
175,3120,1.4231058261710985,Budget_Student
175,7410,3.2571680199135034,Budget_Student
175,5919,3.010191339663854,Budget_Student
175,7652,2.7173384900926134,Budget_Student
175,7590,3.0568181349960586,Budget_Student
175,5215,2.9152747617784307,Budget_Student
175,10278,5.0,Budget_Student
175,9679,3.2183314671493894,Budget_Student
175,8906,5.0,Budget_Student
175,5453,1.7193730744148583,Budget_Student
175,8064,4.682138531854692,Budget_Student
175,7730,5.0,Budget_Student
175,869,5.0,Budget_Student
175,3670,2.9029409828335835,Budget_Student
175,5448,5.0,Budget_Student
176,4506,2.3583582438101462,Luxury_Boss
176,7942,3.5831877838790556,Luxury_Boss
176,1080,1.77749722169543,Luxury_Boss
176,5219,2.4446533993257673,Luxury_Boss
176,8458,3.0206866466648012,Luxury_Boss
176,4388,1.5016586163282502,Luxury_Boss
176,9196,1.9842569814593558,Luxury_Boss
176,9434,2.054173802231313,Luxury_Boss
176,528,2.231264384629989,Luxury_Boss
176,2608,1.503124844690117,Luxury_Boss
176,6258,2.0404094279626817,Luxury_Boss
176,8621,1.9259277503085825,Luxury_Boss
176,4122,1.9119991343143559,Luxury_Boss
176,767,3.2220111909215654,Luxury_Boss
176,4594,2.0078422901131283,Luxury_Boss
176,3338,3.148894863291019,Luxury_Boss
176,838,1.5757295952581298,Luxury_Boss
176,3435,1.664411147238641,Luxury_Boss
176,4090,2.9589232028389763,Luxury_Boss
176,3099,2.2086212697068364,Luxury_Boss
176,754,2.308467889627117,Luxury_Boss
176,713,2.2477050451318963,Luxury_Boss
176,6321,2.16761966027775,Luxury_Boss
176,4025,2.0389564029128056,Luxury_Boss
177,2600,3.0289412557664424,Budget_Student
177,4719,2.8153716641533615,Budget_Student
177,2741,5.0,Budget_Student
177,7494,4.573338068853369,Budget_Student
177,6986,4.549371626648496,Budget_Student
177,4764,5.0,Budget_Student
177,10249,5.0,Budget_Student
177,1771,1.2135239075434432,Budget_Student
177,8871,2.616598710372961,Budget_Student
177,1614,4.249070262718368,Budget_Student
177,9950,4.04353099787827,Budget_Student
177,4965,5.0,Budget_Student
177,8429,3.318791128420255,Budget_Student
177,8346,3.9406090414056996,Budget_Student
177,9340,3.4622946294958554,Budget_Student
177,1271,3.294633846125049,Budget_Student
177,5444,3.8702155755219825,Budget_Student
177,1612,2.896226311195278,Budget_Student
178,2858,2.0487626062126356,Speed_Racer
178,10013,3.626496429356342,Speed_Racer
178,7854,4.860684926386472,Speed_Racer
178,8344,2.014329025246756,Speed_Racer
178,746,2.01484990120821,Speed_Racer
178,9493,3.172774044725882,Speed_Racer
178,2128,3.8784163093588098,Speed_Racer
178,5221,3.8550872925485704,Speed_Racer
178,1796,3.192852594094174,Speed_Racer
178,4337,2.56769186751406,Speed_Racer
178,5440,3.002850220160916,Speed_Racer
178,2357,3.216125103177436,Speed_Racer
178,867,3.6190064612046844,Speed_Racer
178,2297,2.5395194438298363,Speed_Racer
178,7319,3.0023218873454853,Speed_Racer
178,6347,2.312921790446132,Speed_Racer
178,7564,2.8654034445111813,Speed_Racer
178,8858,3.3861905814279476,Speed_Racer
178,8256,2.935974911001718,Speed_Racer
178,4751,2.442841608505496,Speed_Racer
179,7801,3.5239245597532625,Speed_Racer
179,10169,3.3043888074867596,Speed_Racer
179,4165,3.686315057680898,Speed_Racer
179,8044,3.3357668763099104,Speed_Racer
179,5345,3.233156663649665,Speed_Racer
179,746,2.1890865276701734,Speed_Racer
179,1947,2.2665079574996723,Speed_Racer
179,9900,4.211704852905709,Speed_Racer
179,9271,3.366480779480989,Speed_Racer
179,6008,4.733434975906301,Speed_Racer
179,9347,3.736417803494986,Speed_Racer
179,7589,3.462959171532214,Speed_Racer
179,1055,2.4893310403924795,Speed_Racer
179,2109,3.0746151141511677,Speed_Racer
179,2480,3.198186022270212,Speed_Racer
179,3742,2.7101783756858473,Speed_Racer
179,3933,3.1258863717742695,Speed_Racer
179,8226,3.0253789630157,Speed_Racer
179,6169,3.3164029453260007,Speed_Racer
179,1343,2.1417551529659793,Speed_Racer
179,7137,2.6205692497140767,Speed_Racer
180,2566,3.604657134725332,Speed_Racer
180,2445,2.949192843605877,Speed_Racer
180,3971,3.536802778663765,Speed_Racer
180,1810,2.3227423850733393,Speed_Racer
180,6427,3.51272274974328,Speed_Racer
180,3479,2.6312902539370437,Speed_Racer
180,429,2.536094823970169,Speed_Racer
180,9039,3.8032327491163977,Speed_Racer
180,3453,3.1086195524871085,Speed_Racer
180,9688,3.1143542200118643,Speed_Racer
180,4244,3.0329849610664588,Speed_Racer
180,8563,3.331194410180459,Speed_Racer
180,1265,4.463173181826226,Speed_Racer
180,2309,2.2778395017201434,Speed_Racer
180,7863,3.430469884939476,Speed_Racer
180,7508,5.0,Speed_Racer
180,638,2.6348420990748074,Speed_Racer
180,8193,3.5789655944592758,Speed_Racer
180,4294,2.3620984993016814,Speed_Racer
180,2286,2.775250961599428,Speed_Racer
180,2377,2.1032738303869305,Speed_Racer
180,6872,5.0,Speed_Racer
180,428,2.8990976347788733,Speed_Racer
181,81,3.1211677545336816,Family_Man
181,1501,5.0,Family_Man
181,5141,5.0,Family_Man
181,4124,4.66966725025558,Family_Man
181,9573,3.4267057154303737,Family_Man
181,7094,4.263864664754811,Family_Man
181,3041,4.8554958910501,Family_Man
181,1446,3.372532591130099,Family_Man
181,9509,3.1945093212352043,Family_Man
181,3557,3.5378744621189595,Family_Man
181,3312,5.0,Family_Man
181,4702,5.0,Family_Man
181,7706,5.0,Family_Man
181,7183,4.869015525111429,Family_Man
181,4196,5.0,Family_Man
181,4529,3.1660476954329333,Family_Man
181,1751,4.482539638551686,Family_Man
181,8078,4.451901042676888,Family_Man
181,19,5.0,Family_Man
181,8920,5.0,Family_Man
181,7130,4.413020578944093,Family_Man
181,3471,4.72549983191269,Family_Man
182,7037,3.3383026813400662,Speed_Racer
182,4446,2.1078943461311703,Speed_Racer
182,10270,3.72898934177824,Speed_Racer
182,3374,3.1728840026177645,Speed_Racer
182,9675,2.1814524706723626,Speed_Racer
182,8735,2.940382820316325,Speed_Racer
182,2986,2.2464147442715627,Speed_Racer
182,10143,2.749838512076776,Speed_Racer
182,10147,3.4549627209765266,Speed_Racer
182,4660,2.3705769408603485,Speed_Racer
182,4739,2.724369467578779,Speed_Racer
182,2084,5.0,Speed_Racer
182,4290,3.2943753923493997,Speed_Racer
182,3505,3.481516754326615,Speed_Racer
182,9063,1.5585694904788676,Speed_Racer
182,854,3.259288000382225,Speed_Racer
182,7001,3.468248187429363,Speed_Racer
182,9406,3.6318614147176786,Speed_Racer
182,4159,2.973648456830673,Speed_Racer
182,639,2.4198075773510532,Speed_Racer
182,6234,2.820700758818728,Speed_Racer
182,8397,2.706968132712415,Speed_Racer
182,9065,3.8041378254607214,Speed_Racer
183,7078,5.0,Budget_Student
183,10099,5.0,Budget_Student
183,6429,3.7782545875013707,Budget_Student
183,9123,3.351722067072994,Budget_Student
183,8586,3.2012919553774912,Budget_Student
183,730,1.0423838429632135,Budget_Student
183,9313,2.7097909769650457,Budget_Student
183,8865,3.861594122139641,Budget_Student
183,3154,2.2695827425752277,Budget_Student
183,2429,3.7587902033908875,Budget_Student
183,1516,3.4495063239327433,Budget_Student
183,4771,2.649911531061609,Budget_Student
183,5882,1.762439855505482,Budget_Student
183,8515,2.871212352637093,Budget_Student
183,6425,5.0,Budget_Student
184,1733,3.163512658967795,Speed_Racer
184,10234,3.3937906047569504,Speed_Racer
184,9618,3.350956148522225,Speed_Racer
184,10263,3.4015421400339836,Speed_Racer
184,5515,4.016072407377697,Speed_Racer
184,9244,2.9840791819418704,Speed_Racer
184,8275,1.9511611647891791,Speed_Racer
184,8339,3.767515874401443,Speed_Racer
184,6465,2.418575554545159,Speed_Racer
184,1883,3.805813732531398,Speed_Racer
184,5612,3.0424400416615813,Speed_Racer
184,659,2.1859482332323887,Speed_Racer
184,9375,2.8202179754375765,Speed_Racer
184,2772,5.0,Speed_Racer
184,229,4.104208091395499,Speed_Racer
184,8583,2.2710312964015413,Speed_Racer
184,4292,2.7481863729326395,Speed_Racer
184,1416,3.474541151309826,Speed_Racer
184,6383,5.0,Speed_Racer
184,1387,2.2341792840573445,Speed_Racer
185,1732,1.423545355773562,Eco_Warrior
185,8667,3.3797886009210463,Eco_Warrior
185,1012,2.9877397920965656,Eco_Warrior
185,932,2.9283458166431298,Eco_Warrior
185,6200,2.8172074484131326,Eco_Warrior
185,6956,3.2492640364451058,Eco_Warrior
185,9416,2.6584808047600905,Eco_Warrior
185,9204,3.09604432121478,Eco_Warrior
185,9474,2.5493282229838847,Eco_Warrior
185,2329,1.0,Eco_Warrior
185,10045,2.6620970945855262,Eco_Warrior
185,2883,2.8527206675523207,Eco_Warrior
185,251,1.0831819693931362,Eco_Warrior
185,6068,3.4309946880934574,Eco_Warrior
185,444,2.6345524154990496,Eco_Warrior
185,2565,3.259532287249357,Eco_Warrior
186,9832,2.9639642406303093,Eco_Warrior
186,1758,3.2112787644306016,Eco_Warrior
186,3913,2.506678142950947,Eco_Warrior
186,5463,1.0,Eco_Warrior
186,6839,3.265348645489441,Eco_Warrior
186,3028,3.3298686777958864,Eco_Warrior
186,719,2.750644352859191,Eco_Warrior
186,8804,1.0,Eco_Warrior
186,2185,3.380020354760049,Eco_Warrior
186,6616,3.0248715163159425,Eco_Warrior
186,10166,3.0955843842502384,Eco_Warrior
186,6176,1.0505813286192858,Eco_Warrior
186,2749,1.0,Eco_Warrior
186,9205,2.5771893954547185,Eco_Warrior
186,517,2.8866139285571215,Eco_Warrior
186,10047,2.642911542301113,Eco_Warrior
187,7368,5.0,Family_Man
187,5487,3.045129666934767,Family_Man
187,9477,4.5995627038453435,Family_Man
187,6561,3.2139578632349677,Family_Man
187,2131,4.007379725151341,Family_Man
187,8712,4.360534081112962,Family_Man
187,5272,5.0,Family_Man
187,9230,4.9854644192281405,Family_Man
187,3682,3.861168466000496,Family_Man
187,3225,3.9448822007840505,Family_Man
187,430,5.0,Family_Man
187,2480,5.0,Family_Man
187,6764,5.0,Family_Man
187,2451,3.0411776260486536,Family_Man
187,3025,2.9168816565967566,Family_Man
187,11,2.9945931039264235,Family_Man
188,2564,4.876395993141334,Speed_Racer
188,4710,3.056733616583971,Speed_Racer
188,4593,2.5447580631323277,Speed_Racer
188,1700,3.5665716011831226,Speed_Racer
188,2759,4.385989922790699,Speed_Racer
188,1557,3.2672765262576613,Speed_Racer
188,4052,3.5217733460329286,Speed_Racer
188,9312,2.337979278742895,Speed_Racer
188,7586,3.5421472712469066,Speed_Racer
188,6829,3.1973278996889456,Speed_Racer
188,5272,3.261848338272503,Speed_Racer
188,8566,2.1440012792894305,Speed_Racer
188,1902,2.0380256653549735,Speed_Racer
188,4158,2.1155564665272237,Speed_Racer
188,4142,2.4957901069909494,Speed_Racer
188,6768,3.06159983928707,Speed_Racer
188,5725,2.1790875059310633,Speed_Racer
188,6910,2.875201777638574,Speed_Racer
188,7851,3.341783034043193,Speed_Racer
188,9625,3.536811005939974,Speed_Racer
188,4498,3.8772426295807882,Speed_Racer
188,9600,2.6799161511085146,Speed_Racer
188,5565,3.303362958945959,Speed_Racer
188,107,2.313612700476228,Speed_Racer
189,3878,2.947063336405167,Eco_Warrior
189,6952,3.0500231240849383,Eco_Warrior
189,4279,3.0383721123261185,Eco_Warrior
189,6077,2.171392625939662,Eco_Warrior
189,3281,2.900190627104901,Eco_Warrior
189,9669,1.3304515530133587,Eco_Warrior
189,9591,1.7579790069603294,Eco_Warrior
189,968,2.9338018709454277,Eco_Warrior
189,8607,2.5875516763811848,Eco_Warrior
189,4813,4.13191121509454,Eco_Warrior
189,7797,2.734403815323307,Eco_Warrior
189,3740,1.9640783355539537,Eco_Warrior
189,7546,1.4996570720107587,Eco_Warrior
189,8309,3.1015877460485832,Eco_Warrior
189,4532,3.135037146517994,Eco_Warrior
189,7754,3.3451631093717005,Eco_Warrior
189,3295,1.334426195063899,Eco_Warrior
189,5689,3.292811626161427,Eco_Warrior
189,7968,2.616294613954941,Eco_Warrior
189,162,3.22910056279579,Eco_Warrior
189,4725,1.0,Eco_Warrior
189,3902,1.6247956471799652,Eco_Warrior
189,8237,3.471192265170713,Eco_Warrior
190,3115,1.072516999565622,Eco_Warrior
190,163,2.6695034494732885,Eco_Warrior
190,2092,1.0,Eco_Warrior
190,899,3.0040308063347676,Eco_Warrior
190,1454,3.3638448348822605,Eco_Warrior
190,4633,3.2685664272770576,Eco_Warrior
190,3203,3.3572729315815257,Eco_Warrior
190,8604,3.245305741524957,Eco_Warrior
190,5195,1.0,Eco_Warrior
190,7094,1.0,Eco_Warrior
190,9656,3.462876158992766,Eco_Warrior
190,6130,1.3361625850328942,Eco_Warrior
190,2376,4.147665917562702,Eco_Warrior
190,9814,1.4934788041557203,Eco_Warrior
190,4505,2.5735025484782,Eco_Warrior
190,1813,2.8020439630606973,Eco_Warrior
190,8290,1.0,Eco_Warrior
190,3152,2.0062694817627884,Eco_Warrior
190,1139,2.52843285679707,Eco_Warrior
190,7218,1.0205088112799017,Eco_Warrior
190,9687,3.0333471969730006,Eco_Warrior
191,6429,4.762732042873488,Family_Man
191,5648,5.0,Family_Man
191,9564,3.679423407885411,Family_Man
191,7893,2.7199597003204734,Family_Man
191,7595,3.7122759373547023,Family_Man
191,4844,3.4707754856499733,Family_Man
191,5693,4.175369359097189,Family_Man
191,267,2.59077396386891,Family_Man
191,4837,3.0327024052711784,Family_Man
191,965,4.258391219410705,Family_Man
191,8466,3.644019634474274,Family_Man
191,10015,4.373148453594169,Family_Man
191,781,4.635088153331722,Family_Man
191,5007,3.2604143505683663,Family_Man
191,8555,3.30757749459654,Family_Man
191,10044,5.0,Family_Man
191,6747,3.0340843975543543,Family_Man
191,5528,4.405252499013966,Family_Man
191,8608,4.583775038682991,Family_Man
191,5068,4.264825169956824,Family_Man
192,1641,3.4138153138304226,Eco_Warrior
192,405,1.0,Eco_Warrior
192,5709,2.9030106708423182,Eco_Warrior
192,858,2.918088476794799,Eco_Warrior
192,3843,2.8482328473228495,Eco_Warrior
192,1980,2.8845564678591566,Eco_Warrior
192,2053,1.4184406727438683,Eco_Warrior
192,8836,3.363656562279456,Eco_Warrior
192,9823,3.0147668314904683,Eco_Warrior
192,290,2.6303610808474076,Eco_Warrior
192,1036,1.0,Eco_Warrior
192,3017,3.4842216201795435,Eco_Warrior
192,5324,3.219721259638341,Eco_Warrior
192,3532,2.714917096787065,Eco_Warrior
192,4223,2.5033857993697377,Eco_Warrior
192,3923,2.7035589188601827,Eco_Warrior
192,5666,3.2029742195119115,Eco_Warrior
192,7659,2.8537120573671952,Eco_Warrior
192,5902,3.498072583227106,Eco_Warrior
192,4318,2.883068625646003,Eco_Warrior
192,7778,2.9988772658387934,Eco_Warrior
192,5868,2.9202664937745317,Eco_Warrior
192,2369,3.168019396166452,Eco_Warrior
192,4278,2.755420477967577,Eco_Warrior
193,5772,1.3903123278192082,Eco_Warrior
193,9743,3.488730984246879,Eco_Warrior
193,9484,2.7019403384079754,Eco_Warrior
193,6481,2.8203634176239656,Eco_Warrior
193,3171,1.182537721025147,Eco_Warrior
193,4831,1.0,Eco_Warrior
193,1473,3.192112811653607,Eco_Warrior
193,8326,2.641572279870913,Eco_Warrior
193,2571,3.219369916746766,Eco_Warrior
193,5867,2.681088709164556,Eco_Warrior
193,7270,2.9067498983491245,Eco_Warrior
193,4523,2.9248508758468144,Eco_Warrior
193,3181,3.237526817307591,Eco_Warrior
193,4095,3.10100683816491,Eco_Warrior
193,10092,1.849341283960526,Eco_Warrior
193,8460,2.5810826857832416,Eco_Warrior
193,282,2.889881708423669,Eco_Warrior
193,3330,2.9027251610013454,Eco_Warrior
193,4409,1.2674924546499744,Eco_Warrior
193,3173,1.9361271852858606,Eco_Warrior
193,9818,3.4631080404434096,Eco_Warrior
193,6026,2.6844646655926603,Eco_Warrior
194,3336,1.0,Eco_Warrior
194,8868,2.602565400976035,Eco_Warrior
194,3552,2.6908952303807276,Eco_Warrior
194,7238,3.3101231958061343,Eco_Warrior
194,2334,3.3571490728243525,Eco_Warrior
194,5917,3.2993323385490623,Eco_Warrior
194,1215,1.288512226872475,Eco_Warrior
194,5962,1.0,Eco_Warrior
194,1049,1.0,Eco_Warrior
194,2412,3.190371798147137,Eco_Warrior
194,2846,1.29567208296876,Eco_Warrior
194,6177,3.0279835625891933,Eco_Warrior
194,7418,1.0,Eco_Warrior
194,4522,3.321274863743989,Eco_Warrior
194,8854,1.0,Eco_Warrior
194,1816,2.0503298664639082,Eco_Warrior
195,9621,3.6293306100129414,Speed_Racer
195,8107,2.5581507391583553,Speed_Racer
195,1677,5.0,Speed_Racer
195,875,2.6729018438955037,Speed_Racer
195,123,3.036746126136239,Speed_Racer
195,3857,3.9089739940438837,Speed_Racer
195,3496,3.0054674269183352,Speed_Racer
195,7825,3.5273944014978964,Speed_Racer
195,7460,5.0,Speed_Racer
195,2555,3.3049658728724505,Speed_Racer
195,683,2.753626031013753,Speed_Racer
195,3653,2.5981635934155864,Speed_Racer
195,9414,2.136072239543553,Speed_Racer
195,3666,3.1310957489032245,Speed_Racer
195,628,2.2753290484993007,Speed_Racer
195,998,2.3441624671566723,Speed_Racer
195,3494,3.124538680384522,Speed_Racer
195,3282,2.5107677960678045,Speed_Racer
195,5470,3.138134797085431,Speed_Racer
196,7092,3.1872403535560445,Speed_Racer
196,3227,3.8722794502937363,Speed_Racer
196,9062,3.361941979200319,Speed_Racer
196,9590,3.387667991244782,Speed_Racer
196,6215,5.0,Speed_Racer
196,6580,3.2722262216108766,Speed_Racer
196,6791,3.287234228866869,Speed_Racer
196,9774,2.530437167867837,Speed_Racer
196,56,4.000153203165193,Speed_Racer
196,9612,2.7039622505603953,Speed_Racer
196,7002,2.3027985938111426,Speed_Racer
196,7955,3.237691456375943,Speed_Racer
196,4129,3.233661660810091,Speed_Racer
196,8185,2.47975937852197,Speed_Racer
196,8561,2.1897702260287693,Speed_Racer
196,4774,5.0,Speed_Racer
196,3077,2.5514123050972146,Speed_Racer
196,376,3.327912469933717,Speed_Racer
196,660,3.1394743740070563,Speed_Racer
197,2971,5.0,Family_Man
197,3410,4.076266721490426,Family_Man
197,6960,4.021202483354499,Family_Man
197,4818,4.186923318618057,Family_Man
197,773,5.0,Family_Man
197,3512,4.6731352628856335,Family_Man
197,81,3.7170955586982184,Family_Man
197,2509,3.0508447033853185,Family_Man
197,3666,2.627683237640849,Family_Man
197,1066,4.778017091874612,Family_Man
197,8744,3.2106704410617555,Family_Man
197,9046,2.6904329209476936,Family_Man
197,9248,3.0016815190539656,Family_Man
197,6948,5.0,Family_Man
197,8976,4.929030570862296,Family_Man
197,4256,3.136673716523124,Family_Man
197,7904,5.0,Family_Man
197,9873,3.8641007621951418,Family_Man
197,3448,5.0,Family_Man
197,10170,4.276245650653593,Family_Man
197,9450,5.0,Family_Man
197,5759,2.5172321270881484,Family_Man
198,1519,3.4217401207275926,Budget_Student
198,4895,3.4186508363295163,Budget_Student
198,10246,1.1932850542651485,Budget_Student
198,8490,3.662967354797612,Budget_Student
198,789,3.8285583874948603,Budget_Student
198,2774,2.936894073442884,Budget_Student
198,3581,5.0,Budget_Student
198,6433,5.0,Budget_Student
198,1389,4.570550587047159,Budget_Student
198,221,3.111094444709021,Budget_Student
198,7643,1.0,Budget_Student
198,9532,3.5549311062651325,Budget_Student
198,2337,4.764641514791747,Budget_Student
198,4532,3.6106958827772098,Budget_Student
198,10069,5.0,Budget_Student
198,6459,5.0,Budget_Student
198,5607,3.4294380470039227,Budget_Student
198,7769,3.165915648295237,Budget_Student
198,1526,2.9772830487094164,Budget_Student
198,1377,1.9149850547323561,Budget_Student
198,2849,3.7853442263199777,Budget_Student
199,6392,1.7988546282425484,Luxury_Boss
199,2422,2.2687462222529744,Luxury_Boss
199,4156,2.232525779614748,Luxury_Boss
199,8528,1.8054028975545215,Luxury_Boss
199,8224,3.761445644157055,Luxury_Boss
199,1603,2.3419188175822825,Luxury_Boss
199,4883,1.981819747892093,Luxury_Boss
199,1969,2.461702730751867,Luxury_Boss
199,3468,2.0950465107801124,Luxury_Boss
199,7594,2.229253532559948,Luxury_Boss
199,8870,2.1004388023373295,Luxury_Boss
199,4567,2.2197641158385055,Luxury_Boss
199,3412,1.8893588374032007,Luxury_Boss
199,9474,2.1075771624750073,Luxury_Boss
199,917,2.378345809733847,Luxury_Boss
199,4650,3.0060639925997714,Luxury_Boss
200,9573,2.183792475482327,Luxury_Boss
200,9041,2.3869136415606977,Luxury_Boss
200,3297,2.116065850180788,Luxury_Boss
200,3675,1.5156456490901724,Luxury_Boss
200,525,2.0026729255450775,Luxury_Boss
200,3809,4.500427863723309,Luxury_Boss
200,1813,3.1587057858206307,Luxury_Boss
200,7650,5.0,Luxury_Boss
200,8065,2.061629856632888,Luxury_Boss
200,7404,1.85569429927807,Luxury_Boss
200,5662,2.1797159950442424,Luxury_Boss
200,3956,1.7989960603101558,Luxury_Boss
200,6464,1.5911491986381536,Luxury_Boss
200,7608,1.8730800293584497,Luxury_Boss
200,5341,1.9720654123176984,Luxury_Boss
200,8454,1.8956780040511703,Luxury_Boss
200,8908,1.5132432126541704,Luxury_Boss
200,5237,2.0229829258719123,Luxury_Boss
200,966,2.351917227861326,Luxury_Boss
200,4378,1.8890525822640065,Luxury_Boss
200,3724,1.9044380734727067,Luxury_Boss
200,1269,3.4139428199396713,Luxury_Boss
200,2702,2.899552103485101,Luxury_Boss
201,3922,2.6106072964133107,Luxury_Boss
201,9766,1.566877160593196,Luxury_Boss
201,3896,2.213208555184059,Luxury_Boss
201,2507,2.8438385828837247,Luxury_Boss
201,6413,5.0,Luxury_Boss
201,6382,4.593154572702952,Luxury_Boss
201,5422,1.6458795382945965,Luxury_Boss
201,2034,1.9900602881693352,Luxury_Boss
201,9920,2.5270372525228653,Luxury_Boss
201,7405,1.5907301469399666,Luxury_Boss
201,7495,1.847434953442633,Luxury_Boss
201,8155,4.170141156168714,Luxury_Boss
201,1536,2.8524575948018542,Luxury_Boss
201,4467,2.2497171960089197,Luxury_Boss
201,6762,1.614836099277221,Luxury_Boss
201,1837,1.6670069637912022,Luxury_Boss
201,3336,4.251016848476531,Luxury_Boss
201,10099,2.928506775107236,Luxury_Boss
201,703,1.7296432389211798,Luxury_Boss
201,2239,2.119146360371128,Luxury_Boss
201,5400,1.6093774847176237,Luxury_Boss
202,6901,2.476054987264104,Luxury_Boss
202,8108,2.2293961262998296,Luxury_Boss
202,6586,2.2967210876800213,Luxury_Boss
202,7850,1.9448484592805009,Luxury_Boss
202,3421,1.927475763491263,Luxury_Boss
202,6690,1.6880606610125302,Luxury_Boss
202,1393,4.236147477461622,Luxury_Boss
202,5283,3.919435528446722,Luxury_Boss
202,10215,1.5332526206175152,Luxury_Boss
202,5000,1.5819423264417585,Luxury_Boss
202,5520,1.903673264311113,Luxury_Boss
202,9947,4.0558378904653,Luxury_Boss
202,3259,2.494044469432821,Luxury_Boss
202,1747,3.459229563207088,Luxury_Boss
202,2501,3.6761976650662964,Luxury_Boss
202,2487,2.260725699399758,Luxury_Boss
202,852,4.836117924251719,Luxury_Boss
202,1236,2.4229666342279104,Luxury_Boss
202,434,1.7098922003328982,Luxury_Boss
202,1408,2.4318818565659908,Luxury_Boss
202,4872,2.05637868776143,Luxury_Boss
202,4994,1.741891771333857,Luxury_Boss
202,7360,2.3103482945742924,Luxury_Boss
203,5343,2.9593915070095482,Eco_Warrior
203,1731,3.077790634201795,Eco_Warrior
203,4704,2.0840218728099567,Eco_Warrior
203,2785,2.7938986580047276,Eco_Warrior
203,3078,2.5679960565465927,Eco_Warrior
203,6664,3.4954344616248623,Eco_Warrior
203,7943,3.0801722201094055,Eco_Warrior
203,9474,2.611941621440111,Eco_Warrior
203,4473,3.611138371507395,Eco_Warrior
203,3507,1.0,Eco_Warrior
203,8878,1.2422897279446752,Eco_Warrior
203,1126,1.274939566584326,Eco_Warrior
203,282,2.5253650206023806,Eco_Warrior
203,7284,1.0,Eco_Warrior
203,5079,2.582826660131015,Eco_Warrior
203,2213,3.127223242159022,Eco_Warrior
203,7878,1.0,Eco_Warrior
203,7494,2.0170117380308694,Eco_Warrior
203,7128,1.0,Eco_Warrior
203,9939,1.3269459905820495,Eco_Warrior
204,9889,2.595928377520776,Speed_Racer
204,606,4.318060966437666,Speed_Racer
204,2068,3.0607389251106922,Speed_Racer
204,875,2.580801949685897,Speed_Racer
204,7855,3.760649761783822,Speed_Racer
204,4188,2.4919728439361455,Speed_Racer
204,3182,2.0723863281688617,Speed_Racer
204,402,2.0923521789318302,Speed_Racer
204,8816,1.5486054089470325,Speed_Racer
204,2935,3.9767291364370827,Speed_Racer
204,8819,1.5895668045721332,Speed_Racer
204,4695,2.8520393479373034,Speed_Racer
204,4652,4.006380056536644,Speed_Racer
204,8988,2.090475576322981,Speed_Racer
204,10273,2.847930631415989,Speed_Racer
204,7998,3.371783549685362,Speed_Racer
204,7039,4.534436148684857,Speed_Racer
204,9672,4.4175161779912715,Speed_Racer
204,2867,2.6387752402912454,Speed_Racer
204,3810,3.0050678361393346,Speed_Racer
204,2083,3.8023975253303655,Speed_Racer
204,6086,2.809471343665207,Speed_Racer
204,5096,3.4851745495590594,Speed_Racer
204,5536,3.181483208182827,Speed_Racer
205,5839,5.0,Family_Man
205,9802,2.9364597225849254,Family_Man
205,8324,4.660768383112601,Family_Man
205,4392,3.7389721693390445,Family_Man
205,9956,2.7998418539772425,Family_Man
205,3884,4.462272354945547,Family_Man
205,7640,4.165005929038874,Family_Man
205,1389,4.791090859495452,Family_Man
205,4079,3.608210485737289,Family_Man
205,6523,4.510929681018798,Family_Man
205,8870,4.623961496994282,Family_Man
205,7749,3.9095258467575045,Family_Man
205,2243,3.533921898418823,Family_Man
205,6228,4.103131576732504,Family_Man
205,4232,4.9431417253912135,Family_Man
206,2605,3.421359004729905,Speed_Racer
206,4209,3.6064511722511954,Speed_Racer
206,6317,2.3947236239517515,Speed_Racer
206,380,2.5767508816050553,Speed_Racer
206,1476,3.8764637222095066,Speed_Racer
206,7863,2.697646870557847,Speed_Racer
206,2321,2.3577034812529414,Speed_Racer
206,2327,3.8503420810501345,Speed_Racer
206,8260,3.320128996022905,Speed_Racer
206,3701,2.6748029529707735,Speed_Racer
206,1538,2.2402274660909063,Speed_Racer
206,6013,4.285337599969429,Speed_Racer
206,6364,3.0257100316807786,Speed_Racer
206,3348,5.0,Speed_Racer
206,62,3.3494576369399596,Speed_Racer
206,4077,2.743171706250276,Speed_Racer
206,8507,5.0,Speed_Racer
206,615,2.601388325405974,Speed_Racer
206,8304,4.6674789557470415,Speed_Racer
206,7126,3.077713226437419,Speed_Racer
206,6768,3.3042463497483996,Speed_Racer
207,2152,4.012120960116072,Family_Man
207,185,5.0,Family_Man
207,8375,1.7868646817199418,Family_Man
207,6379,4.037454205494593,Family_Man
207,2643,3.530708856712929,Family_Man
207,2284,3.648052890981122,Family_Man
207,9680,4.745152319093158,Family_Man
207,1586,4.311462828980753,Family_Man
207,471,4.198790902121066,Family_Man
207,9983,3.163728533098879,Family_Man
207,5244,4.24708869938098,Family_Man
207,5149,4.99226062870126,Family_Man
207,1115,3.4294956566760266,Family_Man
207,931,4.313666923089113,Family_Man
207,8092,4.958689705875236,Family_Man
207,465,5.0,Family_Man
207,7330,5.0,Family_Man
207,9289,3.2988222563547795,Family_Man
207,2068,4.621175459457503,Family_Man
207,5401,2.4129360283670462,Family_Man
208,1004,2.9079533536569606,Eco_Warrior
208,2555,2.8810041903297408,Eco_Warrior
208,8487,3.2303097813629873,Eco_Warrior
208,8225,1.9348092657110514,Eco_Warrior
208,8158,3.4070949669185087,Eco_Warrior
208,1479,2.73771263267188,Eco_Warrior
208,3455,3.1147218562757795,Eco_Warrior
208,5505,2.252652747451889,Eco_Warrior
208,193,1.0,Eco_Warrior
208,2447,3.3850621706387187,Eco_Warrior
208,7735,2.017479987819941,Eco_Warrior
208,8288,2.953524688186295,Eco_Warrior
208,440,3.217906645100159,Eco_Warrior
208,9085,1.3187025552108598,Eco_Warrior
208,672,1.0,Eco_Warrior
208,9225,1.0,Eco_Warrior
208,6337,2.735798660331825,Eco_Warrior
208,1671,2.4768960147149826,Eco_Warrior
208,5375,3.3091620506005923,Eco_Warrior
208,1582,3.3938799630904395,Eco_Warrior
208,8635,2.616545525615867,Eco_Warrior
209,6740,4.566067388187188,Family_Man
209,6724,4.444386666055673,Family_Man
209,9910,2.9788800383859204,Family_Man
209,3193,4.05654955103173,Family_Man
209,2016,5.0,Family_Man
209,3148,5.0,Family_Man
209,4965,5.0,Family_Man
209,9612,3.702297521913809,Family_Man
209,7945,4.331842435531026,Family_Man
209,5524,5.0,Family_Man
209,22,4.968132824251298,Family_Man
209,8547,4.304882499883281,Family_Man
209,5030,3.4581481237727107,Family_Man
209,6783,4.4055358678690215,Family_Man
209,1624,4.897664156943466,Family_Man
210,8725,1.9399389936795433,Luxury_Boss
210,2947,2.7400946452155024,Luxury_Boss
210,5805,2.16572303618706,Luxury_Boss
210,5075,2.2164882206799845,Luxury_Boss
210,8177,2.3057289624064965,Luxury_Boss
210,6670,2.4011100360724615,Luxury_Boss
210,3367,2.245610100941823,Luxury_Boss
210,2800,1.8449924244948939,Luxury_Boss
210,1593,2.0191156126773953,Luxury_Boss
210,5163,1.6406393370455055,Luxury_Boss
210,9878,2.146494466425547,Luxury_Boss
210,2299,2.458464979429751,Luxury_Boss
210,5193,1.7482223250803197,Luxury_Boss
210,9866,1.6853376879465154,Luxury_Boss
210,9106,2.7529299381226897,Luxury_Boss
210,5679,1.5564944254843973,Luxury_Boss
210,7507,2.31396662911161,Luxury_Boss
210,2487,1.540410676956196,Luxury_Boss
210,5972,1.7877710610392936,Luxury_Boss
211,9647,3.8306074475384655,Family_Man
211,5826,4.353429765305911,Family_Man
211,1577,5.0,Family_Man
211,1790,4.34754809808933,Family_Man
211,9652,4.30057239679121,Family_Man
211,2282,3.3255145689663497,Family_Man
211,5894,4.942723200873434,Family_Man
211,9172,5.0,Family_Man
211,1876,3.1938455499679455,Family_Man
211,2119,4.226589320399101,Family_Man
211,2388,3.774382795550601,Family_Man
211,6972,3.66129863191924,Family_Man
211,362,4.413871219120734,Family_Man
211,5724,5.0,Family_Man
211,4419,4.696782789113257,Family_Man
211,6477,3.032911989909931,Family_Man
211,1057,2.9756471839820557,Family_Man
211,1302,2.645987329866513,Family_Man
211,1104,5.0,Family_Man
212,9577,3.3940443094736947,Speed_Racer
212,1201,3.453949653903659,Speed_Racer
212,2391,2.9957594575724067,Speed_Racer
212,21,2.145923174530031,Speed_Racer
212,1277,3.289998141803876,Speed_Racer
212,3296,4.561415092671434,Speed_Racer
212,8847,5.0,Speed_Racer
212,7388,2.5226891360102357,Speed_Racer
212,9947,3.0337952082454973,Speed_Racer
212,2379,2.842237635931422,Speed_Racer
212,1705,4.4579087352555895,Speed_Racer
212,4628,3.83153454432159,Speed_Racer
212,5343,3.901677673729993,Speed_Racer
212,3481,2.6587616646884857,Speed_Racer
212,7521,2.4805201570919295,Speed_Racer
212,2255,3.15678694523995,Speed_Racer
212,9100,2.728088566343886,Speed_Racer
212,8466,3.691537575594552,Speed_Racer
212,783,3.496421885546305,Speed_Racer
212,1945,2.6253470144963558,Speed_Racer
212,426,1.923053352377262,Speed_Racer
212,8651,3.262426406232154,Speed_Racer
213,8371,1.5430344718818736,Luxury_Boss
213,9154,2.2606855955202914,Luxury_Boss
213,7574,1.9622409591179575,Luxury_Boss
213,987,2.9845838826759272,Luxury_Boss
213,3603,1.7331907391514503,Luxury_Boss
213,9136,1.783976689944768,Luxury_Boss
213,8794,3.2113768786634678,Luxury_Boss
213,8540,4.095660657804771,Luxury_Boss
213,5072,2.0449557503898665,Luxury_Boss
213,5807,3.9966259770829935,Luxury_Boss
213,3442,2.401059812779744,Luxury_Boss
213,9258,2.325091212874063,Luxury_Boss
213,555,2.1959490827817283,Luxury_Boss
213,7086,3.5243247094370744,Luxury_Boss
213,1747,3.488932115227823,Luxury_Boss
213,6381,2.0537080362516154,Luxury_Boss
213,4023,2.3908890083056056,Luxury_Boss
213,4752,3.994988222848616,Luxury_Boss
213,10162,2.164944338676669,Luxury_Boss
213,6884,2.495262552171321,Luxury_Boss
214,3318,2.826134704834373,Eco_Warrior
214,10177,3.4602140216338797,Eco_Warrior
214,4601,1.0,Eco_Warrior
214,2750,1.2324461703755167,Eco_Warrior
214,723,2.0456714121214614,Eco_Warrior
214,3821,2.8950904403090303,Eco_Warrior
214,6241,2.0393805881976115,Eco_Warrior
214,8380,3.3351024357954406,Eco_Warrior
214,879,3.1715189199063576,Eco_Warrior
214,2193,1.0,Eco_Warrior
214,5280,1.130518694896245,Eco_Warrior
214,2541,1.0,Eco_Warrior
214,2261,1.040945179921008,Eco_Warrior
214,4735,3.275467156095309,Eco_Warrior
214,5290,1.0,Eco_Warrior
215,8290,5.0,Luxury_Boss
215,7045,2.4802055366908773,Luxury_Boss
215,795,3.5385556279267876,Luxury_Boss
215,1631,3.1932449972884913,Luxury_Boss
215,7549,3.2165264905034956,Luxury_Boss
215,10231,2.4048074790805183,Luxury_Boss
215,9936,1.8458097013394004,Luxury_Boss
215,4733,1.521243976386324,Luxury_Boss
215,2256,1.842210250355865,Luxury_Boss
215,3285,1.652398659766244,Luxury_Boss
215,6616,1.5402067902226881,Luxury_Boss
215,7155,1.5873945469067134,Luxury_Boss
215,6147,2.1793521322381597,Luxury_Boss
215,655,2.812163967719062,Luxury_Boss
215,9064,1.7094461059698158,Luxury_Boss
216,3468,3.406433093462021,Speed_Racer
216,4718,3.808452675113053,Speed_Racer
216,3460,3.2053158362884613,Speed_Racer
216,4195,3.3358502220568473,Speed_Racer
216,2602,3.222237403622784,Speed_Racer
216,5866,2.268166517301116,Speed_Racer
216,4336,2.560872804253337,Speed_Racer
216,3787,3.441687157391125,Speed_Racer
216,1714,3.8466532667681825,Speed_Racer
216,9136,3.8677673240131236,Speed_Racer
216,5424,2.4214886101187902,Speed_Racer
216,10106,2.8411471037730376,Speed_Racer
216,4288,2.3172790639406102,Speed_Racer
216,7828,3.498426868160154,Speed_Racer
216,2514,2.7155662729493675,Speed_Racer
216,3627,3.1682757210668804,Speed_Racer
217,2186,3.335513300074921,Speed_Racer
217,5629,5.0,Speed_Racer
217,7160,3.704727938761353,Speed_Racer
217,3896,2.4002197838329917,Speed_Racer
217,2372,3.3853148289319073,Speed_Racer
217,4634,3.6565218987992285,Speed_Racer
217,3668,2.007027233414887,Speed_Racer
217,2172,2.0730995462696535,Speed_Racer
217,3848,2.6569497705442155,Speed_Racer
217,7315,3.1359786888631587,Speed_Racer
217,2786,2.9800432197964692,Speed_Racer
217,8411,2.7514412080057564,Speed_Racer
217,6780,3.440246688252954,Speed_Racer
217,9743,2.739619348277481,Speed_Racer
217,3545,2.1488881506531303,Speed_Racer
217,8184,3.39209317210367,Speed_Racer
217,5000,3.081169264762546,Speed_Racer
217,3714,5.0,Speed_Racer
218,3583,1.336138892816796,Eco_Warrior
218,10241,3.2825881276189883,Eco_Warrior
218,1806,2.8380259089116002,Eco_Warrior
218,615,2.6010516953359692,Eco_Warrior
218,7426,3.3502253462849336,Eco_Warrior
218,8020,1.3862122562796406,Eco_Warrior
218,2906,2.67071189581399,Eco_Warrior
218,955,2.583418954409215,Eco_Warrior
218,334,2.6566819572985865,Eco_Warrior
218,5244,1.0,Eco_Warrior
218,6429,3.3180648406631494,Eco_Warrior
218,7821,1.2696520701391418,Eco_Warrior
218,1621,2.7232490036628585,Eco_Warrior
218,2095,1.0,Eco_Warrior
218,1140,3.256386856890751,Eco_Warrior
218,10087,2.732856240169429,Eco_Warrior
218,5511,2.9503866706230664,Eco_Warrior
218,5220,2.7988772179525845,Eco_Warrior
218,7345,3.3508200052592922,Eco_Warrior
218,3521,3.077235762584971,Eco_Warrior
219,8892,1.9548975920387908,Luxury_Boss
219,2538,4.730126728815501,Luxury_Boss
219,9360,1.9230410767416872,Luxury_Boss
219,10078,2.6329862904938093,Luxury_Boss
219,7063,2.770000430988238,Luxury_Boss
219,6785,4.2458464350809875,Luxury_Boss
219,3531,2.372939983293768,Luxury_Boss
219,3561,1.5962516506186895,Luxury_Boss
219,2995,2.4871168157434207,Luxury_Boss
219,4337,1.5194502657330187,Luxury_Boss
219,5570,1.9185502132645837,Luxury_Boss
219,38,2.2843812237523684,Luxury_Boss
219,5693,3.2319009506614553,Luxury_Boss
219,5729,2.4995979101217958,Luxury_Boss
219,9149,1.6201849916653743,Luxury_Boss
219,7675,1.6991258942098744,Luxury_Boss
219,1077,4.555494942443016,Luxury_Boss
219,94,1.8087327351496634,Luxury_Boss
219,8635,1.5978901101018426,Luxury_Boss
219,667,2.2873699518124244,Luxury_Boss
219,8608,1.69203977406976,Luxury_Boss
219,4552,2.462963181304983,Luxury_Boss
220,2097,5.0,Budget_Student
220,1808,5.0,Budget_Student
220,7208,3.6872178783379796,Budget_Student
220,4543,4.433953528865357,Budget_Student
220,2849,3.13776645871718,Budget_Student
220,6371,3.062418554792215,Budget_Student
220,8461,4.35354340781703,Budget_Student
220,1227,3.6700055483733895,Budget_Student
220,9354,4.868174733517274,Budget_Student
220,5195,2.822933837734922,Budget_Student
220,6474,1.0,Budget_Student
220,183,3.3792519490466844,Budget_Student
220,1382,3.0694043527450856,Budget_Student
220,8289,5.0,Budget_Student
220,6937,3.6098897233377505,Budget_Student
220,4649,3.1868498854453513,Budget_Student
220,2052,2.813840463347751,Budget_Student
220,4793,3.7305489665512988,Budget_Student
220,3775,1.0293937651146656,Budget_Student
220,8185,3.927669583148128,Budget_Student
220,6766,4.713776915624487,Budget_Student
220,2691,5.0,Budget_Student
220,3695,3.8692381125464648,Budget_Student
220,845,1.3351489426386007,Budget_Student
221,3800,4.041366582885577,Speed_Racer
221,5266,5.0,Speed_Racer
221,8690,2.368481112335046,Speed_Racer
221,704,3.565397544121904,Speed_Racer
221,7937,3.2007093508744315,Speed_Racer
221,1690,4.880212008008925,Speed_Racer
221,4128,2.6328177898218,Speed_Racer
221,4113,3.1449035204694655,Speed_Racer
221,3260,2.8106845906214106,Speed_Racer
221,5636,3.9391286137019685,Speed_Racer
221,9675,2.8766345174504435,Speed_Racer
221,368,2.487227468572786,Speed_Racer
221,881,3.07380631658706,Speed_Racer
221,4443,2.710518120588145,Speed_Racer
221,6488,2.313664754905498,Speed_Racer
221,9600,2.7193782892988234,Speed_Racer
221,9809,2.7223650031744056,Speed_Racer
221,1505,4.356250929164955,Speed_Racer
221,8723,2.519149982752966,Speed_Racer
222,4300,3.186537096922352,Family_Man
222,9642,3.94938075178644,Family_Man
222,5375,4.931948775031148,Family_Man
222,9896,5.0,Family_Man
222,7028,4.446807647208159,Family_Man
222,2965,4.626827311466081,Family_Man
222,9598,4.8304943427652605,Family_Man
222,3072,4.302844146672081,Family_Man
222,8354,5.0,Family_Man
222,2171,2.8642148405693177,Family_Man
222,2462,5.0,Family_Man
222,7631,4.570342186801544,Family_Man
222,5359,5.0,Family_Man
222,5607,3.120005949295015,Family_Man
222,6327,4.559978073563598,Family_Man
222,6022,4.436481584720404,Family_Man
222,3009,2.6434972199797597,Family_Man
222,10023,2.7089164415933413,Family_Man
222,7618,2.5357050582252105,Family_Man
222,8891,1.3342518582862408,Family_Man
222,2000,4.471441570361184,Family_Man
222,6064,4.762720756929457,Family_Man
223,7704,3.955891620567726,Speed_Racer
223,5607,2.492165074998803,Speed_Racer
223,3006,2.8351333895939366,Speed_Racer
223,7668,2.1516995803736205,Speed_Racer
223,8085,4.383904575900949,Speed_Racer
223,3504,3.467137353547657,Speed_Racer
223,9644,3.373827002073716,Speed_Racer
223,2837,3.5059441994369402,Speed_Racer
223,8584,2.9109918371322485,Speed_Racer
223,775,3.073676841082321,Speed_Racer
223,2070,3.7745279142587123,Speed_Racer
223,2744,2.6686064255611774,Speed_Racer
223,6463,2.9284383776808722,Speed_Racer
223,5073,3.3838200949776502,Speed_Racer
223,891,3.2411312198442044,Speed_Racer
223,7607,2.9136446547507084,Speed_Racer
223,6037,2.3542538096533203,Speed_Racer
223,6893,2.274057022903324,Speed_Racer
223,3274,2.5429751071603754,Speed_Racer
223,857,2.7698533943659798,Speed_Racer
223,3003,2.799147042119464,Speed_Racer
223,3795,2.15215194221361,Speed_Racer
223,4423,2.817734410261506,Speed_Racer
223,6285,3.472432026448239,Speed_Racer
224,8724,3.036811676291012,Family_Man
224,2411,5.0,Family_Man
224,6033,2.6255004008698055,Family_Man
224,824,2.6536105070973837,Family_Man
224,9244,4.65495710944194,Family_Man
224,3734,4.127570364915702,Family_Man
224,2961,4.194132167159127,Family_Man
224,4232,4.973015352398983,Family_Man
224,7344,5.0,Family_Man
224,3368,4.031537813129215,Family_Man
224,1510,5.0,Family_Man
224,610,4.365217821592765,Family_Man
224,5890,4.4157595416869455,Family_Man
224,8296,3.0478318788176804,Family_Man
224,3215,5.0,Family_Man
224,3319,1.8366644636306022,Family_Man
224,6587,4.261361893390318,Family_Man
224,5577,2.9165373838785604,Family_Man
224,7731,3.9967538216590057,Family_Man
224,8258,4.002423518001191,Family_Man
224,6153,3.641556063883691,Family_Man
224,8093,3.5881586447936145,Family_Man
224,7539,5.0,Family_Man
224,981,4.887326986655828,Family_Man
225,610,2.376717218222859,Luxury_Boss
225,9679,1.930669370756375,Luxury_Boss
225,3342,3.5902795384639496,Luxury_Boss
225,7958,2.2060041167489484,Luxury_Boss
225,5202,1.6709554873943693,Luxury_Boss
225,7854,2.0175008263314522,Luxury_Boss
225,8017,3.977174132681908,Luxury_Boss
225,5273,1.7763232403351286,Luxury_Boss
225,4708,3.7819705869028786,Luxury_Boss
225,10198,2.005460540599352,Luxury_Boss
225,7758,2.4248576227347227,Luxury_Boss
225,8998,1.6028448986298784,Luxury_Boss
225,56,2.298195246406837,Luxury_Boss
225,8094,2.812919199483791,Luxury_Boss
225,7022,1.9180495202314476,Luxury_Boss
225,3962,2.1455480708712713,Luxury_Boss
226,9301,2.6466329854310517,Budget_Student
226,2705,5.0,Budget_Student
226,6191,2.9853035487184076,Budget_Student
226,5166,1.3692467718432828,Budget_Student
226,6914,3.1224187024346377,Budget_Student
226,3181,3.1947155620033585,Budget_Student
226,115,3.5445047380560126,Budget_Student
226,2126,3.759082903689789,Budget_Student
226,6454,2.5060928623284995,Budget_Student
226,3697,1.0,Budget_Student
226,4192,2.5258092888930377,Budget_Student
226,4331,3.0651477451993085,Budget_Student
226,1638,5.0,Budget_Student
226,5310,4.508940171609008,Budget_Student
226,3020,5.0,Budget_Student
226,2619,4.849812066336644,Budget_Student
226,10121,5.0,Budget_Student
226,1719,3.077110424693765,Budget_Student
226,3872,2.6761238754940138,Budget_Student
227,9438,3.3627635266924463,Family_Man
227,3716,4.677239800166036,Family_Man
227,8410,3.023912014780606,Family_Man
227,2277,5.0,Family_Man
227,8210,5.0,Family_Man
227,3611,4.219089881313803,Family_Man
227,7042,3.787839888263244,Family_Man
227,1772,4.496496609905645,Family_Man
227,2507,5.0,Family_Man
227,3107,2.8660117445404514,Family_Man
227,4613,3.9064826418314604,Family_Man
227,9778,3.2131238078562903,Family_Man
227,1966,4.3595099614469195,Family_Man
227,10183,4.356265717396541,Family_Man
227,2291,4.948758943019853,Family_Man
227,2972,4.777150614855073,Family_Man
227,7653,2.925675225553082,Family_Man
227,6540,4.47496262156081,Family_Man
227,6168,5.0,Family_Man
227,5545,3.920031602665914,Family_Man
228,9366,3.0652425458639785,Eco_Warrior
228,2679,1.3747621727859523,Eco_Warrior
228,3036,2.7133493359940495,Eco_Warrior
228,9486,2.9773387409696657,Eco_Warrior
228,1103,1.4357492423670761,Eco_Warrior
228,6687,3.265964757234369,Eco_Warrior
228,5844,2.5933203798204096,Eco_Warrior
228,3884,1.456856866568434,Eco_Warrior
228,2362,3.456038710616834,Eco_Warrior
228,350,2.983068330298262,Eco_Warrior
228,9936,2.6270247893376877,Eco_Warrior
228,6058,1.0,Eco_Warrior
228,8443,3.1856360158385693,Eco_Warrior
228,1298,3.179402964076688,Eco_Warrior
228,8776,2.7091067443364576,Eco_Warrior
228,6021,2.660470977367836,Eco_Warrior
228,7101,3.0963137840965533,Eco_Warrior
228,5638,3.1338094992495438,Eco_Warrior
228,5040,1.3291315838563198,Eco_Warrior
228,5459,1.9755038886555156,Eco_Warrior
228,5901,3.471237443019879,Eco_Warrior
228,8299,2.919601609528787,Eco_Warrior
228,3013,3.2980796310793434,Eco_Warrior
229,8214,1.6407480655491615,Budget_Student
229,5919,2.979197293073087,Budget_Student
229,5547,1.6423474831934268,Budget_Student
229,1097,3.4794512454537925,Budget_Student
229,5870,5.0,Budget_Student
229,19,3.976648749333207,Budget_Student
229,8829,1.0,Budget_Student
229,463,3.283384401201422,Budget_Student
229,5047,3.736921289733991,Budget_Student
229,590,5.0,Budget_Student
229,9318,3.053873853192739,Budget_Student
229,229,2.737170672587873,Budget_Student
229,4888,1.8445155602998433,Budget_Student
229,6541,2.5580280356919967,Budget_Student
229,6889,3.209791165502742,Budget_Student
229,5772,2.7558466263359134,Budget_Student
229,6566,3.0704159739884327,Budget_Student
229,3824,2.5924003410534953,Budget_Student
229,635,3.4951192044788995,Budget_Student
229,9138,1.4115637169570088,Budget_Student
229,8539,3.4445063113901586,Budget_Student
229,3506,3.1613460705020957,Budget_Student
229,2865,5.0,Budget_Student
230,1358,1.539066500899602,Luxury_Boss
230,5466,1.8276373131207762,Luxury_Boss
230,5197,1.7433884019233012,Luxury_Boss
230,5684,1.8878563918405205,Luxury_Boss
230,7372,2.2013442982644476,Luxury_Boss
230,4632,2.0442195899833386,Luxury_Boss
230,7802,1.522327004100804,Luxury_Boss
230,9787,4.369710099995535,Luxury_Boss
230,7138,3.826112757335707,Luxury_Boss
230,9266,1.9923153381104057,Luxury_Boss
230,2415,2.2798001296560866,Luxury_Boss
230,2368,3.8032503017194244,Luxury_Boss
230,8483,4.3833843250993585,Luxury_Boss
230,1141,2.3865564779481345,Luxury_Boss
230,8322,1.612519520175395,Luxury_Boss
230,946,1.5181682197342061,Luxury_Boss
230,7301,3.9994507920504287,Luxury_Boss
230,4118,2.457639146300167,Luxury_Boss
230,5852,1.9362188517330403,Luxury_Boss
230,8741,1.8113735928195211,Luxury_Boss
230,2417,1.9749606342030543,Luxury_Boss
230,1421,1.8883115423943515,Luxury_Boss
230,2621,2.941118203781379,Luxury_Boss
231,1745,2.9597994299181436,Family_Man
231,970,5.0,Family_Man
231,2522,4.652716900695646,Family_Man
231,465,5.0,Family_Man
231,5777,4.843928879770996,Family_Man
231,2702,4.471230898119426,Family_Man
231,9654,5.0,Family_Man
231,7326,4.879741511894047,Family_Man
231,8757,4.122322195532288,Family_Man
231,5146,4.025668826985774,Family_Man
231,4742,4.420168748647787,Family_Man
231,1174,2.988733939396126,Family_Man
231,3024,4.60895100191399,Family_Man
231,8700,4.517136299139975,Family_Man
231,7708,5.0,Family_Man
231,676,5.0,Family_Man
231,2063,2.5567879290182196,Family_Man
231,2035,5.0,Family_Man
231,7854,4.146167506017252,Family_Man
231,8698,3.8739427481181523,Family_Man
231,7547,4.916856492958367,Family_Man
231,8265,2.930291902865187,Family_Man
232,8129,2.0098873846218033,Luxury_Boss
232,6921,1.7587024346250053,Luxury_Boss
232,4659,1.5574208535568743,Luxury_Boss
232,7252,1.8426468331798462,Luxury_Boss
232,5485,2.202080138525919,Luxury_Boss
232,8814,3.439589783647726,Luxury_Boss
232,5728,2.1397218102157227,Luxury_Boss
232,1416,1.9683326030315569,Luxury_Boss
232,5304,3.800716927861296,Luxury_Boss
232,9056,2.0634561593454337,Luxury_Boss
232,9672,2.3442831816805114,Luxury_Boss
232,7204,3.4712275876350867,Luxury_Boss
232,1927,2.1822951051450983,Luxury_Boss
232,9609,1.6903117558821754,Luxury_Boss
232,3440,2.394933508897826,Luxury_Boss
232,4598,2.1007867294358857,Luxury_Boss
232,9380,2.249644397519071,Luxury_Boss
232,7762,1.7486596709587616,Luxury_Boss
232,9195,1.628976572714317,Luxury_Boss
233,8800,5.0,Family_Man
233,4427,5.0,Family_Man
233,10230,4.293344941711577,Family_Man
233,7955,4.478370370258566,Family_Man
233,6259,5.0,Family_Man
233,1562,4.308115279902273,Family_Man
233,8562,5.0,Family_Man
233,934,3.4845781089780825,Family_Man
233,1878,4.153302571726356,Family_Man
233,799,5.0,Family_Man
233,6283,4.405233523580917,Family_Man
233,7698,4.952158240214402,Family_Man
233,849,3.162693302083019,Family_Man
233,5208,4.179532468137744,Family_Man
233,4671,4.05299944202277,Family_Man
233,30,4.028878201965448,Family_Man
233,7465,4.784872313242727,Family_Man
233,1357,5.0,Family_Man
233,6019,5.0,Family_Man
233,8605,4.264548966895587,Family_Man
234,9841,4.187460818335415,Family_Man
234,6336,3.138529308564934,Family_Man
234,881,5.0,Family_Man
234,7260,5.0,Family_Man
234,9770,4.399297728311392,Family_Man
234,2397,5.0,Family_Man
234,2093,5.0,Family_Man
234,7003,5.0,Family_Man
234,4352,5.0,Family_Man
234,5559,5.0,Family_Man
234,8177,4.035301459058655,Family_Man
234,7543,3.218357086655373,Family_Man
234,9645,5.0,Family_Man
234,8012,2.7990150970719485,Family_Man
234,4799,4.373242849481015,Family_Man
234,1413,4.046478367792581,Family_Man
234,6276,5.0,Family_Man
234,658,5.0,Family_Man
235,4693,2.678435770272539,Speed_Racer
235,4573,3.6838143203725098,Speed_Racer
235,5867,2.4128098727216893,Speed_Racer
235,6128,3.416790237265623,Speed_Racer
235,4582,2.634410707416639,Speed_Racer
235,254,2.6376845582563098,Speed_Racer
235,9829,2.655958604805508,Speed_Racer
235,2099,2.535749702663159,Speed_Racer
235,9100,3.2824528812200735,Speed_Racer
235,8469,3.13600605880793,Speed_Racer
235,9750,3.2679472477616356,Speed_Racer
235,7940,2.4772454049879746,Speed_Racer
235,9786,3.056988060195287,Speed_Racer
235,8576,3.3728175477776086,Speed_Racer
235,7204,3.176223955474596,Speed_Racer
235,4216,2.0509271748376716,Speed_Racer
235,102,2.877404952351469,Speed_Racer
235,6240,2.888100797542667,Speed_Racer
235,5201,3.0866504203075182,Speed_Racer
235,7072,3.0992342379791116,Speed_Racer
236,8952,1.586233437591936,Luxury_Boss
236,995,2.3678854067738797,Luxury_Boss
236,163,2.4848371533670632,Luxury_Boss
236,5637,3.694086265707758,Luxury_Boss
236,5358,2.2395196806473914,Luxury_Boss
236,790,1.9371950668430342,Luxury_Boss
236,1955,2.503608248485325,Luxury_Boss
236,10189,2.150017302416568,Luxury_Boss
236,9717,1.6818310016022222,Luxury_Boss
236,4863,3.1389936771820373,Luxury_Boss
236,382,2.207599664887349,Luxury_Boss
236,8756,2.401773780557185,Luxury_Boss
236,654,2.305096652951362,Luxury_Boss
236,2622,2.6636411425621893,Luxury_Boss
236,1751,4.411410857356444,Luxury_Boss
236,10126,2.0788470191645274,Luxury_Boss
236,3953,2.110210896662198,Luxury_Boss
236,10029,1.7058412930233966,Luxury_Boss
236,7977,2.062589904126202,Luxury_Boss
236,9438,2.243190356295013,Luxury_Boss
237,5275,1.0654628958762962,Eco_Warrior
237,5943,3.2713583874356473,Eco_Warrior
237,5572,1.1413267390105184,Eco_Warrior
237,2005,3.488604202001591,Eco_Warrior
237,3215,2.961714201129523,Eco_Warrior
237,628,4.4011502188045535,Eco_Warrior
237,5508,3.0283733094111223,Eco_Warrior
237,2774,1.1288661713059271,Eco_Warrior
237,1596,2.897234189880598,Eco_Warrior
237,4601,1.0,Eco_Warrior
237,9126,3.1940890649766054,Eco_Warrior
237,7237,1.0,Eco_Warrior
237,2776,3.188845027734253,Eco_Warrior
237,4124,3.277490144678752,Eco_Warrior
237,8176,1.0,Eco_Warrior
238,3265,5.0,Family_Man
238,4526,3.2503023200336276,Family_Man
238,10263,4.978723642427095,Family_Man
238,6850,3.2303329221751387,Family_Man
238,6184,5.0,Family_Man
238,6119,2.5062688473700407,Family_Man
238,2108,3.1243517462325605,Family_Man
238,5776,4.307078006353119,Family_Man
238,7324,3.6976448431843734,Family_Man
238,5239,4.212210505222452,Family_Man
238,9983,2.8198458068158025,Family_Man
238,7021,4.746498580249625,Family_Man
238,8738,4.674550082599615,Family_Man
238,8340,3.832624340680766,Family_Man
238,2643,4.1050792864888095,Family_Man
238,388,4.03673097524044,Family_Man
238,762,3.061121761381823,Family_Man
238,3382,4.375118620200368,Family_Man
238,8381,4.117456204175333,Family_Man
238,2379,5.0,Family_Man
239,2388,1.5821473224142082,Luxury_Boss
239,383,2.735387209185592,Luxury_Boss
239,2980,2.264859441473088,Luxury_Boss
239,9317,1.560762677257921,Luxury_Boss
239,7384,2.4795283871144482,Luxury_Boss
239,1021,1.5734215155346778,Luxury_Boss
239,1570,1.564366119182282,Luxury_Boss
239,7348,2.3314468407039155,Luxury_Boss
239,4734,2.4097729289821364,Luxury_Boss
239,3412,1.9159624664051202,Luxury_Boss
239,8386,2.2356544575495603,Luxury_Boss
239,1828,3.6428052490136507,Luxury_Boss
239,1764,1.5052869657117913,Luxury_Boss
239,8905,2.230240062776703,Luxury_Boss
239,2023,2.2434826422118204,Luxury_Boss
239,8584,4.468149718894811,Luxury_Boss
240,770,3.1077214122464687,Speed_Racer
240,3766,2.593600800743028,Speed_Racer
240,3833,4.48661739575973,Speed_Racer
240,6233,2.7899217255916207,Speed_Racer
240,7717,2.7240988531695205,Speed_Racer
240,3765,5.0,Speed_Racer
240,3255,3.3380141448829987,Speed_Racer
240,411,3.417373746330778,Speed_Racer
240,3772,2.135257204889897,Speed_Racer
240,5007,3.007698146921453,Speed_Racer
240,8024,5.0,Speed_Racer
240,1410,1.702883534618783,Speed_Racer
240,1630,2.8312894390502708,Speed_Racer
240,9307,2.538142377303895,Speed_Racer
240,6460,3.7369940657956207,Speed_Racer
240,5902,2.902858434203101,Speed_Racer
240,6988,3.5517084389527263,Speed_Racer
240,7776,4.973334105214211,Speed_Racer
240,451,3.811250899478383,Speed_Racer
240,1978,2.51007205201782,Speed_Racer
240,444,2.622570400449275,Speed_Racer
240,4041,2.684503670225891,Speed_Racer
240,3797,2.8143873136644584,Speed_Racer
240,7627,3.4731181354780363,Speed_Racer
241,3280,4.2267795595177144,Speed_Racer
241,3148,3.359016551768287,Speed_Racer
241,3529,2.5441636149062044,Speed_Racer
241,8329,3.0235473133080673,Speed_Racer
241,332,3.660350656566992,Speed_Racer
241,102,2.5382285703481644,Speed_Racer
241,8761,1.7067552928110779,Speed_Racer
241,9041,1.7779649679918337,Speed_Racer
241,9798,2.0441334913454274,Speed_Racer
241,7816,3.455072202841671,Speed_Racer
241,9096,2.7461035379771834,Speed_Racer
241,3229,3.5623991961988626,Speed_Racer
241,9292,3.78311351398428,Speed_Racer
241,796,5.0,Speed_Racer
241,3177,1.9568635327497408,Speed_Racer
241,2448,3.6841516669700716,Speed_Racer
241,7581,2.8797885403064174,Speed_Racer
242,1115,2.062492301873834,Speed_Racer
242,21,2.8819881727825187,Speed_Racer
242,10133,2.3054780281580434,Speed_Racer
242,5507,3.987456738567497,Speed_Racer
242,5878,2.934338555246836,Speed_Racer
242,2799,2.3086852257138135,Speed_Racer
242,8513,3.2826530672946364,Speed_Racer
242,5541,2.788415365744251,Speed_Racer
242,3701,2.7444700293287787,Speed_Racer
242,6945,3.8384243766792943,Speed_Racer
242,5723,1.9290393413414635,Speed_Racer
242,3112,2.65785767405251,Speed_Racer
242,6594,3.5784588678121354,Speed_Racer
242,6762,3.0603088174167943,Speed_Racer
242,4647,2.8936854198835604,Speed_Racer
242,3173,2.285292715684632,Speed_Racer
242,10166,2.8379074102618587,Speed_Racer
242,4545,3.313544568614213,Speed_Racer
242,2971,2.5563872870040427,Speed_Racer
242,77,3.489712014963275,Speed_Racer
242,4401,2.9440376401544275,Speed_Racer
242,1401,2.6643845478784978,Speed_Racer
243,7476,4.011860798620832,Family_Man
243,972,4.237789878553941,Family_Man
243,9194,4.093769160652694,Family_Man
243,2588,4.147910631231594,Family_Man
243,9330,3.182404863364241,Family_Man
243,8422,5.0,Family_Man
243,1942,4.052542703940461,Family_Man
243,5596,3.0597745756301125,Family_Man
243,477,4.9982955107614675,Family_Man
243,2514,4.083006264213267,Family_Man
243,6222,5.0,Family_Man
243,1876,3.254788763836624,Family_Man
243,653,2.5251882573888307,Family_Man
243,10290,4.625990499353569,Family_Man
243,2838,3.2405754538748868,Family_Man
244,5485,3.0257013310680527,Speed_Racer
244,8308,3.344632454445048,Speed_Racer
244,1524,2.8618970096087653,Speed_Racer
244,6666,2.0659331456111354,Speed_Racer
244,9144,5.0,Speed_Racer
244,3812,5.0,Speed_Racer
244,6775,2.8250533266584643,Speed_Racer
244,4514,3.162854974722723,Speed_Racer
244,9956,1.8998719691307937,Speed_Racer
244,615,2.8421053248361177,Speed_Racer
244,7233,3.08860025347125,Speed_Racer
244,3389,2.869715429124665,Speed_Racer
244,1947,2.7612318496538726,Speed_Racer
244,1155,3.0907315005666036,Speed_Racer
244,8875,1.688263947890076,Speed_Racer
244,1967,3.830216949980347,Speed_Racer
244,8224,3.755269159747778,Speed_Racer
244,2245,2.557260275819605,Speed_Racer
244,8354,3.323767110166316,Speed_Racer
244,2290,3.009440937209842,Speed_Racer
244,2824,2.5187545759807373,Speed_Racer
244,6284,3.5008234813871435,Speed_Racer
244,6327,3.706280354369684,Speed_Racer
244,3777,5.0,Speed_Racer
245,2860,2.7505763060929675,Eco_Warrior
245,5033,2.8547894904270077,Eco_Warrior
245,6557,2.546239734037358,Eco_Warrior
245,5983,2.614818553398049,Eco_Warrior
245,2796,3.2970119755524614,Eco_Warrior
245,3635,2.525236146421848,Eco_Warrior
245,2923,3.0428940577536734,Eco_Warrior
245,6112,2.9478603403278805,Eco_Warrior
245,654,2.9613003106058966,Eco_Warrior
245,1253,3.2268215553805955,Eco_Warrior
245,8001,1.0,Eco_Warrior
245,3826,2.052509905638983,Eco_Warrior
245,6406,3.264627808357161,Eco_Warrior
245,10264,2.5829823654045607,Eco_Warrior
245,3815,3.186220782551577,Eco_Warrior
245,6859,3.2008898502043173,Eco_Warrior
245,3117,2.714365970297836,Eco_Warrior
245,7958,3.2246047229603327,Eco_Warrior
245,3511,3.1276180304615204,Eco_Warrior
245,7077,2.5946482872677565,Eco_Warrior
245,4227,1.0,Eco_Warrior
245,3391,3.305554599051595,Eco_Warrior
246,917,1.7677798410703898,Speed_Racer
246,7656,4.492302990478418,Speed_Racer
246,282,2.266155528697685,Speed_Racer
246,812,3.1414067720883145,Speed_Racer
246,4576,2.742049297411175,Speed_Racer
246,8349,3.1842666981885714,Speed_Racer
246,5310,3.2837487662843197,Speed_Racer
246,9599,2.606873739556422,Speed_Racer
246,8175,2.1053480791445196,Speed_Racer
246,4215,4.290134167135921,Speed_Racer
246,5069,4.395600278012098,Speed_Racer
246,4676,3.496618567952538,Speed_Racer
246,7721,2.803585464185878,Speed_Racer
246,8366,3.2962477469128877,Speed_Racer
246,6085,3.0362622325147437,Speed_Racer
246,5258,2.056483127310707,Speed_Racer
246,8715,2.7521700845932866,Speed_Racer
246,3485,2.3377111362921994,Speed_Racer
246,3338,5.0,Speed_Racer
246,5854,4.193817084646567,Speed_Racer
247,669,2.9055636317847124,Family_Man
247,2771,3.373386234982594,Family_Man
247,3774,4.45382276809056,Family_Man
247,3141,3.0644904536599635,Family_Man
247,9354,5.0,Family_Man
247,6996,3.652285244735128,Family_Man
247,749,2.7576500829964306,Family_Man
247,2548,3.485656996478577,Family_Man
247,4953,3.685917008655135,Family_Man
247,6169,3.736075782197048,Family_Man
247,3255,5.0,Family_Man
247,621,5.0,Family_Man
247,9641,4.182434085746487,Family_Man
247,4162,4.608544004026723,Family_Man
247,5156,3.2933197698300343,Family_Man
247,3170,5.0,Family_Man
247,9468,3.976941920238757,Family_Man
247,8349,3.818408069391179,Family_Man
248,3003,2.9494488692207494,Family_Man
248,3822,4.6753257056282,Family_Man
248,393,4.128120678317165,Family_Man
248,763,3.4142926532749547,Family_Man
248,212,1.0703540037841441,Family_Man
248,5471,4.269147325737087,Family_Man
248,4653,3.523031405073536,Family_Man
248,5559,5.0,Family_Man
248,1661,4.327029200334878,Family_Man
248,4085,5.0,Family_Man
248,7045,3.315855569243138,Family_Man
248,7483,5.0,Family_Man
248,9213,4.024794213140683,Family_Man
248,5485,5.0,Family_Man
248,5340,3.620241896919832,Family_Man
249,501,1.7964490275331837,Luxury_Boss
249,8926,3.245795428824878,Luxury_Boss
249,4724,2.0035387931185515,Luxury_Boss
249,9055,2.415536179405539,Luxury_Boss
249,8814,3.605158914580631,Luxury_Boss
249,7698,2.3298157631295893,Luxury_Boss
249,10250,4.633523867810273,Luxury_Boss
249,10155,3.539358363121631,Luxury_Boss
249,77,2.104237888318016,Luxury_Boss
249,4783,1.7538825160245735,Luxury_Boss
249,5114,5.0,Luxury_Boss
249,4022,1.7896474710942973,Luxury_Boss
249,617,1.789379178337133,Luxury_Boss
249,8091,1.6030629945718915,Luxury_Boss
249,8218,4.364099752368605,Luxury_Boss
249,10272,4.758841658305989,Luxury_Boss
249,2697,4.177401204025463,Luxury_Boss
249,8901,5.0,Luxury_Boss
250,2382,2.5803315130360396,Speed_Racer
250,8960,3.145303795726868,Speed_Racer
250,2765,3.3315990721994475,Speed_Racer
250,7785,2.7824930092039257,Speed_Racer
250,8371,3.051298209015094,Speed_Racer
250,483,3.2690994166097322,Speed_Racer
250,7401,3.21756058251741,Speed_Racer
250,7382,3.2460332436668407,Speed_Racer
250,3601,5.0,Speed_Racer
250,8463,3.1676088288284756,Speed_Racer
250,9880,3.271463563217356,Speed_Racer
250,8634,3.1918801482813945,Speed_Racer
250,874,2.974635429754176,Speed_Racer
250,8226,2.75394437224571,Speed_Racer
250,7996,3.4444809415253705,Speed_Racer
251,8617,1.941760187519807,Budget_Student
251,7831,2.5219818673479475,Budget_Student
251,10,1.0,Budget_Student
251,543,4.564894749194321,Budget_Student
251,3978,2.6680648881126485,Budget_Student
251,2868,3.573878231674306,Budget_Student
251,1512,1.1777292017749699,Budget_Student
251,3155,3.127159422000013,Budget_Student
251,3099,5.0,Budget_Student
251,9638,3.8423948865013657,Budget_Student
251,2324,3.906895364001891,Budget_Student
251,6431,3.551495263397627,Budget_Student
251,9998,1.2891498586274293,Budget_Student
251,4255,5.0,Budget_Student
251,2549,3.216357954209069,Budget_Student
251,6430,5.0,Budget_Student
251,6863,5.0,Budget_Student
251,5536,3.2742471324282265,Budget_Student
251,1692,5.0,Budget_Student
251,765,2.903711909578239,Budget_Student
251,2559,3.187548519010464,Budget_Student
251,9477,3.0390927629894775,Budget_Student
251,9569,5.0,Budget_Student
251,6308,2.5752327982523155,Budget_Student
252,6662,5.0,Budget_Student
252,1441,5.0,Budget_Student
252,4059,5.0,Budget_Student
252,8469,3.4768849666273516,Budget_Student
252,2472,3.2762393532740286,Budget_Student
252,5266,1.0,Budget_Student
252,1390,3.509183992892509,Budget_Student
252,9317,3.5453626150182913,Budget_Student
252,2504,3.361826775216793,Budget_Student
252,1954,3.76274582462147,Budget_Student
252,3557,1.9272281213991929,Budget_Student
252,6501,4.566408456459321,Budget_Student
252,4232,2.74976010796068,Budget_Student
252,3800,3.667769882092503,Budget_Student
252,5252,4.54198770086328,Budget_Student
252,5470,3.0412101156599194,Budget_Student
252,2336,1.2606482062194782,Budget_Student
253,2722,3.3908177432471818,Speed_Racer
253,7238,3.4528796232141477,Speed_Racer
253,440,2.760355168160875,Speed_Racer
253,5206,2.862395727599983,Speed_Racer
253,2185,3.511986933740172,Speed_Racer
253,9682,5.0,Speed_Racer
253,2235,3.020073198306692,Speed_Racer
253,2260,4.972676263903286,Speed_Racer
253,4066,2.0178558286194086,Speed_Racer
253,5029,1.8450784047285909,Speed_Racer
253,8640,3.198162131574186,Speed_Racer
253,7164,3.207845936822257,Speed_Racer
253,3433,2.709452127707045,Speed_Racer
253,9339,3.6461729247125216,Speed_Racer
253,2172,2.032580656619828,Speed_Racer
253,5294,3.7517844662158493,Speed_Racer
254,3288,4.415203637099068,Family_Man
254,3724,3.5101875885127454,Family_Man
254,8077,5.0,Family_Man
254,6980,4.376380845642928,Family_Man
254,4657,4.997086080365018,Family_Man
254,8096,4.0670022254266955,Family_Man
254,9363,1.5841225128574585,Family_Man
254,10173,4.865929201173991,Family_Man
254,2545,4.309717503654812,Family_Man
254,6645,5.0,Family_Man
254,10233,3.97736614367946,Family_Man
254,9888,3.5291122148594924,Family_Man
254,275,4.36774464826957,Family_Man
254,7542,4.583090414352532,Family_Man
254,9541,2.9973531577581825,Family_Man
254,5838,3.811316516536044,Family_Man
254,8107,5.0,Family_Man
255,6759,3.3364194637085065,Budget_Student
255,1308,1.0906570557964304,Budget_Student
255,2549,3.9801377997883156,Budget_Student
255,9078,2.665063240644179,Budget_Student
255,2046,2.9248676626598042,Budget_Student
255,7732,5.0,Budget_Student
255,1694,3.207254733547227,Budget_Student
255,2074,3.2135600666344306,Budget_Student
255,9756,3.3229320715376556,Budget_Student
255,1551,3.14909760694954,Budget_Student
255,8691,2.9722298449618343,Budget_Student
255,3253,3.4414542564075945,Budget_Student
255,7265,5.0,Budget_Student
255,2386,5.0,Budget_Student
255,3183,3.32112598073135,Budget_Student
255,4892,4.882782889774048,Budget_Student
256,9443,3.0495760763556703,Budget_Student
256,890,5.0,Budget_Student
256,9493,5.0,Budget_Student
256,431,1.130898951716699,Budget_Student
256,50,4.533964796785719,Budget_Student
256,5013,5.0,Budget_Student
256,4730,5.0,Budget_Student
256,6606,3.0070211355594583,Budget_Student
256,9037,3.597940438889236,Budget_Student
256,6227,3.8905612899332507,Budget_Student
256,8976,5.0,Budget_Student
256,7462,4.298489774206407,Budget_Student
256,2479,3.6450732549342386,Budget_Student
256,7911,3.236579763989001,Budget_Student
256,3403,5.0,Budget_Student
256,6922,3.475999104258216,Budget_Student
256,9141,3.821502446688389,Budget_Student
256,242,3.1661756861141424,Budget_Student
256,5748,3.8520394337241317,Budget_Student
256,8022,5.0,Budget_Student
256,5480,2.5716241070667683,Budget_Student
256,868,1.713200421054804,Budget_Student
256,2093,5.0,Budget_Student
257,4424,2.4250072456923326,Luxury_Boss
257,1977,3.01357777416512,Luxury_Boss
257,7949,2.4151992156520916,Luxury_Boss
257,869,2.0896782849012094,Luxury_Boss
257,3589,2.0513248504163064,Luxury_Boss
257,1837,2.443684735186623,Luxury_Boss
257,889,1.561606944644438,Luxury_Boss
257,5448,1.9270783190301601,Luxury_Boss
257,6364,2.120913922575236,Luxury_Boss
257,106,5.0,Luxury_Boss
257,6209,1.6974279382510713,Luxury_Boss
257,5651,2.1179468970828266,Luxury_Boss
257,1164,1.7513658005161234,Luxury_Boss
257,7915,1.6967557274450775,Luxury_Boss
257,6065,4.294277972817779,Luxury_Boss
257,9868,2.463695776567278,Luxury_Boss
257,3765,2.041284587556529,Luxury_Boss
257,219,2.219915971382046,Luxury_Boss
257,6101,4.080857474406621,Luxury_Boss
257,7591,5.0,Luxury_Boss
257,7238,2.0322232637903053,Luxury_Boss
257,4203,2.0088825071034426,Luxury_Boss
257,3471,2.3981258202424653,Luxury_Boss
257,7830,2.233712524205644,Luxury_Boss
258,7305,3.0838254061971204,Eco_Warrior
258,5969,2.8548852812371512,Eco_Warrior
258,2290,2.9264429641139906,Eco_Warrior
258,8199,3.082460322821107,Eco_Warrior
258,8869,1.3105867950916261,Eco_Warrior
258,9963,1.7006095817233575,Eco_Warrior
258,9579,1.1174086288907787,Eco_Warrior
258,361,3.486878897903757,Eco_Warrior
258,5205,2.5063947983756973,Eco_Warrior
258,9177,2.944292174859004,Eco_Warrior
258,7155,2.6730193738083843,Eco_Warrior
258,6530,1.5926430452298184,Eco_Warrior
258,5338,2.9953043302003284,Eco_Warrior
258,5076,1.0,Eco_Warrior
258,6924,2.864029467114804,Eco_Warrior
258,7873,2.5348528285185257,Eco_Warrior
258,7069,3.1635644183087983,Eco_Warrior
258,1947,2.7010221294245618,Eco_Warrior
259,9416,5.0,Family_Man
259,8274,1.78270465831889,Family_Man
259,6959,2.9590163459863543,Family_Man
259,9594,3.990799065138917,Family_Man
259,4154,5.0,Family_Man
259,8615,4.882417836489788,Family_Man
259,3454,4.422041249422552,Family_Man
259,7630,4.383598449810299,Family_Man
259,29,5.0,Family_Man
259,5223,5.0,Family_Man
259,7305,5.0,Family_Man
259,2277,5.0,Family_Man
259,3085,4.741340401245634,Family_Man
259,2341,5.0,Family_Man
259,9196,5.0,Family_Man
259,6561,3.549819371748683,Family_Man
259,4282,5.0,Family_Man
260,904,2.2168131119508994,Luxury_Boss
260,10057,2.3315530124705077,Luxury_Boss
260,5657,1.5285076932209205,Luxury_Boss
260,2637,2.034349709781872,Luxury_Boss
260,5281,1.8213161201448895,Luxury_Boss
260,9767,2.457267816496878,Luxury_Boss
260,3572,1.5879408440327203,Luxury_Boss
260,1907,1.6590071842464638,Luxury_Boss
260,6039,3.757029323541173,Luxury_Boss
260,1912,1.733172397041406,Luxury_Boss
260,8179,1.7879845500226086,Luxury_Boss
260,515,1.801742456748693,Luxury_Boss
260,6122,2.7698450672326294,Luxury_Boss
260,2328,3.646493676142011,Luxury_Boss
260,5662,1.9833760588250011,Luxury_Boss
260,8113,1.7406549405742209,Luxury_Boss
260,10225,2.0875531084113486,Luxury_Boss
260,7322,2.4462084311093895,Luxury_Boss
260,464,2.3543968233515766,Luxury_Boss
260,8645,2.4967880463220453,Luxury_Boss
260,1198,2.1129420526334686,Luxury_Boss
261,7880,4.295880027659578,Speed_Racer
261,1205,2.5692752901622606,Speed_Racer
261,3863,2.7938628148326625,Speed_Racer
261,3757,4.314712963933944,Speed_Racer
261,9074,3.0056423449881184,Speed_Racer
261,7555,5.0,Speed_Racer
261,5659,2.5338142642667796,Speed_Racer
261,10014,3.1662358554593486,Speed_Racer
261,5056,5.0,Speed_Racer
261,105,3.170818509068175,Speed_Racer
261,4404,5.0,Speed_Racer
261,349,3.748162671709105,Speed_Racer
261,1437,3.4816670394654747,Speed_Racer
261,7025,2.7628811404353293,Speed_Racer
261,5771,2.676172297068064,Speed_Racer
261,9033,1.5661642290785802,Speed_Racer
261,1966,3.7535366627893603,Speed_Racer
261,8187,3.0474724682718044,Speed_Racer
261,9241,3.7689870874198252,Speed_Racer
261,1701,3.1399792594813123,Speed_Racer
261,1401,2.507352310834314,Speed_Racer
262,4277,3.4132009275354314,Speed_Racer
262,6858,3.066969955172764,Speed_Racer
262,633,2.642807392979372,Speed_Racer
262,7331,3.21102883161585,Speed_Racer
262,4820,2.6802486058488872,Speed_Racer
262,6641,5.0,Speed_Racer
262,842,2.909838584698422,Speed_Racer
262,5334,2.489711236761747,Speed_Racer
262,6783,1.5005330451450352,Speed_Racer
262,2220,4.237217290350907,Speed_Racer
262,1645,3.3111142986357334,Speed_Racer
262,6567,3.3181676446890753,Speed_Racer
262,4189,2.479667863722301,Speed_Racer
262,1597,4.828918690426897,Speed_Racer
262,4880,2.9490347668256582,Speed_Racer
262,6755,3.187714335471965,Speed_Racer
262,6888,1.5501922118843394,Speed_Racer
262,7076,3.135824502203301,Speed_Racer
262,2628,2.5005312132625805,Speed_Racer
262,1864,2.3512737949741487,Speed_Racer
262,9531,2.636872056386093,Speed_Racer
262,3504,3.332906746174773,Speed_Racer
263,7734,5.0,Family_Man
263,567,5.0,Family_Man
263,2066,3.6394178834271678,Family_Man
263,553,5.0,Family_Man
263,5463,5.0,Family_Man
263,7849,5.0,Family_Man
263,134,4.63214538789075,Family_Man
263,6595,3.2612329613269986,Family_Man
263,366,3.719078691612766,Family_Man
263,1366,3.0566690340609615,Family_Man
263,1188,5.0,Family_Man
263,2346,3.2888744835611896,Family_Man
263,9544,4.492247335118966,Family_Man
263,7149,4.269813107847067,Family_Man
263,9292,3.6351113077655315,Family_Man
263,1789,5.0,Family_Man
264,2254,1.8854149052805877,Luxury_Boss
264,4034,1.5530074852956806,Luxury_Boss
264,8826,4.660176058741282,Luxury_Boss
264,5551,1.5513872461489722,Luxury_Boss
264,10061,5.0,Luxury_Boss
264,2422,2.7454143095343295,Luxury_Boss
264,8818,1.9691084794977387,Luxury_Boss
264,9182,1.6386503289217678,Luxury_Boss
264,4746,2.2517303688662853,Luxury_Boss
264,8181,2.2666203600197656,Luxury_Boss
264,852,4.695660478238885,Luxury_Boss
264,9891,3.4401421872237004,Luxury_Boss
264,1379,2.044195408512689,Luxury_Boss
264,4280,1.7239645846499532,Luxury_Boss
264,3439,4.864567661724663,Luxury_Boss
264,3401,2.4583654237336128,Luxury_Boss
265,1845,4.893696754078128,Budget_Student
265,9279,3.125968901838152,Budget_Student
265,4655,4.796333720107515,Budget_Student
265,1934,3.476224461026292,Budget_Student
265,5033,2.6204892578266192,Budget_Student
265,2367,5.0,Budget_Student
265,6658,3.59494017334813,Budget_Student
265,3406,2.87225914665141,Budget_Student
265,6192,5.0,Budget_Student
265,5872,2.696848118233062,Budget_Student
265,4477,3.782566378730861,Budget_Student
265,3145,3.7311110348439076,Budget_Student
265,9099,5.0,Budget_Student
265,1319,3.2988524822323013,Budget_Student
265,6046,5.0,Budget_Student
265,1695,3.418301774330941,Budget_Student
265,8865,3.7780920807274123,Budget_Student
265,573,5.0,Budget_Student
265,7006,3.0780225766466254,Budget_Student
265,9639,3.211025085165896,Budget_Student
265,10176,3.0895395213201233,Budget_Student
265,9392,5.0,Budget_Student
265,6135,3.4936623093092853,Budget_Student
266,4671,4.613626158669922,Family_Man
266,8448,5.0,Family_Man
266,2157,5.0,Family_Man
266,3963,3.2267808426007805,Family_Man
266,606,4.830678025413054,Family_Man
266,5022,3.4203114067274605,Family_Man
266,9320,4.346556878671631,Family_Man
266,212,1.482311053184179,Family_Man
266,731,2.848225883230862,Family_Man
266,3345,3.6505152318534346,Family_Man
266,5431,3.0130028403231797,Family_Man
266,4583,3.2037984076559827,Family_Man
266,1543,3.9482797901088578,Family_Man
266,4922,4.589495945325601,Family_Man
266,9472,3.640687448206526,Family_Man
266,1975,3.9408605962334864,Family_Man
266,959,3.129627636971734,Family_Man
266,1950,3.3659200425097913,Family_Man
266,1290,5.0,Family_Man
266,897,4.021511518828516,Family_Man
266,2194,5.0,Family_Man
266,9069,4.062532208823564,Family_Man
267,9895,2.3376831652356227,Luxury_Boss
267,8441,2.459300115956271,Luxury_Boss
267,422,4.797362919438658,Luxury_Boss
267,9439,3.6338666986318158,Luxury_Boss
267,9662,2.01833976567466,Luxury_Boss
267,5174,1.6504603915503346,Luxury_Boss
267,4530,4.532495996771585,Luxury_Boss
267,3579,2.156527774935326,Luxury_Boss
267,2209,2.6749450089502735,Luxury_Boss
267,2642,2.440034201676391,Luxury_Boss
267,6168,2.333770794882361,Luxury_Boss
267,9130,2.79417233838488,Luxury_Boss
267,1214,2.332472097439884,Luxury_Boss
267,6407,2.4635046713607234,Luxury_Boss
267,1387,2.183521908105927,Luxury_Boss
267,8118,2.3282492375365154,Luxury_Boss
267,2196,1.7262660447637486,Luxury_Boss
267,5594,2.9586545140439062,Luxury_Boss
267,9162,1.6283506601287916,Luxury_Boss
267,3547,2.098350270461298,Luxury_Boss
267,9177,2.382834197763512,Luxury_Boss
268,8591,4.927054325342845,Family_Man
268,9567,3.9639526092488024,Family_Man
268,471,4.402632232509432,Family_Man
268,4242,2.894134545800509,Family_Man
268,8485,4.060584732522057,Family_Man
268,3158,3.3033797784502323,Family_Man
268,6186,5.0,Family_Man
268,2959,3.493081814692535,Family_Man
268,2058,3.8517645236241926,Family_Man
268,2087,3.1094760281438782,Family_Man
268,3041,4.905638517906355,Family_Man
268,5008,2.566902611017582,Family_Man
268,9107,2.6778088268888487,Family_Man
268,2104,3.4186550579164234,Family_Man
268,10075,2.9307122313684015,Family_Man
268,8545,4.893068426648441,Family_Man
268,5593,5.0,Family_Man
268,4489,3.491303305506034,Family_Man
268,2289,5.0,Family_Man
268,4482,5.0,Family_Man
268,8863,4.722785277781117,Family_Man
268,9239,3.237324373256097,Family_Man
268,9402,4.698394089387486,Family_Man
268,2155,4.148671601172696,Family_Man
269,5085,4.103815398857704,Eco_Warrior
269,4684,1.0,Eco_Warrior
269,6429,2.7067154366412742,Eco_Warrior
269,517,2.7682082701901427,Eco_Warrior
269,41,2.133420815651346,Eco_Warrior
269,5361,1.0,Eco_Warrior
269,4299,3.017930237657298,Eco_Warrior
269,8739,1.7373450453449215,Eco_Warrior
269,3305,1.0,Eco_Warrior
269,9149,2.5308193900176224,Eco_Warrior
269,8630,3.3221882587138105,Eco_Warrior
269,8600,3.0841587496737994,Eco_Warrior
269,22,1.8225235730545837,Eco_Warrior
269,2528,1.0,Eco_Warrior
269,3469,1.0,Eco_Warrior
269,4880,2.6367093854080093,Eco_Warrior
269,7060,2.503792188527946,Eco_Warrior
269,7317,1.3574489343264362,Eco_Warrior
269,7840,2.5321151915587494,Eco_Warrior
269,1276,3.014259546326901,Eco_Warrior
269,6946,1.051573138358664,Eco_Warrior
269,2713,2.920931390972972,Eco_Warrior
269,2668,3.4260240998333282,Eco_Warrior
269,4300,1.0,Eco_Warrior
270,9376,4.37709295243709,Budget_Student
270,3650,5.0,Budget_Student
270,8605,3.186844923187063,Budget_Student
270,6562,4.725344719229849,Budget_Student
270,5687,3.420955997192255,Budget_Student
270,9010,5.0,Budget_Student
270,628,4.1412671129831935,Budget_Student
270,4623,2.9903851918073476,Budget_Student
270,8869,2.599074062776108,Budget_Student
270,6661,5.0,Budget_Student
270,223,3.118514695225115,Budget_Student
270,8376,5.0,Budget_Student
270,2139,1.292289187579434,Budget_Student
270,2710,3.4175440873544454,Budget_Student
270,5012,4.53637944039711,Budget_Student
270,9833,1.801881268611853,Budget_Student
270,6308,3.048271660916872,Budget_Student
270,3357,2.8778096726772793,Budget_Student
270,4658,5.0,Budget_Student
270,7936,4.578868640903902,Budget_Student
270,5754,3.07742434510287,Budget_Student
270,3861,3.5220746820291873,Budget_Student
270,4223,5.0,Budget_Student
271,3551,3.499304749846654,Budget_Student
271,10046,3.376564203894705,Budget_Student
271,8347,5.0,Budget_Student
271,2360,3.2145349048940295,Budget_Student
271,4917,2.879087214025291,Budget_Student
271,9864,1.0,Budget_Student
271,2361,3.1802634620293073,Budget_Student
271,8177,3.523195482219535,Budget_Student
271,5560,4.564115443381865,Budget_Student
271,7555,1.3042020201657878,Budget_Student
271,5536,3.2688198587300605,Budget_Student
271,6477,1.6083075968354645,Budget_Student
271,1914,3.0815332734079472,Budget_Student
271,4223,4.886641277388429,Budget_Student
271,8473,3.6327992305574046,Budget_Student
271,8705,2.6125574192286893,Budget_Student
271,4611,5.0,Budget_Student
271,1091,1.7458003319245634,Budget_Student
271,1358,4.827543240109897,Budget_Student
271,4847,3.2649305371957134,Budget_Student
272,6580,1.8681574764152686,Luxury_Boss
272,8577,2.1366679328961244,Luxury_Boss
272,1574,3.8126782259679426,Luxury_Boss
272,2947,2.6469265599355944,Luxury_Boss
272,1415,2.3444261007992084,Luxury_Boss
272,2380,2.3862834490140594,Luxury_Boss
272,533,1.74426012886086,Luxury_Boss
272,312,2.1712064016577273,Luxury_Boss
272,4666,1.8239343655922382,Luxury_Boss
272,5950,3.1650185189313196,Luxury_Boss
272,1973,3.883565776497579,Luxury_Boss
272,4894,2.144916319319693,Luxury_Boss
272,5636,2.4788175341759233,Luxury_Boss
272,8507,2.1602901121249594,Luxury_Boss
272,4292,1.9890692355747133,Luxury_Boss
272,115,1.8530505957880556,Luxury_Boss
272,9465,1.7462851839206124,Luxury_Boss
272,6716,1.8705001279742648,Luxury_Boss
272,4013,2.0553598378804336,Luxury_Boss
272,4726,2.2267845597867053,Luxury_Boss
272,958,2.059536640246956,Luxury_Boss
272,7528,4.114506067826106,Luxury_Boss
273,3336,4.430766562333665,Luxury_Boss
273,7200,1.8762466818763266,Luxury_Boss
273,1671,2.0435657402870024,Luxury_Boss
273,3525,3.3762667106634643,Luxury_Boss
273,6806,1.5900210494784393,Luxury_Boss
273,5138,1.7736088175293725,Luxury_Boss
273,2379,1.6939250629434217,Luxury_Boss
273,6242,1.9331235954990693,Luxury_Boss
273,4034,2.3289314172932833,Luxury_Boss
273,9730,1.9474883861867502,Luxury_Boss
273,1828,3.7214121038138277,Luxury_Boss
273,6977,1.9360610193186332,Luxury_Boss
273,8256,1.5298251583917368,Luxury_Boss
273,5131,1.6743258594364296,Luxury_Boss
273,8097,2.521367822191226,Luxury_Boss
273,5283,3.797946503864259,Luxury_Boss
273,9801,4.691965360637088,Luxury_Boss
274,6643,2.1895722859260687,Speed_Racer
274,561,2.8830830854277183,Speed_Racer
274,3544,4.120433064640664,Speed_Racer
274,10148,2.3319815437053255,Speed_Racer
274,2058,3.8480687432818286,Speed_Racer
274,5082,2.7088975932095067,Speed_Racer
274,5641,4.613256838633763,Speed_Racer
274,5655,2.610263156274742,Speed_Racer
274,8465,2.495402065060909,Speed_Racer
274,7716,2.151022821960408,Speed_Racer
274,3412,3.3599245936339233,Speed_Racer
274,6085,2.9356536336168135,Speed_Racer
274,6025,2.013607923428983,Speed_Racer
274,10259,2.790118286995411,Speed_Racer
274,8322,3.287200085667744,Speed_Racer
274,3396,2.9379450680525574,Speed_Racer
274,1586,2.8584871487685444,Speed_Racer
274,824,2.0552748922178576,Speed_Racer
274,9800,2.8363638537920304,Speed_Racer
275,4544,3.41005236022531,Speed_Racer
275,9212,3.4457432788328095,Speed_Racer
275,5625,2.6162403568691794,Speed_Racer
275,3007,3.408838315318622,Speed_Racer
275,3427,2.3188592213745762,Speed_Racer
275,1561,1.5907695045801287,Speed_Racer
275,1806,5.0,Speed_Racer
275,6043,1.5263813176100482,Speed_Racer
275,2211,3.121831380018641,Speed_Racer
275,8415,3.3396956308704357,Speed_Racer
275,1497,2.5070943337822844,Speed_Racer
275,8307,3.112644196085379,Speed_Racer
275,5242,3.073904297840147,Speed_Racer
275,7130,4.275058036610249,Speed_Racer
275,4746,2.4532580173198335,Speed_Racer
275,3033,3.8717939208906555,Speed_Racer
275,7952,2.3927183406878134,Speed_Racer
275,5634,2.806599866074932,Speed_Racer
275,1553,3.343018414690062,Speed_Racer
275,7103,3.3938155795581353,Speed_Racer
276,7760,4.072389406427625,Family_Man
276,2941,1.7017655138796766,Family_Man
276,8067,3.1139415883837103,Family_Man
276,6705,4.901703222315771,Family_Man
276,4897,5.0,Family_Man
276,3718,4.710815139151221,Family_Man
276,5018,2.5610912534084798,Family_Man
276,3698,5.0,Family_Man
276,10083,3.9809734094863534,Family_Man
276,7891,4.23562085951079,Family_Man
276,600,2.7749070876416155,Family_Man
276,6366,4.369266949646486,Family_Man
276,1590,4.287092580149383,Family_Man
276,5386,3.070235434854181,Family_Man
276,9420,5.0,Family_Man
276,8074,3.6096065789833442,Family_Man
276,3780,4.087464956376464,Family_Man
276,1791,2.6821698972843633,Family_Man
276,9676,2.7178857430154353,Family_Man
276,10107,5.0,Family_Man
276,2794,5.0,Family_Man
276,4441,2.9003722733528754,Family_Man
277,4508,3.783291277632095,Budget_Student
277,1416,3.5883990614566206,Budget_Student
277,4454,3.0159120276126443,Budget_Student
277,3620,1.0,Budget_Student
277,6680,3.3864120089727163,Budget_Student
277,7184,2.9726225133617237,Budget_Student
277,5518,4.926103929938574,Budget_Student
277,1979,3.0891399995089244,Budget_Student
277,2739,3.1480258899241296,Budget_Student
277,4625,3.2700966943380188,Budget_Student
277,6079,3.6206427301622925,Budget_Student
277,5902,2.513421707310891,Budget_Student
277,10219,3.282689792662684,Budget_Student
277,4057,5.0,Budget_Student
277,3243,3.8186960864927135,Budget_Student
277,1262,3.16242416174734,Budget_Student
278,1983,1.0,Eco_Warrior
278,5700,3.0014349106269647,Eco_Warrior
278,4013,3.0985220222046133,Eco_Warrior
278,7600,3.0858890859545887,Eco_Warrior
278,10126,1.0,Eco_Warrior
278,1514,1.0,Eco_Warrior
278,8222,3.1160078469026096,Eco_Warrior
278,4795,3.171930853627609,Eco_Warrior
278,9590,1.0,Eco_Warrior
278,5685,2.7683164775761293,Eco_Warrior
278,7053,3.149005968861622,Eco_Warrior
278,7268,1.0,Eco_Warrior
278,1714,2.7522676217032798,Eco_Warrior
278,8461,2.5390896939220537,Eco_Warrior
278,5813,3.2308089362480636,Eco_Warrior
278,4692,3.452235119791079,Eco_Warrior
278,9818,3.488389128578594,Eco_Warrior
278,4054,1.0,Eco_Warrior
278,6177,2.6299092875927235,Eco_Warrior
278,8391,3.2100250379971293,Eco_Warrior
278,2842,2.469750486731617,Eco_Warrior
278,2184,1.0,Eco_Warrior
279,3996,3.3277550357773418,Eco_Warrior
279,8714,1.0,Eco_Warrior
279,3092,2.7960959474870553,Eco_Warrior
279,3141,2.8567098661946835,Eco_Warrior
279,5110,3.1015554291829455,Eco_Warrior
279,1572,3.207399611137677,Eco_Warrior
279,9729,2.9751529136138943,Eco_Warrior
279,6749,2.711900969119581,Eco_Warrior
279,9654,3.4073995829641435,Eco_Warrior
279,9778,2.8129932468769407,Eco_Warrior
279,537,4.0285621625852235,Eco_Warrior
279,5718,1.0,Eco_Warrior
279,1051,2.673564092571579,Eco_Warrior
279,4315,2.981004040744816,Eco_Warrior
279,9141,3.093122156853444,Eco_Warrior
279,2710,3.041735318595171,Eco_Warrior
279,2021,2.742500631491415,Eco_Warrior
279,3110,1.2870893525788512,Eco_Warrior
279,4826,3.13659133846161,Eco_Warrior
279,4253,1.3955568908302798,Eco_Warrior
279,7779,2.909062164194399,Eco_Warrior
279,3303,2.424143381819157,Eco_Warrior
280,4818,3.0271089629892245,Budget_Student
280,1947,5.0,Budget_Student
280,323,3.143685897831933,Budget_Student
280,1407,5.0,Budget_Student
280,473,2.727718665142584,Budget_Student
280,956,3.6367753313998303,Budget_Student
280,6818,3.959583825349613,Budget_Student
280,7778,5.0,Budget_Student
280,7518,3.192982652151416,Budget_Student
280,9800,4.172022068335181,Budget_Student
280,8611,4.5810748449751735,Budget_Student
280,8512,3.7195760582613935,Budget_Student
280,6708,4.914634828940231,Budget_Student
280,8850,1.2943928565533167,Budget_Student
280,7743,4.899800940924224,Budget_Student
280,9736,3.107630151511455,Budget_Student
281,4981,3.1271127443099083,Speed_Racer
281,5156,3.0206079926971325,Speed_Racer
281,4743,5.0,Speed_Racer
281,1979,2.8565662214070984,Speed_Racer
281,9787,5.0,Speed_Racer
281,282,2.437372802736148,Speed_Racer
281,4267,4.87095065587215,Speed_Racer
281,473,2.90437186002503,Speed_Racer
281,6706,2.968745937744523,Speed_Racer
281,3140,2.4775864488328856,Speed_Racer
281,5288,2.963173601328375,Speed_Racer
281,5225,2.55995251963813,Speed_Racer
281,8725,4.254764190129255,Speed_Racer
281,7295,3.3674309064969794,Speed_Racer
281,2301,2.7764254926912786,Speed_Racer
281,1103,3.2974352577405925,Speed_Racer
282,2462,4.542315357928034,Budget_Student
282,8576,3.6479945426651046,Budget_Student
282,6683,3.077611658683381,Budget_Student
282,3430,5.0,Budget_Student
282,7667,5.0,Budget_Student
282,658,4.691307981882938,Budget_Student
282,6433,4.760182457622059,Budget_Student
282,9755,1.5889246113610365,Budget_Student
282,9381,3.367756981529336,Budget_Student
282,1844,2.9334219985145693,Budget_Student
282,6492,1.3025423702272023,Budget_Student
282,3587,2.6542979672409563,Budget_Student
282,7013,5.0,Budget_Student
282,6464,3.7629780326717537,Budget_Student
282,4292,3.0396548032916164,Budget_Student
282,2770,5.0,Budget_Student
282,5803,1.2637089736932063,Budget_Student
282,3152,5.0,Budget_Student
282,7633,4.574220968272838,Budget_Student
282,9599,2.9776987343459385,Budget_Student
282,7017,5.0,Budget_Student
283,323,2.2964489195999405,Luxury_Boss
283,3911,2.1163572426146477,Luxury_Boss
283,8722,2.306188155890499,Luxury_Boss
283,6305,2.0560705999249453,Luxury_Boss
283,2867,2.1537789255234876,Luxury_Boss
283,4867,3.461442928866945,Luxury_Boss
283,264,2.7318472324490664,Luxury_Boss
283,8821,4.168121730462716,Luxury_Boss
283,6112,1.5515998837224434,Luxury_Boss
283,6726,1.700532159580173,Luxury_Boss
283,5621,1.8500735044155512,Luxury_Boss
283,6896,2.1611854449059895,Luxury_Boss
283,6410,1.915809576725404,Luxury_Boss
283,9899,1.814447780917351,Luxury_Boss
283,2192,1.7498515958856753,Luxury_Boss
283,5114,5.0,Luxury_Boss
283,8036,2.493936782550718,Luxury_Boss
283,7893,2.252882894258123,Luxury_Boss
284,7163,1.9545515450318982,Luxury_Boss
284,6516,2.294454555611183,Luxury_Boss
284,7691,4.6787201081542955,Luxury_Boss
284,5516,1.8408867975410597,Luxury_Boss
284,7137,1.6198422848980176,Luxury_Boss
284,8065,2.359573003102126,Luxury_Boss
284,6321,1.701918336981812,Luxury_Boss
284,6389,2.2596307325601668,Luxury_Boss
284,698,3.2914728588372366,Luxury_Boss
284,1398,2.094778214333265,Luxury_Boss
284,5551,1.7838018770498736,Luxury_Boss
284,145,1.6405646394275901,Luxury_Boss
284,3299,2.3637568908221254,Luxury_Boss
284,4229,5.0,Luxury_Boss
284,8852,2.299154962025833,Luxury_Boss
284,5898,2.2947714867699807,Luxury_Boss
284,5936,2.495301272431513,Luxury_Boss
284,5819,1.894740353748717,Luxury_Boss
284,9808,1.9862338791535115,Luxury_Boss
285,6583,2.4339375816184243,Luxury_Boss
285,1387,1.54669848358141,Luxury_Boss
285,1427,2.4189025579065535,Luxury_Boss
285,4541,1.6159168476380896,Luxury_Boss
285,2953,2.6326430091485578,Luxury_Boss
285,4282,2.1973224720417313,Luxury_Boss
285,9646,2.3207837857538203,Luxury_Boss
285,9522,2.1154496757432026,Luxury_Boss
285,1779,2.452194964730305,Luxury_Boss
285,763,1.63107248416403,Luxury_Boss
285,8868,1.7106952227078542,Luxury_Boss
285,10211,1.6977868717503721,Luxury_Boss
285,4183,2.0741773022322216,Luxury_Boss
285,3850,3.7283075718920458,Luxury_Boss
285,9207,2.119301835734326,Luxury_Boss
285,7882,3.8440438223339495,Luxury_Boss
285,7956,2.605573565105412,Luxury_Boss
285,3145,2.375434869872078,Luxury_Boss
285,4214,2.4664161075266784,Luxury_Boss
285,3844,1.7639632058837917,Luxury_Boss
285,4801,3.1842046633413146,Luxury_Boss
285,2797,2.2762370053732845,Luxury_Boss
285,4993,3.384882516228587,Luxury_Boss
285,3210,2.3258896271725273,Luxury_Boss
286,3010,3.4236856608401296,Budget_Student
286,1324,3.0330792408468668,Budget_Student
286,8448,3.5370243998702113,Budget_Student
286,7540,1.0,Budget_Student
286,5751,5.0,Budget_Student
286,3057,4.898909501828906,Budget_Student
286,4790,5.0,Budget_Student
286,5468,2.869118354570482,Budget_Student
286,10231,5.0,Budget_Student
286,2982,3.2943660717985734,Budget_Student
286,2656,2.813345694173904,Budget_Student
286,2037,3.840682479854937,Budget_Student
286,4773,3.409258638444032,Budget_Student
286,6304,5.0,Budget_Student
286,3641,2.8058714372594014,Budget_Student
287,765,3.1348852180997664,Speed_Racer
287,6078,3.0410931948709328,Speed_Racer
287,1277,2.6306164240698586,Speed_Racer
287,4499,2.968848540982958,Speed_Racer
287,7769,2.6171525695097335,Speed_Racer
287,9683,2.726090298021693,Speed_Racer
287,5345,3.2084408139273526,Speed_Racer
287,3401,2.642572123990557,Speed_Racer
287,8683,2.5402998824893626,Speed_Racer
287,6217,2.8465269850141706,Speed_Racer
287,2509,2.047823805905303,Speed_Racer
287,3371,2.2634502773201324,Speed_Racer
287,3097,3.070987312623255,Speed_Racer
287,349,3.921402926313075,Speed_Racer
287,9855,3.0132160916610404,Speed_Racer
287,5547,5.0,Speed_Racer
287,9822,2.5114668130906326,Speed_Racer
287,1244,3.2826878311109255,Speed_Racer
287,6766,2.8961059006051175,Speed_Racer
287,5273,3.423193931485114,Speed_Racer
287,9003,3.5196761857127195,Speed_Racer
287,6341,4.253118410910566,Speed_Racer
288,6783,5.0,Budget_Student
288,6685,5.0,Budget_Student
288,4034,3.747507742361709,Budget_Student
288,5337,5.0,Budget_Student
288,7891,3.2527005450445996,Budget_Student
288,136,5.0,Budget_Student
288,4679,3.155949943608454,Budget_Student
288,8727,5.0,Budget_Student
288,9495,1.7054551586307836,Budget_Student
288,5433,5.0,Budget_Student
288,5274,1.0,Budget_Student
288,3862,4.66984856310779,Budget_Student
288,2686,2.8144879914255947,Budget_Student
288,2695,5.0,Budget_Student
288,8018,1.5742203700753887,Budget_Student
288,4083,5.0,Budget_Student
288,6467,5.0,Budget_Student
288,2820,5.0,Budget_Student
288,5028,1.0,Budget_Student
288,1418,3.198927518935703,Budget_Student
288,6366,1.1331543816345717,Budget_Student
288,5186,3.7118080568529823,Budget_Student
288,5527,3.1462418757475326,Budget_Student
288,7172,2.6793991806108792,Budget_Student
289,7591,3.311149374053006,Speed_Racer
289,3822,2.2139235010470157,Speed_Racer
289,4990,1.8421969772702877,Speed_Racer
289,9566,3.7618656045971166,Speed_Racer
289,3723,1.5005807063170886,Speed_Racer
289,4077,2.903504306891702,Speed_Racer
289,962,3.4803784997977236,Speed_Racer
289,6193,2.869071346481509,Speed_Racer
289,8932,2.060073958738106,Speed_Racer
289,8839,2.4298892852205016,Speed_Racer
289,8085,4.484457311389076,Speed_Racer
289,6705,2.6792985336782857,Speed_Racer
289,4790,2.054084492205568,Speed_Racer
289,5074,2.417435903811996,Speed_Racer
289,7543,1.667836883716566,Speed_Racer
289,458,3.968931150260345,Speed_Racer
289,6123,3.0994234247447165,Speed_Racer
289,7006,3.86589530409014,Speed_Racer
289,9932,3.7615101250840377,Speed_Racer
289,574,2.753064633601104,Speed_Racer
289,1891,1.552139994916601,Speed_Racer
290,3750,4.757212719083674,Family_Man
290,1529,3.0296616281950426,Family_Man
290,8067,3.3175442936963413,Family_Man
290,3994,2.762433617151956,Family_Man
290,9701,5.0,Family_Man
290,5318,4.397175029877127,Family_Man
290,3861,4.458605953938802,Family_Man
290,1020,3.4776806646725755,Family_Man
290,10274,3.6861778846027518,Family_Man
290,6346,4.337967577506153,Family_Man
290,4754,5.0,Family_Man
290,3312,5.0,Family_Man
290,4682,5.0,Family_Man
290,1013,4.7139893591715385,Family_Man
290,1791,2.5732171216757598,Family_Man
290,6022,4.202095319857088,Family_Man
291,709,3.301602496472821,Family_Man
291,2559,4.364668604022247,Family_Man
291,10113,2.567203222023296,Family_Man
291,1793,5.0,Family_Man
291,7841,5.0,Family_Man
291,10013,2.856068119873526,Family_Man
291,2570,4.577637293790503,Family_Man
291,7249,5.0,Family_Man
291,6413,4.4992333562748215,Family_Man
291,2890,3.4047952452862815,Family_Man
291,1826,2.703499122568119,Family_Man
291,3581,4.655697970385628,Family_Man
291,7497,4.646146159368795,Family_Man
291,3787,4.963863391627512,Family_Man
291,9428,5.0,Family_Man
291,6084,2.9710155311912754,Family_Man
291,10199,2.1563173978390666,Family_Man
291,9103,1.9749760906061633,Family_Man
291,5933,4.628689995930515,Family_Man
291,5205,1.066477677591973,Family_Man
291,3946,4.466226505859824,Family_Man
291,9014,3.6948310301735607,Family_Man
291,5404,4.767148696288627,Family_Man
291,8721,3.7148367292064317,Family_Man
292,4463,3.4269016081618333,Speed_Racer
292,969,3.616347357919024,Speed_Racer
292,9717,2.076684413317978,Speed_Racer
292,3878,3.01130278242295,Speed_Racer
292,9687,3.7259292805859223,Speed_Racer
292,3359,2.4023823879332644,Speed_Racer
292,8085,4.1944845158660735,Speed_Racer
292,7153,4.909356782276322,Speed_Racer
292,7022,3.180388365537981,Speed_Racer
292,6948,3.2459872125917832,Speed_Racer
292,4098,2.572141320234271,Speed_Racer
292,2480,2.769191217622601,Speed_Racer
292,3017,2.811600825566429,Speed_Racer
292,9328,4.895023605253437,Speed_Racer
292,10114,3.9201100095972206,Speed_Racer
292,6588,3.2244309459938556,Speed_Racer
292,3918,1.7481414837269371,Speed_Racer
292,9447,2.760384266494465,Speed_Racer
292,7070,5.0,Speed_Racer
292,5527,2.6044776360797783,Speed_Racer
292,8380,2.222653369386458,Speed_Racer
292,5771,2.3489793457967454,Speed_Racer
292,4976,2.512541545743578,Speed_Racer
292,109,2.9570039592790076,Speed_Racer
293,7708,5.0,Family_Man
293,1225,3.928884949082963,Family_Man
293,1828,5.0,Family_Man
293,6929,5.0,Family_Man
293,4652,5.0,Family_Man
293,2092,5.0,Family_Man
293,5574,5.0,Family_Man
293,4977,4.463879117550432,Family_Man
293,268,4.105963397805978,Family_Man
293,3810,4.442980492724992,Family_Man
293,2953,2.662367396983444,Family_Man
293,1785,2.53167142491431,Family_Man
293,7756,3.001496697730331,Family_Man
293,1289,3.859825258769098,Family_Man
293,9877,5.0,Family_Man
293,3417,3.555798820796291,Family_Man
293,9639,4.225120240183813,Family_Man
293,579,5.0,Family_Man
293,5199,2.7038382607574323,Family_Man
293,9311,4.863363839878247,Family_Man
293,1814,5.0,Family_Man
294,9990,3.2604905629174796,Family_Man
294,2652,3.8490891871994717,Family_Man
294,2332,3.06098365509673,Family_Man
294,4505,5.0,Family_Man
294,5363,4.846137019705803,Family_Man
294,3944,5.0,Family_Man
294,9172,5.0,Family_Man
294,7726,4.044374640445054,Family_Man
294,8383,5.0,Family_Man
294,6377,4.973157271032988,Family_Man
294,6071,4.410641378345207,Family_Man
294,1429,3.714498561608197,Family_Man
294,9257,4.260792201167258,Family_Man
294,4569,4.7323251134924975,Family_Man
294,7755,2.977333321113826,Family_Man
294,10162,3.377962683501834,Family_Man
294,463,5.0,Family_Man
294,1383,5.0,Family_Man
295,8990,4.57420631575997,Budget_Student
295,38,5.0,Budget_Student
295,7298,5.0,Budget_Student
295,2360,3.283470235045261,Budget_Student
295,2980,3.0261769783526593,Budget_Student
295,9850,3.2135733451353286,Budget_Student
295,2341,2.644614409807053,Budget_Student
295,1720,4.5297793049197885,Budget_Student
295,182,4.644698315699092,Budget_Student
295,7172,3.164436413697095,Budget_Student
295,9924,5.0,Budget_Student
295,1942,5.0,Budget_Student
295,5700,1.3386416093652083,Budget_Student
295,5253,5.0,Budget_Student
295,6721,1.0,Budget_Student
295,4773,3.240348563319006,Budget_Student
296,6475,1.6545457290292918,Budget_Student
296,587,3.3170216059105564,Budget_Student
296,5711,5.0,Budget_Student
296,1301,5.0,Budget_Student
296,389,3.673771796683984,Budget_Student
296,6457,3.832377183813458,Budget_Student
296,3435,4.573599155628075,Budget_Student
296,8044,3.483895658389529,Budget_Student
296,3523,3.5493093404986613,Budget_Student
296,366,1.6657145178230555,Budget_Student
296,4151,2.8092288276702746,Budget_Student
296,9645,3.0334666106386687,Budget_Student
296,3221,4.388968176438293,Budget_Student
296,9619,3.666015111974675,Budget_Student
296,8372,3.7664235781182174,Budget_Student
296,7685,5.0,Budget_Student
296,4311,4.737853784051362,Budget_Student
296,5466,3.073079765046513,Budget_Student
296,7970,3.0129071454717233,Budget_Student
296,562,3.4445679749349467,Budget_Student
296,6930,5.0,Budget_Student
297,6566,1.5426439253838264,Luxury_Boss
297,4251,2.2424627563144965,Luxury_Boss
297,2969,1.652107035006242,Luxury_Boss
297,487,2.345750798921515,Luxury_Boss
297,4678,2.026204500356399,Luxury_Boss
297,8658,2.313511369393405,Luxury_Boss
297,9524,2.9289654935128837,Luxury_Boss
297,7982,3.6741936761250074,Luxury_Boss
297,6474,3.0127108091249215,Luxury_Boss
297,2679,3.1530721105414004,Luxury_Boss
297,4658,1.8798315692491343,Luxury_Boss
297,4825,3.308799415757572,Luxury_Boss
297,1840,2.4156975954770403,Luxury_Boss
297,6708,2.493681761325071,Luxury_Boss
297,7109,1.7991034768366747,Luxury_Boss
297,6732,1.7525653758826585,Luxury_Boss
297,8493,2.2042024907448443,Luxury_Boss
297,9351,2.389314542033827,Luxury_Boss
297,7671,1.839343287597738,Luxury_Boss
297,6234,2.1115251990995065,Luxury_Boss
297,1005,1.6414163844870733,Luxury_Boss
297,5429,2.092774051520751,Luxury_Boss
297,6464,1.7035356888645583,Luxury_Boss
298,391,1.0,Eco_Warrior
298,4178,2.8646197010745755,Eco_Warrior
298,9505,4.463790060129897,Eco_Warrior
298,4855,1.1124769456040082,Eco_Warrior
298,7402,1.484135127772079,Eco_Warrior
298,9059,2.8772948779032768,Eco_Warrior
298,827,1.0,Eco_Warrior
298,6266,3.2133665665976525,Eco_Warrior
298,96,3.485779196349678,Eco_Warrior
298,8833,1.0,Eco_Warrior
298,10060,3.4515209522183627,Eco_Warrior
298,4553,3.3481710303865597,Eco_Warrior
298,8704,2.7573043408662694,Eco_Warrior
298,4427,3.023659804184331,Eco_Warrior
298,2263,1.2930101218031904,Eco_Warrior
298,5423,1.4273385521086128,Eco_Warrior
298,8497,1.3156729283965445,Eco_Warrior
298,1749,3.062389532957187,Eco_Warrior
298,10251,2.8396353124778164,Eco_Warrior
298,624,3.4654909262470386,Eco_Warrior
298,3382,2.6404071714158697,Eco_Warrior
299,3655,2.5464989821200414,Speed_Racer
299,8628,2.6977106217258093,Speed_Racer
299,5802,3.217140998119571,Speed_Racer
299,301,2.449053630289868,Speed_Racer
299,6277,2.790212161967938,Speed_Racer
299,3593,2.2993264937869533,Speed_Racer
299,1660,2.161735147389585,Speed_Racer
299,7248,5.0,Speed_Racer
299,9497,3.7911524037170126,Speed_Racer
299,9553,2.4245801790025108,Speed_Racer
299,2592,2.462395698221033,Speed_Racer
299,7579,3.540861772428875,Speed_Racer
299,2423,2.8358702314619118,Speed_Racer
299,9419,2.544279583811312,Speed_Racer
299,5897,3.461836824566649,Speed_Racer
299,8108,2.804297916307193,Speed_Racer
300,7179,2.552393054351607,Eco_Warrior
300,1880,1.0412997559642945,Eco_Warrior
300,7871,3.4350643046714717,Eco_Warrior
300,1024,2.974508346299359,Eco_Warrior
300,4704,1.5551882869119271,Eco_Warrior
300,24,2.506682890129091,Eco_Warrior
300,4941,3.1740163539861146,Eco_Warrior
300,4122,3.4665448360513325,Eco_Warrior
300,8304,2.7773564845049754,Eco_Warrior
300,522,3.008406772089969,Eco_Warrior
300,9285,1.4227376177292883,Eco_Warrior
300,875,2.6642740385431414,Eco_Warrior
300,397,2.9065078015291843,Eco_Warrior
300,7070,1.0,Eco_Warrior
300,5375,2.893875064703331,Eco_Warrior
300,9182,2.525304204249551,Eco_Warrior
300,9112,3.4270143393332835,Eco_Warrior
300,6888,3.083686259867817,Eco_Warrior
301,5168,1.8270257306420465,Luxury_Boss
301,8084,4.713554223698469,Luxury_Boss
301,7033,1.7685955665104687,Luxury_Boss
301,5693,3.3841022294809573,Luxury_Boss
301,6281,2.018106738274841,Luxury_Boss
301,9079,1.8093821524353855,Luxury_Boss
301,2583,2.4956915197943546,Luxury_Boss
301,3430,1.8734076369311485,Luxury_Boss
301,7779,1.9520670888461091,Luxury_Boss
301,2496,1.6837332106838283,Luxury_Boss
301,2382,2.4225462491826573,Luxury_Boss
301,4690,2.412085194041943,Luxury_Boss
301,7566,1.9913333496751333,Luxury_Boss
301,4988,2.207461968811812,Luxury_Boss
301,2587,1.8537054762537053,Luxury_Boss
301,5431,1.7394916663474946,Luxury_Boss
301,7190,2.3335292341757072,Luxury_Boss
301,295,2.05023025056875,Luxury_Boss
301,6223,2.13378748780595,Luxury_Boss
301,2052,1.9390273100564246,Luxury_Boss
301,8315,3.38788535195973,Luxury_Boss
302,4749,2.5956475705146302,Luxury_Boss
302,3313,2.788877274021445,Luxury_Boss
302,8134,3.438237925994466,Luxury_Boss
302,7215,3.7973515339673254,Luxury_Boss
302,3586,2.077107944324121,Luxury_Boss
302,5775,2.0748955294351976,Luxury_Boss
302,5209,1.6198858083541645,Luxury_Boss
302,2650,2.1229465171934394,Luxury_Boss
302,3702,2.274981754124335,Luxury_Boss
302,6418,1.9015557380554529,Luxury_Boss
302,5192,2.287113506869212,Luxury_Boss
302,4555,2.0826202251400945,Luxury_Boss
302,4672,1.6948016272936148,Luxury_Boss
302,1327,1.7558453469462174,Luxury_Boss
302,1424,2.236832438649386,Luxury_Boss
302,2697,4.458341598462636,Luxury_Boss
302,4395,5.0,Luxury_Boss
303,6752,1.627256109468536,Luxury_Boss
303,2211,4.439091302305869,Luxury_Boss
303,101,4.011507548739612,Luxury_Boss
303,5900,1.5296450896282983,Luxury_Boss
303,4065,1.88571012647754,Luxury_Boss
303,515,1.6747753874531344,Luxury_Boss
303,7386,2.2742355399929566,Luxury_Boss
303,3969,1.8742612398401488,Luxury_Boss
303,8709,2.278624517760764,Luxury_Boss
303,10276,2.5233215951384915,Luxury_Boss
303,98,2.4875212182012225,Luxury_Boss
303,723,3.6453232738187022,Luxury_Boss
303,7045,2.2037175885836455,Luxury_Boss
303,1343,1.9595463505781372,Luxury_Boss
303,2590,2.168500453117237,Luxury_Boss
303,1583,1.7727750363488897,Luxury_Boss
303,10076,4.535959234783695,Luxury_Boss
303,9761,1.9033401553336726,Luxury_Boss
303,4118,2.2348306351898546,Luxury_Boss
303,6568,2.038526451859606,Luxury_Boss
304,569,4.141983789950768,Speed_Racer
304,2215,3.1535383654002995,Speed_Racer
304,3406,3.686314889864671,Speed_Racer
304,1694,2.3858072511164714,Speed_Racer
304,9751,2.3186135151338014,Speed_Racer
304,3653,2.856450179887003,Speed_Racer
304,9302,4.383278868537535,Speed_Racer
304,7039,4.854045258271401,Speed_Racer
304,5955,2.5535364421712776,Speed_Racer
304,7096,3.2797604217103116,Speed_Racer
304,8996,4.101907392233568,Speed_Racer
304,4159,2.7909710820218168,Speed_Racer
304,2100,2.8676643919077343,Speed_Racer
304,9037,4.273824515609519,Speed_Racer
304,5397,4.416033150386534,Speed_Racer
305,4069,3.368348917699302,Family_Man
305,3409,5.0,Family_Man
305,9335,5.0,Family_Man
305,5713,4.435220888946596,Family_Man
305,1624,4.624006113983182,Family_Man
305,2947,4.706263777359578,Family_Man
305,9695,4.464021372759448,Family_Man
305,225,4.354709794750532,Family_Man
305,422,4.5712899810832015,Family_Man
305,7962,4.151957650982556,Family_Man
305,515,4.4241339305238006,Family_Man
305,631,4.607551521843457,Family_Man
305,5888,4.421767549240148,Family_Man
305,6596,2.963635273182486,Family_Man
305,2879,1.7889794337545228,Family_Man
305,4796,5.0,Family_Man
305,1539,4.582831490666937,Family_Man
306,7719,1.0,Eco_Warrior
306,4820,2.7009865056386526,Eco_Warrior
306,9732,3.2511023146472997,Eco_Warrior
306,6959,3.1915581094765844,Eco_Warrior
306,10261,2.505328314567998,Eco_Warrior
306,8210,1.4568689838074236,Eco_Warrior
306,8116,2.8241712640949137,Eco_Warrior
306,3032,2.5237858631874195,Eco_Warrior
306,6949,3.0174483920621893,Eco_Warrior
306,7105,2.90460811801836,Eco_Warrior
306,1244,1.0,Eco_Warrior
306,5598,1.0,Eco_Warrior
306,8249,2.5679573394563544,Eco_Warrior
306,3811,2.5721663179768655,Eco_Warrior
306,6352,3.3503082844443464,Eco_Warrior
306,4408,1.1353633320815033,Eco_Warrior
306,1543,2.7300890420018855,Eco_Warrior
306,9220,2.6155601804444677,Eco_Warrior
306,4353,2.8865638821718838,Eco_Warrior
306,3093,3.020693225744088,Eco_Warrior
306,919,3.2659508721409454,Eco_Warrior
306,4101,2.5410920719521837,Eco_Warrior
306,592,3.121532919693171,Eco_Warrior
306,2040,2.5523111773288023,Eco_Warrior
307,4878,2.9294820044237544,Eco_Warrior
307,9408,3.2754295963698663,Eco_Warrior
307,5658,3.162791211814919,Eco_Warrior
307,5324,2.5072286606675966,Eco_Warrior
307,5150,3.0287972133625556,Eco_Warrior
307,6596,3.3323710306562804,Eco_Warrior
307,7605,3.1110748182174928,Eco_Warrior
307,9834,3.3141971835331603,Eco_Warrior
307,2897,3.1336361093965754,Eco_Warrior
307,9909,3.277476728665225,Eco_Warrior
307,4094,3.1076782438086603,Eco_Warrior
307,433,1.0,Eco_Warrior
307,6266,2.5421493603964582,Eco_Warrior
307,2279,3.4969150842722465,Eco_Warrior
307,9562,1.0,Eco_Warrior
307,7345,3.2341084345095075,Eco_Warrior
307,6126,2.90051766318496,Eco_Warrior
307,4616,2.774562753436858,Eco_Warrior
307,5418,2.5252121025247205,Eco_Warrior
307,7707,3.3809376088906444,Eco_Warrior
308,4039,4.531251153904586,Family_Man
308,2411,5.0,Family_Man
308,2713,4.438871302285455,Family_Man
308,8775,4.882508165129228,Family_Man
308,4422,3.5957631525348432,Family_Man
308,6292,3.4648934657199177,Family_Man
308,5268,5.0,Family_Man
308,4050,4.31152405317892,Family_Man
308,141,5.0,Family_Man
308,4521,4.630425118267241,Family_Man
308,9199,4.834319220208256,Family_Man
308,8649,3.956320255254739,Family_Man
308,462,5.0,Family_Man
308,4947,4.702653652152949,Family_Man
308,234,4.306535886690372,Family_Man
308,7297,2.603735518346352,Family_Man
308,4256,2.600152299926973,Family_Man
308,7112,4.125962537779902,Family_Man
308,4142,3.703432287687499,Family_Man
308,8990,5.0,Family_Man
308,9276,4.184276579990724,Family_Man
308,863,3.438793005343511,Family_Man
308,5711,5.0,Family_Man
308,7835,5.0,Family_Man
309,6414,5.0,Budget_Student
309,4737,3.282281717363074,Budget_Student
309,10077,5.0,Budget_Student
309,7332,3.396302179662773,Budget_Student
309,5766,1.0442844788877517,Budget_Student
309,7100,2.7112316305079025,Budget_Student
309,5555,2.9163457543332814,Budget_Student
309,10218,4.9258294026871265,Budget_Student
309,8965,2.982613718770284,Budget_Student
309,1923,3.509993191049408,Budget_Student
309,1713,5.0,Budget_Student
309,1523,2.71136992590248,Budget_Student
309,5396,1.8392737052588966,Budget_Student
309,4368,2.5531650453909633,Budget_Student
309,5463,3.577597014693218,Budget_Student
309,1019,5.0,Budget_Student
309,178,3.091935014441075,Budget_Student
309,7779,5.0,Budget_Student
309,1565,3.008555309505431,Budget_Student
309,8520,5.0,Budget_Student
309,10228,3.1432623486276583,Budget_Student
309,4847,3.1759467043741196,Budget_Student
309,8858,3.458155457536332,Budget_Student
309,2543,2.9632662968433707,Budget_Student
310,3835,1.905165445457377,Luxury_Boss
310,5277,2.132214558301654,Luxury_Boss
310,1652,2.0220765501980127,Luxury_Boss
310,965,1.5670489700980001,Luxury_Boss
310,3873,2.312282060588679,Luxury_Boss
310,2255,1.837948822652606,Luxury_Boss
310,84,1.9939918408607307,Luxury_Boss
310,1896,1.922168779701146,Luxury_Boss
310,7337,4.374657028581368,Luxury_Boss
310,5084,2.076249657180551,Luxury_Boss
310,7457,1.6653378994752814,Luxury_Boss
310,1918,2.4890597117266378,Luxury_Boss
310,905,3.5111694663383535,Luxury_Boss
310,3904,2.240090531713882,Luxury_Boss
310,2359,1.7887869268820507,Luxury_Boss
310,2766,2.344775910124302,Luxury_Boss
310,8672,2.124802994916704,Luxury_Boss
310,2593,2.033714653238496,Luxury_Boss
310,7784,2.1231687838474382,Luxury_Boss
311,3035,3.655343434370419,Family_Man
311,2149,5.0,Family_Man
311,6315,4.927737426827511,Family_Man
311,3796,2.8621894088840896,Family_Man
311,9248,2.7251136313082935,Family_Man
311,7176,3.736420514498525,Family_Man
311,4102,2.8865249724320483,Family_Man
311,7837,4.919636907658547,Family_Man
311,8318,4.232831718100995,Family_Man
311,6433,5.0,Family_Man
311,9013,4.001365545709588,Family_Man
311,5296,3.0442977489482255,Family_Man
311,4541,5.0,Family_Man
311,100,5.0,Family_Man
311,3624,4.427102867744215,Family_Man
311,714,5.0,Family_Man
312,1558,3.2006873858798888,Budget_Student
312,4646,4.609744479370206,Budget_Student
312,3466,1.854204061105003,Budget_Student
312,1949,5.0,Budget_Student
312,9061,1.8023644758738957,Budget_Student
312,5733,5.0,Budget_Student
312,580,3.068414351290609,Budget_Student
312,9854,1.1749618797288999,Budget_Student
312,3259,3.069137523771405,Budget_Student
312,6037,5.0,Budget_Student
312,10199,3.8457593724585886,Budget_Student
312,5032,3.8086399410237677,Budget_Student
312,10061,1.4802509039004326,Budget_Student
312,9992,3.5395279988382438,Budget_Student
312,408,3.415293949684841,Budget_Student
312,8016,2.5963855871440975,Budget_Student
312,4791,5.0,Budget_Student
312,7630,2.7548089040432524,Budget_Student
312,9884,5.0,Budget_Student
312,4136,3.2000278616774898,Budget_Student
312,38,5.0,Budget_Student
312,5640,4.450201770791735,Budget_Student
312,1973,1.093505013867768,Budget_Student
313,9227,5.0,Family_Man
313,9728,5.0,Family_Man
313,7976,4.713020400024159,Family_Man
313,5732,4.840357657546512,Family_Man
313,4728,4.057496025644241,Family_Man
313,10249,4.034278238780373,Family_Man
313,7377,4.985403408567556,Family_Man
313,5426,4.909439776100831,Family_Man
313,1417,5.0,Family_Man
313,1774,1.056785084065088,Family_Man
313,8408,4.06260739914954,Family_Man
313,2353,4.034269092284354,Family_Man
313,7354,4.094405405325531,Family_Man
313,5951,4.821103631964248,Family_Man
313,3149,5.0,Family_Man
313,6077,5.0,Family_Man
314,7003,1.9423314552060849,Luxury_Boss
314,364,3.1606041128623343,Luxury_Boss
314,1707,1.514433659143405,Luxury_Boss
314,7972,2.216490276758794,Luxury_Boss
314,4731,2.4223849915178093,Luxury_Boss
314,10282,2.315494527035175,Luxury_Boss
314,8096,1.9962893619583,Luxury_Boss
314,6492,3.5188629377083247,Luxury_Boss
314,9635,2.399351750426712,Luxury_Boss
314,2362,2.186466245497704,Luxury_Boss
314,2524,1.7154431197175786,Luxury_Boss
314,7943,1.7205093362383557,Luxury_Boss
314,7534,1.5504982052508067,Luxury_Boss
314,10006,2.4583961669944245,Luxury_Boss
314,1764,1.5620511197265614,Luxury_Boss
314,8871,3.2877872191748176,Luxury_Boss
314,4729,1.6118959976985843,Luxury_Boss
314,940,2.995141793776635,Luxury_Boss
314,6879,2.1851987692715302,Luxury_Boss
314,9468,2.277159864185691,Luxury_Boss
314,2552,4.400930699418845,Luxury_Boss
314,4087,2.418454751346761,Luxury_Boss
314,2209,2.356325913427907,Luxury_Boss
315,8600,2.349585036769854,Luxury_Boss
315,5656,2.417175351891035,Luxury_Boss
315,2768,1.6223501786398553,Luxury_Boss
315,7754,2.329752092029786,Luxury_Boss
315,7345,1.7141127996039414,Luxury_Boss
315,3319,2.8993040638552587,Luxury_Boss
315,7889,2.696437550359917,Luxury_Boss
315,4718,1.6586246045624078,Luxury_Boss
315,883,1.5034200145494783,Luxury_Boss
315,9302,3.2865213242490507,Luxury_Boss
315,7664,1.9061834691208197,Luxury_Boss
315,4501,1.8945344388813177,Luxury_Boss
315,6930,2.0139242988244153,Luxury_Boss
315,3036,2.3181962778695633,Luxury_Boss
315,7560,2.4391979037494096,Luxury_Boss
315,8756,1.7822998531662644,Luxury_Boss
315,5931,1.67706292049132,Luxury_Boss
315,4061,2.2966844162437017,Luxury_Boss
315,1701,4.733666245460157,Luxury_Boss
316,138,1.9497385164325558,Luxury_Boss
316,8197,1.9308120987238655,Luxury_Boss
316,9481,1.5510957762994946,Luxury_Boss
316,5399,1.6162347510170734,Luxury_Boss
316,5194,2.14945239076686,Luxury_Boss
316,4461,1.9187232672960115,Luxury_Boss
316,3077,1.578568775959221,Luxury_Boss
316,7420,1.6878478137608781,Luxury_Boss
316,3769,2.832190694743566,Luxury_Boss
316,9679,2.2251304092999225,Luxury_Boss
316,5590,3.9483412317564124,Luxury_Boss
316,10088,2.161182490731063,Luxury_Boss
316,7917,1.929551757984545,Luxury_Boss
316,5782,3.445504338050104,Luxury_Boss
316,4403,2.3331760465217957,Luxury_Boss
316,5689,2.114821514641667,Luxury_Boss
317,136,5.0,Budget_Student
317,2627,2.6003271232092144,Budget_Student
317,7085,3.194288187147417,Budget_Student
317,7669,5.0,Budget_Student
317,761,4.293351012396461,Budget_Student
317,3925,1.0,Budget_Student
317,8443,3.375089221248123,Budget_Student
317,2074,3.3707968842797524,Budget_Student
317,6820,3.653867655095277,Budget_Student
317,7636,2.630491398909033,Budget_Student
317,4645,2.903508096715802,Budget_Student
317,4215,4.040112652436362,Budget_Student
317,6031,5.0,Budget_Student
317,2397,3.4002838604167884,Budget_Student
317,5977,2.8330831683334,Budget_Student
318,8500,1.2555640468338647,Family_Man
318,1629,4.427430264735337,Family_Man
318,5230,3.871798840537595,Family_Man
318,7524,3.1501852197554667,Family_Man
318,112,5.0,Family_Man
318,8344,4.342522527206081,Family_Man
318,2456,3.8080786605223347,Family_Man
318,9685,4.286015167486037,Family_Man
318,3821,5.0,Family_Man
318,3727,2.6070245759426447,Family_Man
318,3517,3.7662221168808374,Family_Man
318,7688,5.0,Family_Man
318,9153,5.0,Family_Man
318,5281,3.4113051510752532,Family_Man
318,5562,4.640978480334603,Family_Man
318,3035,4.295279062672567,Family_Man
319,6737,4.603954128070027,Family_Man
319,2940,5.0,Family_Man
319,8697,4.102929679724326,Family_Man
319,4466,5.0,Family_Man
319,4577,1.381325338473459,Family_Man
319,2488,4.3447560452341705,Family_Man
319,7870,5.0,Family_Man
319,1067,5.0,Family_Man
319,5447,5.0,Family_Man
319,4923,4.643253710287172,Family_Man
319,8598,4.6981841898140475,Family_Man
319,1390,3.025152099431424,Family_Man
319,4313,4.897222743318335,Family_Man
319,5881,1.056941655532031,Family_Man
319,807,4.079141628212055,Family_Man
319,9845,4.512332465942402,Family_Man
319,8932,4.328495361520377,Family_Man
320,7170,5.0,Family_Man
320,7896,4.739789666479552,Family_Man
320,1687,4.3948678911303976,Family_Man
320,5971,4.104760736452462,Family_Man
320,6918,4.150935266169516,Family_Man
320,1670,2.6666429904291404,Family_Man
320,3144,2.601657324618724,Family_Man
320,8683,4.421990486267182,Family_Man
320,6839,3.1816417377698327,Family_Man
320,4874,3.8495486504347447,Family_Man
320,9046,3.105845861157632,Family_Man
320,7823,3.6095449903919445,Family_Man
320,5645,4.6535556728998575,Family_Man
320,9498,5.0,Family_Man
320,7814,3.872970177760222,Family_Man
321,5120,1.6896827022597778,Luxury_Boss
321,2794,2.9690920951987274,Luxury_Boss
321,3868,2.2707207342719555,Luxury_Boss
321,3128,2.185483352585335,Luxury_Boss
321,4745,1.6783793056662368,Luxury_Boss
321,2215,1.5133328866077767,Luxury_Boss
321,9959,1.8171392203996382,Luxury_Boss
321,115,2.350429453702023,Luxury_Boss
321,9395,2.419710871204545,Luxury_Boss
321,4874,2.1401139716713002,Luxury_Boss
321,5410,1.6694898680456092,Luxury_Boss
321,3912,2.2753499860185773,Luxury_Boss
321,10225,2.348597233986407,Luxury_Boss
321,3496,4.268397732836471,Luxury_Boss
321,9911,2.847294638006075,Luxury_Boss
321,4551,1.576902832591016,Luxury_Boss
321,7845,1.8041809729430534,Luxury_Boss
321,2494,1.8757447871914417,Luxury_Boss
321,9732,2.034816311807329,Luxury_Boss
321,9327,2.909822571732794,Luxury_Boss
321,7628,3.8641271469100267,Luxury_Boss
321,5302,1.555385941357824,Luxury_Boss
321,7478,2.4784649218230426,Luxury_Boss
321,8358,1.8886948426857764,Luxury_Boss
322,610,2.146962292429044,Speed_Racer
322,1862,2.5571108889263914,Speed_Racer
322,5907,2.179589388277484,Speed_Racer
322,8366,3.287478177782034,Speed_Racer
322,766,2.1532787492698917,Speed_Racer
322,5716,2.8780414555299263,Speed_Racer
322,6544,1.6994945979060745,Speed_Racer
322,6222,2.5633905907853114,Speed_Racer
322,2289,1.5742976633962482,Speed_Racer
322,3202,2.201450548701838,Speed_Racer
322,1005,3.0038367283272347,Speed_Racer
322,3777,5.0,Speed_Racer
322,2547,3.5224872806199548,Speed_Racer
322,1556,3.4825540497775984,Speed_Racer
322,6115,3.936088227366734,Speed_Racer
322,8608,2.854230669923901,Speed_Racer
322,6348,4.069517650550809,Speed_Racer
322,7005,4.602728941491067,Speed_Racer
322,9923,2.345524834891637,Speed_Racer
322,5998,3.5602054278101174,Speed_Racer
323,7759,3.5853972789628403,Budget_Student
323,3050,3.3115594077490496,Budget_Student
323,7702,1.0,Budget_Student
323,6247,3.0555134955557617,Budget_Student
323,10012,3.0079826930671385,Budget_Student
323,4783,4.5323867459412,Budget_Student
323,5751,5.0,Budget_Student
323,10059,3.60238474011925,Budget_Student
323,1335,3.046142276633783,Budget_Student
323,5251,3.356224756246114,Budget_Student
323,6682,5.0,Budget_Student
323,6342,3.3626261198522793,Budget_Student
323,8169,2.755316533417496,Budget_Student
323,2789,2.875673435206096,Budget_Student
323,8977,2.9470032888741398,Budget_Student
323,5120,5.0,Budget_Student
323,7331,4.5449144508155985,Budget_Student
323,2454,1.297536429578628,Budget_Student
323,7084,4.716896578552617,Budget_Student
324,134,3.520054536190169,Budget_Student
324,6565,3.134914039536862,Budget_Student
324,9135,1.8205359310467109,Budget_Student
324,9255,2.9730624752681267,Budget_Student
324,5067,5.0,Budget_Student
324,5102,5.0,Budget_Student
324,6668,2.6220237597292235,Budget_Student
324,6460,3.099737287674061,Budget_Student
324,615,3.9726690696083597,Budget_Student
324,5066,1.5169400189028612,Budget_Student
324,2386,5.0,Budget_Student
324,2243,5.0,Budget_Student
324,2361,3.7836953889792384,Budget_Student
324,2031,3.156651934696243,Budget_Student
324,6992,3.0730137371322845,Budget_Student
324,3252,4.721280591390137,Budget_Student
324,8074,1.0,Budget_Student
324,8135,2.897276704828729,Budget_Student
324,4659,5.0,Budget_Student
324,3836,3.227798882599287,Budget_Student
324,9783,1.0,Budget_Student
324,9956,3.171931729930084,Budget_Student
324,2220,3.198691776032637,Budget_Student
324,8453,3.8314858793816633,Budget_Student
325,7648,2.0083987717822587,Luxury_Boss
325,5033,2.2258750604018163,Luxury_Boss
325,651,1.9557531953648313,Luxury_Boss
325,6109,2.5532058777625006,Luxury_Boss
325,3131,1.8427475752175653,Luxury_Boss
325,5903,2.9014465299579246,Luxury_Boss
325,4531,2.4237904734385274,Luxury_Boss
325,7237,2.1180018247775743,Luxury_Boss
325,9585,2.1573855488542266,Luxury_Boss
325,5119,2.2854838175137373,Luxury_Boss
325,7273,2.2914483380163615,Luxury_Boss
325,6785,4.157480573612097,Luxury_Boss
325,5838,1.8073893903699996,Luxury_Boss
325,3409,2.9637798733271756,Luxury_Boss
325,4807,1.6556617250487513,Luxury_Boss
325,6124,3.5179204921945217,Luxury_Boss
325,2203,4.375332380982113,Luxury_Boss
325,36,2.0686456167401017,Luxury_Boss
325,6060,2.421141949023805,Luxury_Boss
325,6435,2.4398070640745404,Luxury_Boss
325,2592,2.467079783906605,Luxury_Boss
325,3469,4.099382747635235,Luxury_Boss
325,1173,1.8077735253360392,Luxury_Boss
326,2540,3.8152742789343392,Family_Man
326,1845,2.573933874846418,Family_Man
326,5170,3.173201275207725,Family_Man
326,2466,2.668337862226346,Family_Man
326,2819,5.0,Family_Man
326,510,4.673700620524727,Family_Man
326,5268,5.0,Family_Man
326,9510,4.550469611516863,Family_Man
326,382,2.92622220444441,Family_Man
326,1396,4.5729557957663864,Family_Man
326,5651,4.959636983321127,Family_Man
326,4713,4.478298533182313,Family_Man
326,983,5.0,Family_Man
326,320,2.5254663483939384,Family_Man
326,2995,5.0,Family_Man
327,334,2.845915001479672,Speed_Racer
327,6930,2.7240462705572113,Speed_Racer
327,2875,2.1265367354516487,Speed_Racer
327,8504,3.858169614113657,Speed_Racer
327,9805,3.7117922191734247,Speed_Racer
327,6887,3.4613542170416536,Speed_Racer
327,3445,3.107435586809205,Speed_Racer
327,9889,2.907571144640229,Speed_Racer
327,3859,3.3068693449763544,Speed_Racer
327,2758,2.9059852663363728,Speed_Racer
327,1460,2.0393896976904755,Speed_Racer
327,8652,3.279846553492535,Speed_Racer
327,564,3.445115832338942,Speed_Racer
327,1949,3.4614457638080984,Speed_Racer
327,10276,3.4947728258864803,Speed_Racer
327,666,3.052778196014943,Speed_Racer
327,6608,2.912615625851253,Speed_Racer
327,3529,2.8778922887885523,Speed_Racer
327,5172,2.747246004361633,Speed_Racer
327,4930,2.9643284862095585,Speed_Racer
327,1684,2.8293653067055105,Speed_Racer
327,2141,2.505706241131002,Speed_Racer
328,763,2.2692244202492082,Luxury_Boss
328,7958,2.216453304840733,Luxury_Boss
328,9225,3.6887029070206054,Luxury_Boss
328,364,3.60439762834855,Luxury_Boss
328,8663,2.334152706677992,Luxury_Boss
328,6269,2.4059433140505067,Luxury_Boss
328,207,2.265965683896309,Luxury_Boss
328,8138,2.9739244113503744,Luxury_Boss
328,5751,1.6906967394100672,Luxury_Boss
328,8435,3.825149258650507,Luxury_Boss
328,7018,1.8927806322753378,Luxury_Boss
328,3097,2.1667124114564262,Luxury_Boss
328,2124,1.7721472571442634,Luxury_Boss
328,6643,1.5969258766680783,Luxury_Boss
328,9756,1.701460752353527,Luxury_Boss
328,5160,2.0882810320249434,Luxury_Boss
328,6274,1.74368334683728,Luxury_Boss
328,3013,1.984739400474695,Luxury_Boss
328,4187,1.5949461309197663,Luxury_Boss
328,3702,1.6034701249693994,Luxury_Boss
329,601,4.30308459828046,Family_Man
329,2604,4.0279386375882895,Family_Man
329,7037,5.0,Family_Man
329,4467,4.000958047567184,Family_Man
329,9887,5.0,Family_Man
329,6552,3.1272186494962666,Family_Man
329,6240,4.878534326454776,Family_Man
329,6932,5.0,Family_Man
329,2078,3.606302445193876,Family_Man
329,4125,5.0,Family_Man
329,459,4.895841231324734,Family_Man
329,940,3.9496998147521523,Family_Man
329,8752,4.480598291263016,Family_Man
329,2267,4.915643459131411,Family_Man
329,7510,2.5386909557949435,Family_Man
329,7883,3.957340037601432,Family_Man
329,3028,1.5257369583295635,Family_Man
329,2649,4.362556359596594,Family_Man
330,8891,5.0,Speed_Racer
330,2848,2.240613047212415,Speed_Racer
330,10003,4.218763540627487,Speed_Racer
330,6476,2.8113891771882944,Speed_Racer
330,3820,2.990936202222456,Speed_Racer
330,2008,3.265688166002912,Speed_Racer
330,8353,2.5341614565193744,Speed_Racer
330,7523,3.394969974001735,Speed_Racer
330,8132,3.5181783238761817,Speed_Racer
330,456,2.663880480993986,Speed_Racer
330,4784,3.347741720027184,Speed_Racer
330,9531,2.5878277857171104,Speed_Racer
330,3522,2.9209271972079227,Speed_Racer
330,5238,2.456564302247644,Speed_Racer
330,5576,3.1424968719563324,Speed_Racer
331,7494,2.3946384066569815,Speed_Racer
331,5615,2.5678524536218594,Speed_Racer
331,5656,3.7730779012999487,Speed_Racer
331,423,2.5586537362096617,Speed_Racer
331,7312,2.9750583277445473,Speed_Racer
331,105,3.9466883716220575,Speed_Racer
331,6532,3.453167187300567,Speed_Racer
331,3740,2.4390205759797823,Speed_Racer
331,7712,3.229115963536764,Speed_Racer
331,7439,4.810055412330518,Speed_Racer
331,9676,2.730812779856615,Speed_Racer
331,7797,5.0,Speed_Racer
331,9459,2.4532877349883084,Speed_Racer
331,6642,2.821231908430326,Speed_Racer
331,2844,5.0,Speed_Racer
331,7708,2.944566662153821,Speed_Racer
332,6751,2.801317880746256,Budget_Student
332,2539,4.55536637395456,Budget_Student
332,6888,3.1514631901526515,Budget_Student
332,1228,5.0,Budget_Student
332,1038,2.805218983956904,Budget_Student
332,4929,5.0,Budget_Student
332,5979,5.0,Budget_Student
332,9139,3.635594822855209,Budget_Student
332,5445,5.0,Budget_Student
332,5269,5.0,Budget_Student
332,1484,3.4964321956858786,Budget_Student
332,5653,4.951586158520735,Budget_Student
332,4806,5.0,Budget_Student
332,208,4.871626443346989,Budget_Student
332,4100,1.0262476669993985,Budget_Student
333,4046,1.8947952313948964,Luxury_Boss
333,5983,3.123709142194854,Luxury_Boss
333,2396,1.6411452295604643,Luxury_Boss
333,2365,2.613259344330022,Luxury_Boss
333,2342,2.238409058703297,Luxury_Boss
333,9835,2.5846498409788112,Luxury_Boss
333,4906,1.5347715353346434,Luxury_Boss
333,2411,2.1907256625226283,Luxury_Boss
333,8002,2.3866829473535356,Luxury_Boss
333,1903,2.0038753282088893,Luxury_Boss
333,7122,2.0586065440143413,Luxury_Boss
333,8044,1.744054332656531,Luxury_Boss
333,3714,4.414171110392342,Luxury_Boss
333,6227,1.6174441051371828,Luxury_Boss
333,3990,2.4520275232704054,Luxury_Boss
333,9796,2.0592938972303005,Luxury_Boss
333,1476,3.7731771693328393,Luxury_Boss
333,1807,2.1127641131529193,Luxury_Boss
333,6662,1.559644120678652,Luxury_Boss
333,2664,2.2512312378394808,Luxury_Boss
334,2846,4.239926860681384,Speed_Racer
334,8137,2.319977322490332,Speed_Racer
334,6234,3.4457680366085714,Speed_Racer
334,215,2.8514301309298253,Speed_Racer
334,10258,3.234052971644809,Speed_Racer
334,713,3.9779849600885235,Speed_Racer
334,5745,4.656031160601611,Speed_Racer
334,461,3.4337315066295173,Speed_Racer
334,2516,3.9521142878406588,Speed_Racer
334,3891,2.5957691092929984,Speed_Racer
334,10175,3.2319982921024293,Speed_Racer
334,5048,3.8712400344891007,Speed_Racer
334,638,3.0785500904258534,Speed_Racer
334,7528,3.5758277051139866,Speed_Racer
334,6552,4.0821852757435,Speed_Racer
334,8305,2.2891306720217965,Speed_Racer
334,2386,2.6427419724204007,Speed_Racer
334,3802,5.0,Speed_Racer
334,2687,2.6850303189794933,Speed_Racer
334,3119,3.1359120551120245,Speed_Racer
334,6074,2.712201994219682,Speed_Racer
334,3393,3.519536790452686,Speed_Racer
335,6610,1.0,Eco_Warrior
335,3112,3.3492278429176974,Eco_Warrior
335,3529,1.4534805535237179,Eco_Warrior
335,7321,3.3553541383721823,Eco_Warrior
335,7551,1.0,Eco_Warrior
335,5843,1.0,Eco_Warrior
335,6886,1.0,Eco_Warrior
335,6059,3.2680244032395964,Eco_Warrior
335,4436,2.916842050320599,Eco_Warrior
335,3078,2.598732814584369,Eco_Warrior
335,677,3.205390709304511,Eco_Warrior
335,2045,1.0,Eco_Warrior
335,1957,2.626054789344661,Eco_Warrior
335,2516,3.8934032926965725,Eco_Warrior
335,4019,3.103891286711563,Eco_Warrior
335,1452,1.0,Eco_Warrior
335,683,2.658762234366602,Eco_Warrior
335,4656,2.6414708944010377,Eco_Warrior
335,6660,1.0,Eco_Warrior
335,1490,1.0,Eco_Warrior
336,5401,3.4860453267953346,Speed_Racer
336,3831,3.236750457763726,Speed_Racer
336,7759,3.751010119799943,Speed_Racer
336,4698,2.451226935197206,Speed_Racer
336,1644,2.140250265480052,Speed_Racer
336,2163,4.658153575574631,Speed_Racer
336,4703,5.0,Speed_Racer
336,1248,2.6046805012336556,Speed_Racer
336,341,4.6335526320502955,Speed_Racer
336,172,5.0,Speed_Racer
336,2092,4.159530082918129,Speed_Racer
336,2181,2.080825182296897,Speed_Racer
336,1454,2.627261336388773,Speed_Racer
336,5334,2.347574938853592,Speed_Racer
336,3041,3.941182803226621,Speed_Racer
336,5086,3.909662838604277,Speed_Racer
336,517,2.583879987672189,Speed_Racer
336,9847,5.0,Speed_Racer
336,5313,2.9478166764649956,Speed_Racer
336,3267,4.392647137201764,Speed_Racer
336,557,5.0,Speed_Racer
337,8158,3.249683874253093,Budget_Student
337,3043,5.0,Budget_Student
337,4238,2.657015199682486,Budget_Student
337,9899,3.3942691147468986,Budget_Student
337,716,3.4116695738599567,Budget_Student
337,4147,1.3690669247621428,Budget_Student
337,7732,5.0,Budget_Student
337,1497,3.358296337300848,Budget_Student
337,9932,5.0,Budget_Student
337,9258,3.50857224118165,Budget_Student
337,2526,3.7156564142527904,Budget_Student
337,10182,5.0,Budget_Student
337,2815,3.1251084763460226,Budget_Student
337,5001,3.1571563832704705,Budget_Student
337,901,3.4255954959184782,Budget_Student
337,1765,3.9117592431509136,Budget_Student
337,7419,3.093662230552157,Budget_Student
337,168,2.5946848754060943,Budget_Student
337,1268,3.941630095230581,Budget_Student
337,7908,3.754109326464813,Budget_Student
337,5400,5.0,Budget_Student
337,3097,2.6233819769558337,Budget_Student
337,339,3.570746944752531,Budget_Student
337,2712,3.262113163070253,Budget_Student
338,6741,3.698352749620425,Luxury_Boss
338,5772,3.5176178060449885,Luxury_Boss
338,757,2.309784091997888,Luxury_Boss
338,7790,1.5038499937952856,Luxury_Boss
338,9274,2.2449798138959736,Luxury_Boss
338,5222,1.598153260006633,Luxury_Boss
338,7264,3.4379639840084772,Luxury_Boss
338,9344,4.461837950896597,Luxury_Boss
338,5651,2.4755157269415995,Luxury_Boss
338,281,4.21723711381641,Luxury_Boss
338,8717,1.9285087586787566,Luxury_Boss
338,2629,1.8267470929565772,Luxury_Boss
338,7228,2.4124825013077853,Luxury_Boss
338,9210,2.1367279623130195,Luxury_Boss
338,9016,2.124903578563454,Luxury_Boss
338,7767,2.4293024111834445,Luxury_Boss
338,4358,1.854809002780085,Luxury_Boss
338,5084,1.9662231383778126,Luxury_Boss
338,2915,2.745269521342407,Luxury_Boss
338,5458,2.1232958817299044,Luxury_Boss
338,5844,1.7764031264708096,Luxury_Boss
338,9772,4.017147788498783,Luxury_Boss
339,2870,3.085150302842308,Eco_Warrior
339,7287,3.0854274924425527,Eco_Warrior
339,8650,3.424627319647638,Eco_Warrior
339,1426,3.2796882277574806,Eco_Warrior
339,2364,1.2517550796643508,Eco_Warrior
339,6363,3.2057202010980452,Eco_Warrior
339,4236,1.0715165359495935,Eco_Warrior
339,1966,1.3339514252829092,Eco_Warrior
339,4682,2.9739347450120364,Eco_Warrior
339,7300,3.054821184099189,Eco_Warrior
339,6741,3.292276348692662,Eco_Warrior
339,7196,1.0,Eco_Warrior
339,5398,2.68376723299842,Eco_Warrior
339,8010,3.0754801006079853,Eco_Warrior
339,5220,3.119485956918519,Eco_Warrior
339,1398,2.124993142302003,Eco_Warrior
339,8173,3.161709074944408,Eco_Warrior
339,9552,1.2443572374633791,Eco_Warrior
339,8453,4.424295132257692,Eco_Warrior
340,6857,3.6114394145544986,Luxury_Boss
340,7768,4.911972020035127,Luxury_Boss
340,5508,2.1097568457341676,Luxury_Boss
340,7672,2.080250255491002,Luxury_Boss
340,1582,2.427516798482862,Luxury_Boss
340,9279,2.1856083264783,Luxury_Boss
340,1848,1.6127539058390274,Luxury_Boss
340,3026,2.120988470062276,Luxury_Boss
340,6003,4.915347832650742,Luxury_Boss
340,5544,2.162328175103867,Luxury_Boss
340,4059,1.6713358273231547,Luxury_Boss
340,3946,2.7093528486706564,Luxury_Boss
340,4674,2.842448332064351,Luxury_Boss
340,5712,2.074551421719913,Luxury_Boss
340,2222,2.1606114932311353,Luxury_Boss
340,3201,2.267117414344811,Luxury_Boss
340,4196,5.0,Luxury_Boss
340,4340,2.1939500186459164,Luxury_Boss
340,970,2.7255648973744377,Luxury_Boss
340,3085,1.7441310344261036,Luxury_Boss
340,4923,2.052858410950116,Luxury_Boss
341,4997,2.242870303574584,Speed_Racer
341,6088,2.1172002195659667,Speed_Racer
341,3692,2.547763232144259,Speed_Racer
341,1376,2.833660078512125,Speed_Racer
341,9606,2.9183718163318986,Speed_Racer
341,8722,2.2062873055155654,Speed_Racer
341,10106,3.0193718009803208,Speed_Racer
341,331,3.764949881293613,Speed_Racer
341,6053,2.5453726030316415,Speed_Racer
341,5409,2.624935116489195,Speed_Racer
341,475,3.9257516709967812,Speed_Racer
341,7507,4.545133578862463,Speed_Racer
341,2826,2.7989287193500054,Speed_Racer
341,6649,2.13015873371084,Speed_Racer
341,9087,3.42889078871118,Speed_Racer
341,3937,3.1954237357500546,Speed_Racer
341,2041,2.6012204273740185,Speed_Racer
341,5579,2.0715327822582537,Speed_Racer
341,5689,2.9573278062219246,Speed_Racer
342,449,2.868312536583086,Eco_Warrior
342,4970,4.22920932960376,Eco_Warrior
342,6231,2.5413561195819976,Eco_Warrior
342,2899,2.8184476423959506,Eco_Warrior
342,2313,2.9418100853462352,Eco_Warrior
342,3863,3.1713302182198158,Eco_Warrior
342,4872,1.0,Eco_Warrior
342,5413,2.9602078746687903,Eco_Warrior
342,2695,2.6817107740005115,Eco_Warrior
342,6320,2.906289533401201,Eco_Warrior
342,67,1.0,Eco_Warrior
342,3664,4.1336023121724015,Eco_Warrior
342,3504,1.0,Eco_Warrior
342,1480,3.3413261974756714,Eco_Warrior
342,4161,3.4016100646072247,Eco_Warrior
342,4906,3.295898106463247,Eco_Warrior
342,6735,1.5692025066612163,Eco_Warrior
342,7339,3.074042707905728,Eco_Warrior
342,7094,1.0,Eco_Warrior
342,5921,2.987849004102568,Eco_Warrior
342,4461,2.899932170370276,Eco_Warrior
342,7710,1.0,Eco_Warrior
342,10221,2.9926429512504984,Eco_Warrior
343,96,1.54818300507358,Luxury_Boss
343,4009,2.218226732904565,Luxury_Boss
343,1905,1.8105854080721802,Luxury_Boss
343,3937,2.3684689127616823,Luxury_Boss
343,9278,2.383698149440506,Luxury_Boss
343,9526,1.8808849922456155,Luxury_Boss
343,2681,1.8767143139773164,Luxury_Boss
343,4376,1.9015184271766565,Luxury_Boss
343,5203,2.2747872037005616,Luxury_Boss
343,8633,2.477208655528424,Luxury_Boss
343,9363,1.8078238921788632,Luxury_Boss
343,589,2.201921900118715,Luxury_Boss
343,4903,1.71935564210954,Luxury_Boss
343,2855,2.4352495378906873,Luxury_Boss
343,8350,3.185545008888945,Luxury_Boss
343,6653,1.9415814694711586,Luxury_Boss
343,9389,2.354999491470845,Luxury_Boss
343,2776,2.489660196233622,Luxury_Boss
343,3670,1.8290793995547776,Luxury_Boss
343,1444,3.4381153476685116,Luxury_Boss
343,158,2.2188731385196165,Luxury_Boss
344,10125,5.0,Budget_Student
344,3745,5.0,Budget_Student
344,5225,2.738260943297786,Budget_Student
344,1932,3.7134852452735467,Budget_Student
344,832,3.4016136076335934,Budget_Student
344,9881,2.5078155429848983,Budget_Student
344,6834,3.0467916272993505,Budget_Student
344,2882,3.011274385613505,Budget_Student
344,3875,3.8240874575193273,Budget_Student
344,10013,5.0,Budget_Student
344,6656,2.507315758052757,Budget_Student
344,3670,3.200017984410481,Budget_Student
344,3038,5.0,Budget_Student
344,2172,3.516344700940878,Budget_Student
344,6258,3.0790601947801544,Budget_Student
344,6502,3.35705518841892,Budget_Student
344,8965,2.9343003405843695,Budget_Student
344,5452,5.0,Budget_Student
345,7768,5.0,Family_Man
345,4670,3.8864815217563167,Family_Man
345,3099,3.581096484083811,Family_Man
345,2490,2.536062771441213,Family_Man
345,4900,4.966235502395325,Family_Man
345,8764,2.777085911207997,Family_Man
345,9757,5.0,Family_Man
345,1389,4.082690085900388,Family_Man
345,6738,3.8691609783577516,Family_Man
345,7443,3.9618611578803566,Family_Man
345,4246,3.251305368646439,Family_Man
345,6506,2.9428287380426204,Family_Man
345,7951,4.0774458402900775,Family_Man
345,2263,4.905474294415229,Family_Man
345,586,2.9810038260414737,Family_Man
345,327,3.0091814933076018,Family_Man
345,3931,2.803187475936501,Family_Man
346,2677,4.381405792388552,Family_Man
346,4973,4.1331665316429405,Family_Man
346,628,3.013438172962546,Family_Man
346,1765,2.790893574078635,Family_Man
346,6955,4.722899560139471,Family_Man
346,3166,4.141528533223597,Family_Man
346,7270,1.7542465588344007,Family_Man
346,2653,4.4298921211100515,Family_Man
346,8326,4.340370956897813,Family_Man
346,3524,2.5597765395278875,Family_Man
346,497,5.0,Family_Man
346,7296,3.1791725913860556,Family_Man
346,5160,4.666195215107671,Family_Man
346,9586,4.111655412648006,Family_Man
346,9792,2.6393147398820194,Family_Man
346,561,4.27114718606393,Family_Man
346,6844,4.689941827964692,Family_Man
346,6812,4.704847065490746,Family_Man
346,9393,5.0,Family_Man
346,223,5.0,Family_Man
346,1583,4.21971932413723,Family_Man
346,8896,3.290503830296932,Family_Man
346,1649,4.4602312213998925,Family_Man
346,3753,2.195620069401106,Family_Man
347,4842,2.760169452612601,Speed_Racer
347,2664,2.5579502640824265,Speed_Racer
347,7201,2.3529557680430035,Speed_Racer
347,4071,2.748068844420356,Speed_Racer
347,7057,2.640855587469479,Speed_Racer
347,4725,4.178875168264298,Speed_Racer
347,8904,4.75150351025081,Speed_Racer
347,608,2.881352806629022,Speed_Racer
347,4568,5.0,Speed_Racer
347,1575,1.9974384775322467,Speed_Racer
347,9615,3.4390815913687938,Speed_Racer
347,5481,4.2846692153918715,Speed_Racer
347,9335,3.2496012778262435,Speed_Racer
347,5060,2.09012438166396,Speed_Racer
347,7545,2.5181769954091715,Speed_Racer
347,9017,2.1526198355061705,Speed_Racer
347,4545,3.2423444471544847,Speed_Racer
348,2042,4.394015120179874,Family_Man
348,10023,3.4233005273501793,Family_Man
348,4156,3.6231691148850302,Family_Man
348,4832,4.131870737533906,Family_Man
348,5760,4.965117855498868,Family_Man
348,1132,4.637008519511648,Family_Man
348,4601,4.204449271294095,Family_Man
348,6570,3.0909996999288047,Family_Man
348,9608,5.0,Family_Man
348,162,5.0,Family_Man
348,4655,3.995242265735704,Family_Man
348,3506,4.4838007745403266,Family_Man
348,4142,3.797943459412569,Family_Man
348,9901,5.0,Family_Man
348,3172,3.869250884780711,Family_Man
348,4151,4.346696760232262,Family_Man
348,2399,2.9359460772230204,Family_Man
348,1463,5.0,Family_Man
348,10045,3.2224885107416346,Family_Man
348,8766,4.807055517099127,Family_Man
348,5578,2.879601382573733,Family_Man
348,2516,1.3362348651487728,Family_Man
348,5509,4.005323412213048,Family_Man
348,4192,5.0,Family_Man
349,7377,3.2612721003233736,Speed_Racer
349,612,2.0078542260878947,Speed_Racer
349,6435,4.444080649234181,Speed_Racer
349,1895,3.0085672972557607,Speed_Racer
349,960,4.498997163639153,Speed_Racer
349,6455,2.17992668372019,Speed_Racer
349,5486,2.6821166128139775,Speed_Racer
349,4744,4.191755863842992,Speed_Racer
349,2484,2.176052672053462,Speed_Racer
349,5513,5.0,Speed_Racer
349,9933,5.0,Speed_Racer
349,8664,2.38740826086091,Speed_Racer
349,9381,4.370947637223058,Speed_Racer
349,10220,2.8901188914510962,Speed_Racer
349,1109,5.0,Speed_Racer
349,4908,2.6395194344293653,Speed_Racer
349,377,2.6446837005700443,Speed_Racer
349,4024,4.150051155142814,Speed_Racer
349,3875,2.541279640966247,Speed_Racer
349,2131,2.2317152506948306,Speed_Racer
349,1593,4.3497232945148845,Speed_Racer
350,3592,2.35100441076025,Speed_Racer
350,4950,2.45889585325794,Speed_Racer
350,3765,4.658655942352218,Speed_Racer
350,3451,3.2312807720497125,Speed_Racer
350,2072,3.125205973530225,Speed_Racer
350,2713,3.924292663725717,Speed_Racer
350,4507,3.081959472578164,Speed_Racer
350,3656,2.817193440788801,Speed_Racer
350,5926,2.920224078663974,Speed_Racer
350,2801,2.3806029139110265,Speed_Racer
350,8913,3.1846719690541114,Speed_Racer
350,1951,4.266757074917821,Speed_Racer
350,9151,2.5622139420377925,Speed_Racer
350,10222,2.5422972326066993,Speed_Racer
350,868,5.0,Speed_Racer
350,8917,3.2039411525606116,Speed_Racer
350,6794,5.0,Speed_Racer
350,2845,2.97969873804633,Speed_Racer
350,4372,3.9651070823957695,Speed_Racer
350,3328,3.4488578109665204,Speed_Racer
350,6871,4.9275285707060394,Speed_Racer
351,1400,2.1305156505759775,Luxury_Boss
351,7756,1.8386799838179189,Luxury_Boss
351,1424,1.8119609001628172,Luxury_Boss
351,9096,2.2413394977847614,Luxury_Boss
351,2655,2.3186967983099396,Luxury_Boss
351,3912,2.4202191974491236,Luxury_Boss
351,9354,2.233784612143544,Luxury_Boss
351,7320,1.5117961366849662,Luxury_Boss
351,3090,2.3985906602870353,Luxury_Boss
351,749,2.573444275614158,Luxury_Boss
351,8735,1.7210439351834579,Luxury_Boss
351,6821,1.9860324106551215,Luxury_Boss
351,7050,1.7112620733296995,Luxury_Boss
351,3679,4.50028667039623,Luxury_Boss
351,915,2.2666238734752766,Luxury_Boss
352,6637,4.374940250048817,Family_Man
352,9624,3.1770798824837745,Family_Man
352,9263,4.374796267018013,Family_Man
352,4468,3.3121949020607504,Family_Man
352,741,4.858335605145957,Family_Man
352,1480,5.0,Family_Man
352,9462,3.0058452604887833,Family_Man
352,7589,3.028743438171925,Family_Man
352,2581,5.0,Family_Man
352,2303,3.3796939529160372,Family_Man
352,4755,5.0,Family_Man
352,795,4.253912748609219,Family_Man
352,6950,4.315013930439471,Family_Man
352,10198,5.0,Family_Man
352,9580,4.698444895945242,Family_Man
352,958,5.0,Family_Man
352,6618,5.0,Family_Man
352,4067,3.9609756998156653,Family_Man
352,4063,5.0,Family_Man
352,7917,5.0,Family_Man
352,3945,4.859283299151148,Family_Man
352,7345,4.476839074159532,Family_Man
352,4040,4.090268276414416,Family_Man
353,5642,5.0,Family_Man
353,704,2.56864402194651,Family_Man
353,4796,5.0,Family_Man
353,6330,4.052233878710757,Family_Man
353,7072,4.087371474902431,Family_Man
353,5648,5.0,Family_Man
353,4883,5.0,Family_Man
353,3038,5.0,Family_Man
353,2022,3.584060946842416,Family_Man
353,8706,2.6292969647792463,Family_Man
353,2633,5.0,Family_Man
353,6279,4.53817451327108,Family_Man
353,9563,3.5179878975697285,Family_Man
353,6902,3.4883308318932653,Family_Man
353,351,4.6938666953321455,Family_Man
353,8772,4.464476277375489,Family_Man
354,2983,1.7701601305805412,Eco_Warrior
354,7034,2.517886048819952,Eco_Warrior
354,9768,1.0978069989542707,Eco_Warrior
354,4824,2.723134103080692,Eco_Warrior
354,3184,1.4778677456357106,Eco_Warrior
354,9067,3.050374813351967,Eco_Warrior
354,817,2.6167186158733906,Eco_Warrior
354,4855,1.0,Eco_Warrior
354,4802,3.2884225440180894,Eco_Warrior
354,9039,3.096895538432386,Eco_Warrior
354,1251,3.0695582935743326,Eco_Warrior
354,1846,2.8627987668403185,Eco_Warrior
354,3515,2.9997482105391864,Eco_Warrior
354,6258,3.246572375400524,Eco_Warrior
354,6358,2.838899401976611,Eco_Warrior
354,4981,1.0,Eco_Warrior
354,1765,1.1351625486465138,Eco_Warrior
354,7429,2.6745230604421115,Eco_Warrior
354,3049,1.1267840758954784,Eco_Warrior
355,5424,1.0409917205792012,Eco_Warrior
355,4683,1.4893952912558077,Eco_Warrior
355,3435,3.186389359954662,Eco_Warrior
355,1414,3.0500101526287295,Eco_Warrior
355,4711,2.9316756226853133,Eco_Warrior
355,5064,1.0,Eco_Warrior
355,4320,2.743938373279978,Eco_Warrior
355,161,3.1590931171784824,Eco_Warrior
355,2971,2.7199228602415713,Eco_Warrior
355,2678,3.078148887044845,Eco_Warrior
355,4219,3.049101834807809,Eco_Warrior
355,2022,2.7082188175527424,Eco_Warrior
355,4920,2.7268458629940193,Eco_Warrior
355,6567,1.1827531195654732,Eco_Warrior
355,8662,1.0741536861552126,Eco_Warrior
356,1670,2.3979025173091544,Luxury_Boss
356,6329,3.60996394218947,Luxury_Boss
356,3850,3.95247119807337,Luxury_Boss
356,4116,1.6938679734770141,Luxury_Boss
356,9900,2.440606506798337,Luxury_Boss
356,2336,4.837583744352674,Luxury_Boss
356,9425,2.0479768494719477,Luxury_Boss
356,2312,1.897737187152885,Luxury_Boss
356,5884,3.5332856587080927,Luxury_Boss
356,4307,1.6048746863985694,Luxury_Boss
356,6958,4.256746825596661,Luxury_Boss
356,4515,1.5534941603562393,Luxury_Boss
356,3183,3.491280712181958,Luxury_Boss
356,6384,4.9485704795991,Luxury_Boss
356,5230,2.392405491413961,Luxury_Boss
356,6655,2.302766614753374,Luxury_Boss
356,3515,2.0595527582179516,Luxury_Boss
356,8566,1.9969496930122816,Luxury_Boss
356,5844,2.077612473883153,Luxury_Boss
357,4002,4.036767255827783,Family_Man
357,8422,5.0,Family_Man
357,3453,4.698455160072961,Family_Man
357,6011,2.913000093474857,Family_Man
357,6455,4.774634555071428,Family_Man
357,6592,2.7061248573926617,Family_Man
357,7067,5.0,Family_Man
357,4248,5.0,Family_Man
357,6759,5.0,Family_Man
357,5597,5.0,Family_Man
357,1690,5.0,Family_Man
357,6726,3.4981452474938157,Family_Man
357,4774,1.7812770223205545,Family_Man
357,6564,4.6819525087504905,Family_Man
357,4350,4.212324726011925,Family_Man
358,8638,2.0610044826533294,Luxury_Boss
358,3555,3.8121231492131065,Luxury_Boss
358,7401,2.4676150323777724,Luxury_Boss
358,8768,3.618165508602459,Luxury_Boss
358,5895,2.389098822863293,Luxury_Boss
358,9504,3.6418041509164,Luxury_Boss
358,4080,2.3084178044051185,Luxury_Boss
358,3532,2.395316613514448,Luxury_Boss
358,9730,2.204615782326566,Luxury_Boss
358,5742,2.246519736053949,Luxury_Boss
358,4450,2.3287068306991565,Luxury_Boss
358,9360,2.2252729234522937,Luxury_Boss
358,2865,1.7691960727876626,Luxury_Boss
358,4839,1.5871376499244825,Luxury_Boss
358,795,3.521058115556337,Luxury_Boss
358,6342,1.917683882853181,Luxury_Boss
358,1441,1.8709920528514103,Luxury_Boss
358,5188,2.3817231096403466,Luxury_Boss
358,3615,1.9768133539929948,Luxury_Boss
358,6382,5.0,Luxury_Boss
358,111,2.783378243994873,Luxury_Boss
358,8000,1.954029252509581,Luxury_Boss
358,7857,2.4268784704120057,Luxury_Boss
359,917,3.9864344904274045,Family_Man
359,1455,4.325872832605903,Family_Man
359,5306,1.5761661508168445,Family_Man
359,6607,3.2947245629690194,Family_Man
359,1809,2.762500531639466,Family_Man
359,3904,2.9207583387236284,Family_Man
359,1503,2.6174182316588457,Family_Man
359,3038,5.0,Family_Man
359,3253,2.8816255050837385,Family_Man
359,8200,5.0,Family_Man
359,7011,5.0,Family_Man
359,4973,4.0336807050588455,Family_Man
359,7104,3.5600769409433584,Family_Man
359,9587,4.015988236481718,Family_Man
359,8065,2.663448828213366,Family_Man
359,8179,3.6869398394652393,Family_Man
359,1695,4.07612647849351,Family_Man
359,7706,5.0,Family_Man
359,5545,3.2202557760783344,Family_Man
359,1469,5.0,Family_Man
359,2406,4.614959331080378,Family_Man
360,5479,2.200243326484043,Luxury_Boss
360,9424,1.5597829691509753,Luxury_Boss
360,3790,1.8648623540648925,Luxury_Boss
360,7245,2.1603507533476796,Luxury_Boss
360,7774,1.9797035456959835,Luxury_Boss
360,8135,2.5861781042927774,Luxury_Boss
360,3382,2.2952294850430457,Luxury_Boss
360,8930,1.7842790765661145,Luxury_Boss
360,2642,2.280465614013976,Luxury_Boss
360,1334,2.4196013842340784,Luxury_Boss
360,7107,1.554751816691899,Luxury_Boss
360,7982,3.614873592446755,Luxury_Boss
360,9652,2.269444915847071,Luxury_Boss
360,3357,2.2408917057653737,Luxury_Boss
360,61,1.5329182165725883,Luxury_Boss
360,6671,2.046062229135595,Luxury_Boss
360,5201,2.2362923109898443,Luxury_Boss
360,4446,1.667506507039588,Luxury_Boss
361,6029,2.6446469373039134,Speed_Racer
361,9269,4.372856530666968,Speed_Racer
361,5694,3.8243169223232707,Speed_Racer
361,8413,2.5819996750747176,Speed_Racer
361,7733,3.631930218866883,Speed_Racer
361,2279,3.127460945769335,Speed_Racer
361,3946,3.0049914828380144,Speed_Racer
361,3345,3.47772557820944,Speed_Racer
361,8769,3.561652417789864,Speed_Racer
361,9465,3.0210313275826643,Speed_Racer
361,10012,3.3056385042214464,Speed_Racer
361,345,3.875401889824148,Speed_Racer
361,9932,3.662354407312007,Speed_Racer
361,8173,3.5618159572426222,Speed_Racer
361,6914,2.843508169259203,Speed_Racer
361,1072,2.31436995590219,Speed_Racer
361,4419,4.317430112531272,Speed_Racer
361,8674,2.6080324568308018,Speed_Racer
361,2336,2.5813637939261804,Speed_Racer
361,8388,3.2900892088423674,Speed_Racer
362,5869,4.182111844595732,Family_Man
362,5499,3.665670258826619,Family_Man
362,5859,5.0,Family_Man
362,7995,4.83262194326986,Family_Man
362,1617,2.5569957823301612,Family_Man
362,7650,4.436217720741548,Family_Man
362,56,4.7297357028084495,Family_Man
362,343,5.0,Family_Man
362,4160,4.623249729575684,Family_Man
362,4331,3.345619179614424,Family_Man
362,5137,4.294140469533857,Family_Man
362,3053,4.191606444840914,Family_Man
362,4808,3.09308631680092,Family_Man
362,9594,3.9424970545289684,Family_Man
362,3374,3.0059368675918967,Family_Man
362,8229,3.649991857499497,Family_Man
362,6606,4.307255379808439,Family_Man
362,8786,3.1404744695383666,Family_Man
362,7346,4.780914122311182,Family_Man
362,5458,4.877568223764701,Family_Man
362,9065,4.7192686930325065,Family_Man
363,7169,2.8014323606175218,Eco_Warrior
363,7114,1.1567844507048703,Eco_Warrior
363,388,3.0038902874005524,Eco_Warrior
363,1184,1.0,Eco_Warrior
363,8327,3.3035294667269137,Eco_Warrior
363,2528,1.0,Eco_Warrior
363,9019,2.880747171388525,Eco_Warrior
363,3042,3.043308315526778,Eco_Warrior
363,961,1.0,Eco_Warrior
363,1447,3.3240351091469575,Eco_Warrior
363,3815,2.7816136469808974,Eco_Warrior
363,9675,3.248014862885949,Eco_Warrior
363,4971,1.0919042044890641,Eco_Warrior
363,3533,2.980716032941939,Eco_Warrior
363,8720,2.7337520909643773,Eco_Warrior
363,6008,2.761457277074049,Eco_Warrior
363,9046,2.855883177984832,Eco_Warrior
363,4377,2.920728498767129,Eco_Warrior
363,8748,1.426843033750092,Eco_Warrior
364,6094,3.200630246906316,Speed_Racer
364,6429,2.954463704224376,Speed_Racer
364,8560,2.5907576394933445,Speed_Racer
364,7204,2.8053671569723626,Speed_Racer
364,3259,2.787045388368114,Speed_Racer
364,6338,3.2632161965959976,Speed_Racer
364,4709,5.0,Speed_Racer
364,8047,3.9769588241867266,Speed_Racer
364,9853,5.0,Speed_Racer
364,1784,2.866093636227116,Speed_Racer
364,9799,3.6586961889647043,Speed_Racer
364,7462,3.937830577829078,Speed_Racer
364,8854,3.8774324731467216,Speed_Racer
364,4275,5.0,Speed_Racer
364,1649,2.832510418904663,Speed_Racer
364,633,3.40376752243369,Speed_Racer
364,8525,1.9486621623055063,Speed_Racer
364,6139,2.8863709513235563,Speed_Racer
364,6362,3.008147963086327,Speed_Racer
364,3539,1.5049288588185603,Speed_Racer
364,8787,3.6687343963926837,Speed_Racer
365,1659,2.5854444654786337,Speed_Racer
365,3367,3.1760132321081267,Speed_Racer
365,3331,4.252442671639998,Speed_Racer
365,9063,1.7758648892560747,Speed_Racer
365,739,3.6193101240441488,Speed_Racer
365,8096,4.396933866930918,Speed_Racer
365,6043,2.2731926942178013,Speed_Racer
365,2834,2.545861517073437,Speed_Racer
365,9396,4.0591174671554615,Speed_Racer
365,1710,2.084590965136175,Speed_Racer
365,390,2.092047473108407,Speed_Racer
365,9947,3.3344973460907528,Speed_Racer
365,1439,4.18248996491326,Speed_Racer
365,7374,5.0,Speed_Racer
365,1884,2.7703667198969426,Speed_Racer
365,10078,2.7253080511074774,Speed_Racer
365,5173,2.8933769216369822,Speed_Racer
365,1712,3.0695643078451162,Speed_Racer
365,75,2.2603272372066505,Speed_Racer
365,8453,1.897611035761627,Speed_Racer
365,5383,5.0,Speed_Racer
365,1732,3.1825154935601527,Speed_Racer
365,2309,2.838394925370002,Speed_Racer
365,3439,3.448212745580923,Speed_Racer
366,1079,2.7651080192570294,Speed_Racer
366,2181,2.0567572682363275,Speed_Racer
366,9519,4.292753708151281,Speed_Racer
366,2072,2.9279705689073183,Speed_Racer
366,548,3.9453494038637396,Speed_Racer
366,3354,2.0174412622703324,Speed_Racer
366,6114,3.233695493624741,Speed_Racer
366,4324,5.0,Speed_Racer
366,3626,2.585093030031045,Speed_Racer
366,6003,5.0,Speed_Racer
366,8373,2.0407447012802744,Speed_Racer
366,5242,3.3673907560045464,Speed_Racer
366,7466,3.721296588579142,Speed_Racer
366,7977,2.1111871783432763,Speed_Racer
366,3714,5.0,Speed_Racer
366,6153,3.3204789313643,Speed_Racer
366,960,3.5381331197933252,Speed_Racer
366,4463,3.0433083109569665,Speed_Racer
366,1448,5.0,Speed_Racer
367,5453,4.324561398236895,Family_Man
367,8686,4.815029085960052,Family_Man
367,3666,3.1690943900074635,Family_Man
367,9716,4.186439307324774,Family_Man
367,6726,2.6398997824419443,Family_Man
367,5769,2.799473465931058,Family_Man
367,6997,4.255342867525164,Family_Man
367,9795,4.880481052260507,Family_Man
367,5361,3.5390964183488562,Family_Man
367,8523,2.5492786333343638,Family_Man
367,9210,4.6684492840033744,Family_Man
367,8983,4.1936293843909525,Family_Man
367,4523,4.416505155974974,Family_Man
367,5971,4.796914085755336,Family_Man
367,6563,4.945765008662839,Family_Man
367,3788,4.26857442897765,Family_Man
367,2916,4.2890699960694,Family_Man
367,3763,3.8972020221917973,Family_Man
367,2502,4.413730605632852,Family_Man
368,4365,3.4838857266547545,Eco_Warrior
368,1013,2.5688083736116663,Eco_Warrior
368,2553,1.0498276076081638,Eco_Warrior
368,3146,3.2341676869155638,Eco_Warrior
368,4257,3.07124596933508,Eco_Warrior
368,1346,1.2654653661002913,Eco_Warrior
368,9144,1.16078729749932,Eco_Warrior
368,509,2.7244808524295125,Eco_Warrior
368,3956,2.622863092453518,Eco_Warrior
368,9100,2.7550793947958434,Eco_Warrior
368,2577,3.4347491329085953,Eco_Warrior
368,7022,2.746787711729219,Eco_Warrior
368,1351,2.915485700501987,Eco_Warrior
368,5565,1.8628495059230856,Eco_Warrior
368,2138,3.1329765080201657,Eco_Warrior
368,7938,2.6885441971354496,Eco_Warrior
368,2664,3.454412254348168,Eco_Warrior
368,3000,3.054627987222327,Eco_Warrior
369,2577,3.4837610212926364,Budget_Student
369,4445,1.4699172732519488,Budget_Student
369,9226,3.9610368794398614,Budget_Student
369,4490,3.4050350248851013,Budget_Student
369,4371,3.8419859152829443,Budget_Student
369,6177,3.0465097440775937,Budget_Student
369,9457,3.256343399810735,Budget_Student
369,8155,2.992908765557838,Budget_Student
369,395,3.473873821562078,Budget_Student
369,2688,1.2077986026284213,Budget_Student
369,6460,3.0203849374356375,Budget_Student
369,8152,3.4591246387322867,Budget_Student
369,9033,5.0,Budget_Student
369,6027,5.0,Budget_Student
369,9107,3.4642272465449024,Budget_Student
369,291,1.7943625561795145,Budget_Student
369,3571,4.6657366002723935,Budget_Student
369,1194,1.509704814382506,Budget_Student
369,2879,1.226429098703294,Budget_Student
369,5403,2.987057546500678,Budget_Student
369,3898,3.3270461443276615,Budget_Student
369,3061,5.0,Budget_Student
370,8024,4.8824290152575,Family_Man
370,1833,3.1102676146656063,Family_Man
370,10278,3.97472655971829,Family_Man
370,8814,2.5309553348191214,Family_Man
370,10002,1.4804458131588574,Family_Man
370,9246,3.7972984641240735,Family_Man
370,8035,4.487501141563218,Family_Man
370,6251,4.240903720909708,Family_Man
370,6028,5.0,Family_Man
370,1521,5.0,Family_Man
370,4859,3.8140045756006926,Family_Man
370,4354,3.960457471013982,Family_Man
370,4043,4.092517500430268,Family_Man
370,4592,4.6267488436217175,Family_Man
370,6085,5.0,Family_Man
370,6542,5.0,Family_Man
370,826,5.0,Family_Man
370,9118,1.2078556199545551,Family_Man
370,8725,4.768818241943671,Family_Man
370,6934,4.285948539604506,Family_Man
370,9775,5.0,Family_Man
371,6493,5.0,Budget_Student
371,3354,3.488033568604223,Budget_Student
371,5791,5.0,Budget_Student
371,6839,3.979649819478168,Budget_Student
371,4762,4.6624693959978725,Budget_Student
371,214,5.0,Budget_Student
371,8973,4.591883964961847,Budget_Student
371,2760,3.961094594426137,Budget_Student
371,4444,1.364551482377566,Budget_Student
371,4174,2.624160252246809,Budget_Student
371,3242,2.7376980141842617,Budget_Student
371,9284,5.0,Budget_Student
371,1401,3.749450790405092,Budget_Student
371,8566,5.0,Budget_Student
371,7489,3.4806515901743005,Budget_Student
371,4254,3.361628508594464,Budget_Student
371,67,5.0,Budget_Student
372,9137,2.0177716432737287,Luxury_Boss
372,9121,2.198933500184479,Luxury_Boss
372,5048,2.3565854085903823,Luxury_Boss
372,9800,2.433637793908504,Luxury_Boss
372,9959,2.096734191864508,Luxury_Boss
372,4278,1.9978670498011395,Luxury_Boss
372,1281,2.214720746090531,Luxury_Boss
372,1895,1.5261764968181277,Luxury_Boss
372,5329,2.215210584957681,Luxury_Boss
372,5258,2.318073573758088,Luxury_Boss
372,781,2.0550542743932363,Luxury_Boss
372,1239,2.499171292204939,Luxury_Boss
372,9002,2.1225598738798106,Luxury_Boss
372,2297,1.5372673040042926,Luxury_Boss
372,6142,1.6800846158536156,Luxury_Boss
372,348,2.110365674652572,Luxury_Boss
372,6265,3.1510433485876197,Luxury_Boss
372,8289,2.0676060228301405,Luxury_Boss
372,6260,1.6528385251701105,Luxury_Boss
373,9040,2.3130111456910103,Speed_Racer
373,2920,5.0,Speed_Racer
373,6925,5.0,Speed_Racer
373,3450,2.474065501109659,Speed_Racer
373,3477,3.138512419842471,Speed_Racer
373,9955,2.6625461500750536,Speed_Racer
373,7602,2.3284321102642913,Speed_Racer
373,9462,2.453608729223928,Speed_Racer
373,3986,2.7085738433722124,Speed_Racer
373,939,3.3388246171565643,Speed_Racer
373,8937,3.5600385024487955,Speed_Racer
373,6878,2.0281732899644163,Speed_Racer
373,6636,3.871517264810289,Speed_Racer
373,5056,5.0,Speed_Racer
373,5933,2.605017418407482,Speed_Racer
373,8904,4.546904285455376,Speed_Racer
373,2468,3.3796117859288843,Speed_Racer
373,434,3.766222501301371,Speed_Racer
373,2739,2.1443667479214494,Speed_Racer
373,9886,2.353791836307382,Speed_Racer
373,2437,3.2154252590422256,Speed_Racer
374,4964,3.097981414598222,Eco_Warrior
374,8608,2.8516548895454807,Eco_Warrior
374,4729,1.0022353820555219,Eco_Warrior
374,9138,2.9627226813445935,Eco_Warrior
374,2535,3.0655986157196735,Eco_Warrior
374,1883,3.0363086717475753,Eco_Warrior
374,4229,1.0,Eco_Warrior
374,3145,2.648885336478374,Eco_Warrior
374,300,1.4063249419688204,Eco_Warrior
374,5931,3.2841798579000194,Eco_Warrior
374,2030,3.0344708598022936,Eco_Warrior
374,1490,1.0,Eco_Warrior
374,2942,2.8943324642506854,Eco_Warrior
374,2811,1.7473696332739868,Eco_Warrior
374,7334,1.8944429844979112,Eco_Warrior
374,8667,2.9603854551850817,Eco_Warrior
374,7194,1.837886815097998,Eco_Warrior
374,7296,2.6850521864179253,Eco_Warrior
374,379,2.569349625676777,Eco_Warrior
375,4305,3.1353875162824982,Family_Man
375,4179,4.459581909726939,Family_Man
375,358,4.433494973394999,Family_Man
375,842,2.6087772100942153,Family_Man
375,6864,5.0,Family_Man
375,4650,4.315052957576901,Family_Man
375,597,4.092227801863846,Family_Man
375,675,3.891304935797395,Family_Man
375,3203,4.447091856924606,Family_Man
375,6903,4.194406597618124,Family_Man
375,2929,3.49730097525286,Family_Man
375,4434,3.6398304333299514,Family_Man
375,5731,5.0,Family_Man
375,2417,3.4260985778243613,Family_Man
375,5116,4.634522823879601,Family_Man
375,7418,5.0,Family_Man
375,3324,4.876574278467152,Family_Man
376,6651,3.8493739740313937,Speed_Racer
376,6995,4.916715026245642,Speed_Racer
376,6857,5.0,Speed_Racer
376,10014,3.208113807286773,Speed_Racer
376,6443,2.412088686093794,Speed_Racer
376,292,3.0125713027442655,Speed_Racer
376,4702,2.647266835156892,Speed_Racer
376,5825,3.148504171284924,Speed_Racer
376,62,3.843580057204015,Speed_Racer
376,8313,3.9707124457702334,Speed_Racer
376,8418,3.5891009735915604,Speed_Racer
376,4047,3.4095489541198667,Speed_Racer
376,6859,2.8483166385485994,Speed_Racer
376,219,3.353130780655736,Speed_Racer
376,4511,4.011536051268792,Speed_Racer
376,9943,2.689811530641383,Speed_Racer
376,1185,3.5906011376646534,Speed_Racer
376,9896,1.665677005437778,Speed_Racer
376,9544,4.944660130032746,Speed_Racer
376,8884,3.217894435486949,Speed_Racer
376,3288,2.6285632879620078,Speed_Racer
376,1573,2.2584658556671413,Speed_Racer
376,8871,2.7023853897793764,Speed_Racer
377,5628,3.9364637058757626,Speed_Racer
377,6247,3.153365796350232,Speed_Racer
377,289,2.701820621015317,Speed_Racer
377,2261,3.2112787036804376,Speed_Racer
377,1361,4.055233264259115,Speed_Racer
377,6860,4.631410170084242,Speed_Racer
377,518,2.290197653599294,Speed_Racer
377,9732,2.3370086873399805,Speed_Racer
377,4325,3.905206759498988,Speed_Racer
377,6481,3.049875128707204,Speed_Racer
377,9552,3.439474703082292,Speed_Racer
377,1327,3.5081176187459633,Speed_Racer
377,1276,2.811319423115372,Speed_Racer
377,2255,2.567502318445383,Speed_Racer
377,8953,4.883154085910565,Speed_Racer
377,5161,2.596073843345402,Speed_Racer
377,7059,2.170611266428303,Speed_Racer
377,9614,2.071154437737494,Speed_Racer
377,1672,3.169921050427871,Speed_Racer
377,175,4.26979384640677,Speed_Racer
377,775,3.3937247314740664,Speed_Racer
378,7272,3.2476833069746256,Budget_Student
378,7284,5.0,Budget_Student
378,6665,5.0,Budget_Student
378,7537,3.3360288020344653,Budget_Student
378,280,3.993039121191965,Budget_Student
378,4189,3.1879503201552106,Budget_Student
378,4684,3.1532601195636567,Budget_Student
378,6466,3.0003756873527747,Budget_Student
378,5902,2.794413977581781,Budget_Student
378,9917,5.0,Budget_Student
378,5778,1.0425754739025272,Budget_Student
378,3896,3.32020523426566,Budget_Student
378,4959,2.5416029355311136,Budget_Student
378,3161,3.3913947277174272,Budget_Student
378,4459,5.0,Budget_Student
379,7129,2.6211910749167595,Eco_Warrior
379,2026,1.1637084109478568,Eco_Warrior
379,4667,2.231851895343819,Eco_Warrior
379,8423,1.3321377437819708,Eco_Warrior
379,7370,2.269464763196004,Eco_Warrior
379,1379,2.634183323318208,Eco_Warrior
379,8195,2.8928948597519684,Eco_Warrior
379,7392,3.3538236420522627,Eco_Warrior
379,9019,2.568519071146574,Eco_Warrior
379,7633,1.0,Eco_Warrior
379,3118,2.8943152874997855,Eco_Warrior
379,3548,2.0055287883854676,Eco_Warrior
379,2744,2.879281894739081,Eco_Warrior
379,3718,2.949424724824379,Eco_Warrior
379,8747,3.183491487657931,Eco_Warrior
379,3689,3.132587930753766,Eco_Warrior
379,3977,3.1740154964894502,Eco_Warrior
379,677,2.536160290789026,Eco_Warrior
379,3485,2.5483715879998177,Eco_Warrior
379,3319,3.1529551580890685,Eco_Warrior
379,5874,2.35263723976487,Eco_Warrior
379,7107,1.0117123436538544,Eco_Warrior
380,8182,4.380540402603282,Family_Man
380,1624,4.243878512474357,Family_Man
380,7264,5.0,Family_Man
380,1107,4.903883091322373,Family_Man
380,5117,4.76301232350868,Family_Man
380,7029,4.042351484497771,Family_Man
380,1671,5.0,Family_Man
380,1402,5.0,Family_Man
380,3946,4.4280729560149705,Family_Man
380,1435,5.0,Family_Man
380,474,3.0980548719715397,Family_Man
380,8710,3.9133494433001763,Family_Man
380,7112,4.196522557231409,Family_Man
380,994,1.6977842577139248,Family_Man
380,676,5.0,Family_Man
380,740,4.537466581370932,Family_Man
380,2800,4.708423172825316,Family_Man
380,877,3.9651355195872933,Family_Man
380,6317,3.367066752953723,Family_Man
380,8586,3.306262259342046,Family_Man
380,707,4.2818734066856745,Family_Man
380,9027,4.884744997310649,Family_Man
380,6524,5.0,Family_Man
380,1346,4.890162905490517,Family_Man
381,3963,3.5471243957418186,Budget_Student
381,1527,3.4399447404438543,Budget_Student
381,6186,3.0685406327594356,Budget_Student
381,7569,2.739852758594021,Budget_Student
381,8503,3.9550886009802815,Budget_Student
381,1412,1.6560507923339873,Budget_Student
381,6689,2.9721085469829847,Budget_Student
381,8076,4.862038039115629,Budget_Student
381,3858,5.0,Budget_Student
381,7100,3.4628816625245618,Budget_Student
381,2363,5.0,Budget_Student
381,6938,5.0,Budget_Student
381,3977,3.418772940560031,Budget_Student
381,1930,4.564351145601571,Budget_Student
381,5592,4.2585754356453025,Budget_Student
381,6996,5.0,Budget_Student
381,5317,5.0,Budget_Student
381,4574,5.0,Budget_Student
381,1103,2.9134481576147353,Budget_Student
382,3976,4.701823503903869,Speed_Racer
382,8717,3.2324790979533327,Speed_Racer
382,7594,2.6084272293873307,Speed_Racer
382,2880,2.53934921717591,Speed_Racer
382,5681,2.039941813048083,Speed_Racer
382,3725,3.090446966251888,Speed_Racer
382,794,2.895169444354127,Speed_Racer
382,8771,2.3345226832372337,Speed_Racer
382,3163,2.4034953448296346,Speed_Racer
382,4207,3.4867432811265777,Speed_Racer
382,2072,2.70288016705244,Speed_Racer
382,1153,2.5324497425430614,Speed_Racer
382,6876,3.662888836172809,Speed_Racer
382,1688,3.3305066232494522,Speed_Racer
382,10286,2.7031912131343896,Speed_Racer
382,3631,2.79005077416419,Speed_Racer
383,6257,3.134443993105549,Eco_Warrior
383,7840,3.3542210095379077,Eco_Warrior
383,5474,2.584516956241929,Eco_Warrior
383,2337,2.997773915927369,Eco_Warrior
383,1425,2.772438985455931,Eco_Warrior
383,824,2.577069994105816,Eco_Warrior
383,3830,2.531271105762911,Eco_Warrior
383,8241,2.5794508425629714,Eco_Warrior
383,5180,2.986245532887394,Eco_Warrior
383,5195,1.0,Eco_Warrior
383,2079,2.931131870283677,Eco_Warrior
383,1256,3.239555032716879,Eco_Warrior
383,457,1.2914230500549357,Eco_Warrior
383,4619,1.0049888938765115,Eco_Warrior
383,4890,2.570299536839491,Eco_Warrior
383,6360,2.728283094543399,Eco_Warrior
384,1640,2.661659159414038,Speed_Racer
384,10230,3.2991842726831075,Speed_Racer
384,2004,3.0164756049420536,Speed_Racer
384,1123,2.404375226576603,Speed_Racer
384,6337,1.8733835548107984,Speed_Racer
384,6548,2.5574361436646726,Speed_Racer
384,8935,2.0945449394203237,Speed_Racer
384,657,3.6751506648602583,Speed_Racer
384,9401,2.242554422947345,Speed_Racer
384,10024,5.0,Speed_Racer
384,5643,3.861556386997849,Speed_Racer
384,846,2.08777145489157,Speed_Racer
384,7292,2.069419850153562,Speed_Racer
384,4796,3.437091735471091,Speed_Racer
384,2195,5.0,Speed_Racer
384,9646,2.631107304179151,Speed_Racer
384,6759,2.655379538695857,Speed_Racer
384,3184,3.1033771431586286,Speed_Racer
385,5049,2.6435132953124407,Family_Man
385,4827,4.095616143641821,Family_Man
385,596,5.0,Family_Man
385,4777,4.572508676154675,Family_Man
385,321,4.231843482933318,Family_Man
385,4746,4.438020759807325,Family_Man
385,4761,2.8360828729030825,Family_Man
385,3872,4.493720970507753,Family_Man
385,4504,3.417241578744301,Family_Man
385,4561,4.0401036933131955,Family_Man
385,9097,5.0,Family_Man
385,4582,5.0,Family_Man
385,7241,4.004815518923668,Family_Man
385,210,5.0,Family_Man
385,5899,4.178911111917133,Family_Man
385,6992,5.0,Family_Man
385,244,5.0,Family_Man
385,6572,4.884918173303542,Family_Man
385,1749,3.8547899710699167,Family_Man
385,4329,3.9216155188847486,Family_Man
385,7812,4.608012721770626,Family_Man
386,9923,2.0640584752318265,Speed_Racer
386,4479,3.773311033106491,Speed_Racer
386,8798,3.3872373709226893,Speed_Racer
386,2376,3.2699937343178327,Speed_Racer
386,8881,4.486490685098105,Speed_Racer
386,483,2.716874605989185,Speed_Racer
386,132,2.4685810379440065,Speed_Racer
386,8830,3.0716702449789075,Speed_Racer
386,4459,2.5433327414888875,Speed_Racer
386,10134,3.7432471400608716,Speed_Racer
386,1041,1.983639125387,Speed_Racer
386,8074,5.0,Speed_Racer
386,1271,2.779674237537477,Speed_Racer
386,6823,2.0503612312626465,Speed_Racer
386,8686,1.8471772568461071,Speed_Racer
386,9263,4.848267996980562,Speed_Racer
386,5383,5.0,Speed_Racer
386,2945,2.2133105572878016,Speed_Racer
387,4254,2.4805454260107846,Luxury_Boss
387,2596,2.424314448740205,Luxury_Boss
387,651,1.7336286550966054,Luxury_Boss
387,114,2.4268536854577505,Luxury_Boss
387,760,2.3926160694529237,Luxury_Boss
387,2040,2.1008802369591675,Luxury_Boss
387,2182,1.5006315428395562,Luxury_Boss
387,8861,4.17253647072675,Luxury_Boss
387,2258,3.976878839628727,Luxury_Boss
387,891,1.6308568650406818,Luxury_Boss
387,9783,3.4290647484048487,Luxury_Boss
387,4699,3.6891847793317596,Luxury_Boss
387,8653,1.9772918671584971,Luxury_Boss
387,2417,1.8442543734541852,Luxury_Boss
387,5343,1.8529931883666229,Luxury_Boss
387,1622,1.690500383186611,Luxury_Boss
387,2542,1.7133001408764785,Luxury_Boss
387,3795,2.1926852587608128,Luxury_Boss
387,2956,1.9482241289378721,Luxury_Boss
387,9631,1.5624973319124829,Luxury_Boss
388,2708,2.633467066931874,Eco_Warrior
388,871,2.500186040785766,Eco_Warrior
388,3700,2.061512364734562,Eco_Warrior
388,6126,2.884831770495347,Eco_Warrior
388,6043,1.0651116747518135,Eco_Warrior
388,3239,4.448529493626262,Eco_Warrior
388,477,2.821466036097979,Eco_Warrior
388,4246,3.0442142372757495,Eco_Warrior
388,8586,2.517453905899406,Eco_Warrior
388,7346,3.4079883938306272,Eco_Warrior
388,8776,2.777517426551788,Eco_Warrior
388,7821,1.0,Eco_Warrior
388,7976,3.0618448687897946,Eco_Warrior
388,8623,3.039703112365302,Eco_Warrior
388,7421,2.7958704302542894,Eco_Warrior
388,10159,3.0789771090011966,Eco_Warrior
388,5917,2.9283020648622875,Eco_Warrior
388,2714,1.0,Eco_Warrior
388,6379,2.9096053173590217,Eco_Warrior
388,755,3.0602900843541843,Eco_Warrior
388,7498,2.8984545683205827,Eco_Warrior
388,3068,3.3240369821246234,Eco_Warrior
388,2854,2.9972335046692486,Eco_Warrior
389,548,4.9034903566829335,Family_Man
389,2508,4.015426176358511,Family_Man
389,1710,3.816526551652536,Family_Man
389,5996,4.006215965634859,Family_Man
389,9509,3.7757499178685716,Family_Man
389,2840,5.0,Family_Man
389,8185,4.002906603090776,Family_Man
389,6442,3.945233527050588,Family_Man
389,1814,5.0,Family_Man
389,4276,3.345806898996881,Family_Man
389,2371,4.261098803276412,Family_Man
389,8382,3.827520803964941,Family_Man
389,9427,4.295035789049459,Family_Man
389,3901,4.456357253540549,Family_Man
389,9529,2.0010105799210303,Family_Man
390,4991,1.8661908550749455,Luxury_Boss
390,2427,2.9654784444563758,Luxury_Boss
390,2868,2.0972796970545735,Luxury_Boss
390,5146,2.3182953129048935,Luxury_Boss
390,7785,2.2679265256689902,Luxury_Boss
390,5606,2.0033403651069093,Luxury_Boss
390,7969,1.8614264343568276,Luxury_Boss
390,6570,2.3692446284172313,Luxury_Boss
390,1979,2.4050590869137474,Luxury_Boss
390,9121,2.450796573225211,Luxury_Boss
390,3639,1.8004899366916365,Luxury_Boss
390,4751,1.9935577490624454,Luxury_Boss
390,8557,2.3379870326858043,Luxury_Boss
390,7661,3.4780717563937262,Luxury_Boss
390,9280,2.240026132272478,Luxury_Boss
390,3371,2.0276806649002075,Luxury_Boss
390,10166,4.123700841907546,Luxury_Boss
390,1980,1.9997256002307306,Luxury_Boss
390,2859,1.781624771779653,Luxury_Boss
390,1450,1.6761876405562575,Luxury_Boss
391,2075,2.0191346676883737,Speed_Racer
391,3993,3.801390707342311,Speed_Racer
391,2548,2.0976413082807093,Speed_Racer
391,9536,3.4076123820602335,Speed_Racer
391,3859,3.2477022613739983,Speed_Racer
391,9354,2.6858731073349884,Speed_Racer
391,7017,2.78678011908716,Speed_Racer
391,9469,1.814908533503138,Speed_Racer
391,193,2.656768768027734,Speed_Racer
391,5243,3.3512914449331817,Speed_Racer
391,7523,3.177217246365635,Speed_Racer
391,1444,3.735943775704818,Speed_Racer
391,6071,3.884176249783665,Speed_Racer
391,2566,3.592489433302168,Speed_Racer
391,1876,4.1567640613974275,Speed_Racer
391,3530,2.833586111731415,Speed_Racer
392,4351,3.5228525200835126,Family_Man
392,1600,4.595033196200397,Family_Man
392,799,5.0,Family_Man
392,1237,4.6295642599433195,Family_Man
392,3488,5.0,Family_Man
392,5965,3.0015920666768,Family_Man
392,2845,5.0,Family_Man
392,7982,4.398159781730529,Family_Man
392,92,5.0,Family_Man
392,483,5.0,Family_Man
392,669,2.520007549458789,Family_Man
392,9878,4.169187036247841,Family_Man
392,8149,1.8420694888108997,Family_Man
392,370,2.9262535284228948,Family_Man
392,2954,4.275045750255469,Family_Man
392,713,4.644415538493318,Family_Man
392,1733,4.309621566192962,Family_Man
392,9298,5.0,Family_Man
392,588,5.0,Family_Man
392,6783,4.144352196262143,Family_Man
392,4660,5.0,Family_Man
392,9031,2.6954302921738966,Family_Man
392,8866,3.359582465399789,Family_Man
392,5701,3.2288913878004584,Family_Man
393,1285,3.337182396223345,Speed_Racer
393,6131,3.75553996932183,Speed_Racer
393,4303,3.4727876006944713,Speed_Racer
393,2376,3.32561681836954,Speed_Racer
393,5735,3.052150516965819,Speed_Racer
393,8265,2.9345373275316002,Speed_Racer
393,4168,2.379905381407368,Speed_Racer
393,9524,2.4633295094364556,Speed_Racer
393,2380,3.201525823055608,Speed_Racer
393,7326,3.335831528209308,Speed_Racer
393,578,2.741346733946569,Speed_Racer
393,9484,3.75230437339253,Speed_Racer
393,1992,1.9645214197430998,Speed_Racer
393,4098,2.918720945601171,Speed_Racer
393,10135,3.010088281744578,Speed_Racer
393,2814,5.0,Speed_Racer
393,858,2.1077238945705625,Speed_Racer
393,7409,3.148240961533635,Speed_Racer
393,2213,2.3641330752342817,Speed_Racer
393,7946,3.187619364806312,Speed_Racer
394,6052,2.5738341464981165,Speed_Racer
394,5458,2.9379754919277064,Speed_Racer
394,7856,1.7836255870983342,Speed_Racer
394,6843,3.211199415960427,Speed_Racer
394,895,2.2608748353291106,Speed_Racer
394,8841,2.988278819082989,Speed_Racer
394,7106,2.170656027343475,Speed_Racer
394,8772,3.0024380758159963,Speed_Racer
394,5722,3.814637106189527,Speed_Racer
394,796,4.67326747320655,Speed_Racer
394,3225,2.7943529958324067,Speed_Racer
394,10055,2.628693661744949,Speed_Racer
394,4046,2.6780133427224517,Speed_Racer
394,2725,3.7625621100426887,Speed_Racer
394,4412,2.5097732010282,Speed_Racer
394,3477,3.7602287196056317,Speed_Racer
394,2499,3.336130329851665,Speed_Racer
394,9436,2.217734230166091,Speed_Racer
394,8025,2.7368683406203043,Speed_Racer
394,9857,3.346247960024723,Speed_Racer
394,9417,2.746904753589914,Speed_Racer
395,3378,2.9241805480273424,Eco_Warrior
395,1260,3.2759670489769817,Eco_Warrior
395,6825,1.0,Eco_Warrior
395,9214,2.650749968414933,Eco_Warrior
395,9587,3.193659359227721,Eco_Warrior
395,7573,2.769927654328467,Eco_Warrior
395,527,3.4494947617878804,Eco_Warrior
395,2328,2.7514454961971646,Eco_Warrior
395,2538,4.371982495404101,Eco_Warrior
395,3702,3.1678102866093445,Eco_Warrior
395,5749,1.1804593222067288,Eco_Warrior
395,1874,3.1963834515169443,Eco_Warrior
395,4318,3.069549662847102,Eco_Warrior
395,3950,1.1041698037686971,Eco_Warrior
395,913,1.1664791611513627,Eco_Warrior
395,3257,2.959608454081632,Eco_Warrior
395,3455,2.950519353584883,Eco_Warrior
395,2824,3.419496238284749,Eco_Warrior
396,6708,2.942417184614495,Speed_Racer
396,4330,2.9232428104249695,Speed_Racer
396,4109,3.2981507640417935,Speed_Racer
396,10155,3.5283884766760814,Speed_Racer
396,4024,3.6935722915871003,Speed_Racer
396,9396,4.30527858302482,Speed_Racer
396,7796,2.3386976180240686,Speed_Racer
396,6600,4.647168502264631,Speed_Racer
396,4594,2.7451548233869234,Speed_Racer
396,150,2.0974273875978344,Speed_Racer
396,7475,3.0887645346210695,Speed_Racer
396,3226,3.2619374349396653,Speed_Racer
396,10072,2.889890435860585,Speed_Racer
396,7247,3.570637562667925,Speed_Racer
396,4186,4.55594385773963,Speed_Racer
396,6277,2.653196200987126,Speed_Racer
396,7753,2.230018240658699,Speed_Racer
396,6264,2.416503883280664,Speed_Racer
396,7164,3.982324183631509,Speed_Racer
396,1048,3.451112113401802,Speed_Racer
396,1649,2.8479269367793774,Speed_Racer
396,2209,3.46513499266953,Speed_Racer
397,3209,1.2806461194395875,Eco_Warrior
397,8685,1.3003261895717926,Eco_Warrior
397,6908,2.94326533013686,Eco_Warrior
397,9021,2.0888986461285834,Eco_Warrior
397,1925,3.2270084597000253,Eco_Warrior
397,9313,2.8874701321706677,Eco_Warrior
397,2398,2.9910179731943125,Eco_Warrior
397,4976,2.2788938407026578,Eco_Warrior
397,8738,3.3640228604200897,Eco_Warrior
397,4080,1.0,Eco_Warrior
397,9232,2.504790603842215,Eco_Warrior
397,9258,3.206059716784178,Eco_Warrior
397,9288,2.865881222506944,Eco_Warrior
397,9586,1.1060332955714227,Eco_Warrior
397,1435,2.606250896545263,Eco_Warrior
397,7316,2.6056865975948065,Eco_Warrior
397,3802,1.0,Eco_Warrior
397,9220,2.5510572332759804,Eco_Warrior
397,527,3.420368640966857,Eco_Warrior
397,2395,3.4694263540448755,Eco_Warrior
397,6676,3.0008212070917213,Eco_Warrior
398,4621,1.0,Eco_Warrior
398,1920,3.431356899498023,Eco_Warrior
398,28,1.0,Eco_Warrior
398,4172,3.4400501687471507,Eco_Warrior
398,3264,2.6410721384465794,Eco_Warrior
398,3395,1.0,Eco_Warrior
398,2158,2.8658779914062054,Eco_Warrior
398,4936,2.8022002731050666,Eco_Warrior
398,9695,2.5395071761651544,Eco_Warrior
398,3521,3.4897932220923846,Eco_Warrior
398,4318,2.78248692665103,Eco_Warrior
398,31,3.112428605089505,Eco_Warrior
398,8460,3.103502061990289,Eco_Warrior
398,2457,1.0,Eco_Warrior
398,1878,2.6190768832999636,Eco_Warrior
398,2758,2.8331932454001274,Eco_Warrior
398,9005,1.0,Eco_Warrior
398,8329,3.1362131150154053,Eco_Warrior
398,2509,1.0,Eco_Warrior
398,8462,3.4021822918069646,Eco_Warrior
398,6643,2.6375047363896957,Eco_Warrior
399,4284,3.8944356690347814,Budget_Student
399,9304,1.168038966275429,Budget_Student
399,9847,1.2836113023532991,Budget_Student
399,2032,3.8690333559015704,Budget_Student
399,6702,3.3440876067161733,Budget_Student
399,6791,3.737617404836091,Budget_Student
399,6349,4.019017272187966,Budget_Student
399,9479,4.860700158316496,Budget_Student
399,7610,2.545591489223553,Budget_Student
399,5447,3.2144627002751123,Budget_Student
399,7246,4.779917965992629,Budget_Student
399,2270,5.0,Budget_Student
399,5421,3.7111713808327895,Budget_Student
399,3108,3.187011323757484,Budget_Student
399,2012,3.406928840783963,Budget_Student
399,7809,4.809728840298532,Budget_Student
399,4763,5.0,Budget_Student
399,6055,5.0,Budget_Student
400,3155,3.9453832925090406,Budget_Student
400,2275,1.6503270646811117,Budget_Student
400,355,5.0,Budget_Student
400,5008,3.017491533819504,Budget_Student
400,5760,5.0,Budget_Student
400,371,3.0247660028029317,Budget_Student
400,10050,3.7603569992603605,Budget_Student
400,356,3.432285638929236,Budget_Student
400,3911,3.342943305838702,Budget_Student
400,6286,3.117152627397587,Budget_Student
400,8840,3.266718461715513,Budget_Student
400,9853,2.9006885863756975,Budget_Student
400,7820,2.8390073541032232,Budget_Student
400,297,5.0,Budget_Student
400,7880,3.7318662734312724,Budget_Student
400,3173,2.7698886722487126,Budget_Student
400,1120,3.271759503679812,Budget_Student
400,2791,3.443355297557285,Budget_Student
400,8570,5.0,Budget_Student
400,900,3.9242748447714977,Budget_Student
400,3295,1.048689099389495,Budget_Student
400,5088,5.0,Budget_Student
400,3894,5.0,Budget_Student
400,1490,5.0,Budget_Student
401,1269,2.8376812826611313,Family_Man
401,730,4.877409369199286,Family_Man
401,5507,3.292303116430478,Family_Man
401,7761,3.235796683671934,Family_Man
401,4560,5.0,Family_Man
401,3996,4.20665348344154,Family_Man
401,4959,3.024316955900185,Family_Man
401,8955,1.9152741470424708,Family_Man
401,2101,5.0,Family_Man
401,2904,4.024997476169155,Family_Man
401,5853,4.324295207524294,Family_Man
401,9860,4.828340254702954,Family_Man
401,7800,4.104949532477809,Family_Man
401,8101,3.5167303272130908,Family_Man
401,9862,3.6778504019580627,Family_Man
401,5293,2.50847642692794,Family_Man
401,9267,1.5570715497341912,Family_Man
401,3443,3.388897108827101,Family_Man
401,8700,4.423626833446779,Family_Man
401,9666,3.89395674048439,Family_Man
402,4344,1.8360733496655879,Budget_Student
402,4576,2.5610319211349477,Budget_Student
402,7753,3.743106221997933,Budget_Student
402,10010,3.948102000327033,Budget_Student
402,9135,1.5604414124300128,Budget_Student
402,9231,2.8738195128849933,Budget_Student
402,7412,2.7965735113111654,Budget_Student
402,9768,3.834554977560053,Budget_Student
402,4893,1.2722747081060102,Budget_Student
402,1231,1.4779331416725898,Budget_Student
402,9510,2.569643956126872,Budget_Student
402,3892,3.7239100711862236,Budget_Student
402,4398,1.147585104240581,Budget_Student
402,10216,3.2010441863358117,Budget_Student
402,8291,2.925323744710099,Budget_Student
402,9366,3.0120009589673633,Budget_Student
403,6842,3.1785321344405864,Family_Man
403,430,5.0,Family_Man
403,1795,2.8775617260839574,Family_Man
403,1525,4.331549318281989,Family_Man
403,2961,4.71887778826783,Family_Man
403,9608,5.0,Family_Man
403,5710,5.0,Family_Man
403,8366,4.922959986831936,Family_Man
403,6952,1.210878444809505,Family_Man
403,145,5.0,Family_Man
403,1365,3.6359712753800846,Family_Man
403,3908,4.4840402536766195,Family_Man
403,9179,1.094884549090987,Family_Man
403,2473,5.0,Family_Man
403,10206,2.7839840311139312,Family_Man
403,5009,4.550335432963064,Family_Man
403,6470,4.105540075439908,Family_Man
403,7693,4.772004762800257,Family_Man
403,1184,5.0,Family_Man
403,2855,4.894751541835754,Family_Man
403,9767,3.837906959455725,Family_Man
404,864,3.8326796751488645,Speed_Racer
404,9448,2.7129417490832513,Speed_Racer
404,3809,5.0,Speed_Racer
404,5888,2.677075405356877,Speed_Racer
404,3419,2.0702068025538534,Speed_Racer
404,3368,3.3836156124077177,Speed_Racer
404,9788,2.518563225134017,Speed_Racer
404,431,5.0,Speed_Racer
404,3289,3.752664767198878,Speed_Racer
404,4651,3.384381708106093,Speed_Racer
404,8827,3.381188098604736,Speed_Racer
404,2756,5.0,Speed_Racer
404,1620,2.1179847996500625,Speed_Racer
404,1429,2.8023221803979284,Speed_Racer
404,7059,2.7276968934496186,Speed_Racer
404,5479,3.6860186693172508,Speed_Racer
405,522,5.0,Family_Man
405,2556,4.830624019005483,Family_Man
405,1293,4.965431242068455,Family_Man
405,1427,5.0,Family_Man
405,3698,5.0,Family_Man
405,2734,4.216058000639144,Family_Man
405,1289,3.7801198215624003,Family_Man
405,10023,2.9491299125309003,Family_Man
405,3140,4.3833232245218205,Family_Man
405,1054,5.0,Family_Man
405,415,2.700667751478565,Family_Man
405,4835,5.0,Family_Man
405,4468,2.967124533231123,Family_Man
405,1795,2.5737836176721154,Family_Man
405,6185,5.0,Family_Man
405,4999,5.0,Family_Man
405,3033,4.23000256633126,Family_Man
405,436,3.6415919973348645,Family_Man
405,5769,2.6140213902020064,Family_Man
405,6276,5.0,Family_Man
405,3135,5.0,Family_Man
406,7190,5.0,Family_Man
406,5848,3.0801460970204535,Family_Man
406,7576,5.0,Family_Man
406,479,4.418877501428792,Family_Man
406,4484,5.0,Family_Man
406,539,4.751104212308959,Family_Man
406,7217,4.063550595535802,Family_Man
406,7498,3.0746276362731164,Family_Man
406,6489,4.800249935899177,Family_Man
406,4563,4.5106466104390295,Family_Man
406,5594,5.0,Family_Man
406,198,5.0,Family_Man
406,5122,5.0,Family_Man
406,8773,4.9737118638482,Family_Man
406,2188,3.1913948001670303,Family_Man
407,4092,4.138544788356275,Family_Man
407,2010,1.013260775640728,Family_Man
407,5075,3.3299558344410776,Family_Man
407,9977,4.3869225616253615,Family_Man
407,3277,4.363862155186227,Family_Man
407,7217,4.148204460141257,Family_Man
407,2737,1.5494101062021548,Family_Man
407,3047,4.46558186295065,Family_Man
407,9868,2.7654480572282556,Family_Man
407,2386,3.826405796780676,Family_Man
407,470,4.468604721599615,Family_Man
407,5261,4.025586337226458,Family_Man
407,1218,4.377144873950663,Family_Man
407,5738,5.0,Family_Man
407,9997,5.0,Family_Man
407,7247,1.390645919323617,Family_Man
407,7091,5.0,Family_Man
407,9925,5.0,Family_Man
407,5339,4.33001021614447,Family_Man
407,5955,4.34652484243551,Family_Man
407,6621,4.07311013861495,Family_Man
407,7850,4.464197437833817,Family_Man
408,3695,2.951322447712903,Eco_Warrior
408,6413,3.34009815689541,Eco_Warrior
408,5637,2.975410039314645,Eco_Warrior
408,4294,2.8462734548044817,Eco_Warrior
408,3079,2.9514336750341457,Eco_Warrior
408,1131,3.1569146980734772,Eco_Warrior
408,6216,2.6399063835291576,Eco_Warrior
408,7937,3.1592007230379204,Eco_Warrior
408,8061,1.0795708912639408,Eco_Warrior
408,1517,3.361076194796453,Eco_Warrior
408,7083,2.855888035121655,Eco_Warrior
408,3598,2.7571755774463638,Eco_Warrior
408,6789,2.621910713503474,Eco_Warrior
408,2309,1.0,Eco_Warrior
408,3048,2.570604159764474,Eco_Warrior
408,850,2.7065323101115792,Eco_Warrior
408,1178,2.378039793823081,Eco_Warrior
409,8281,4.6500592393938245,Family_Man
409,5277,4.786992304730605,Family_Man
409,8280,5.0,Family_Man
409,6251,4.3727540923787105,Family_Man
409,49,4.4572476025280015,Family_Man
409,9043,5.0,Family_Man
409,5555,5.0,Family_Man
409,9507,1.9325442699999984,Family_Man
409,5535,5.0,Family_Man
409,6660,4.243962968786114,Family_Man
409,1875,4.576453570738496,Family_Man
409,2182,5.0,Family_Man
409,325,4.949630577800092,Family_Man
409,3820,3.163160496339143,Family_Man
409,7932,4.345424302057876,Family_Man
409,5114,4.620750834261194,Family_Man
409,912,4.956105612828311,Family_Man
409,9336,5.0,Family_Man
409,9152,3.2861603795136562,Family_Man
409,8064,3.658309393578613,Family_Man
409,2649,4.224497963007619,Family_Man
410,3228,5.0,Family_Man
410,2071,4.703429591115277,Family_Man
410,7743,4.027285926920221,Family_Man
410,58,2.7681942057974234,Family_Man
410,10108,3.778465185727537,Family_Man
410,3727,2.918455562542545,Family_Man
410,3980,4.47077613798829,Family_Man
410,428,3.0849107735633186,Family_Man
410,1813,1.4872339206283924,Family_Man
410,4766,5.0,Family_Man
410,9959,4.638326921300875,Family_Man
410,2949,3.324303617586876,Family_Man
410,10122,5.0,Family_Man
410,6678,3.321542897147441,Family_Man
410,40,3.9372454772963077,Family_Man
410,1414,4.401121439216617,Family_Man
410,586,2.8193038742887078,Family_Man
411,8617,5.0,Family_Man
411,5190,4.180930115146963,Family_Man
411,786,1.0202144450208679,Family_Man
411,527,5.0,Family_Man
411,7878,5.0,Family_Man
411,53,5.0,Family_Man
411,7106,2.765399887174489,Family_Man
411,8359,4.274513424244297,Family_Man
411,503,4.280345688897574,Family_Man
411,4092,4.590764448058318,Family_Man
411,8289,4.910735892218094,Family_Man
411,1401,3.4807707898554505,Family_Man
411,638,4.153404579203155,Family_Man
411,5503,4.707935621112048,Family_Man
411,6570,3.081797368726285,Family_Man
411,288,4.570468963187911,Family_Man
411,2133,3.342970247483157,Family_Man
411,5022,3.37961039714284,Family_Man
411,6183,3.7852433936709207,Family_Man
411,149,2.732238486277158,Family_Man
412,7924,4.429590604810313,Family_Man
412,5091,5.0,Family_Man
412,4946,4.306672850673542,Family_Man
412,3057,5.0,Family_Man
412,5318,4.140121777733584,Family_Man
412,7828,4.866711726244333,Family_Man
412,9685,4.0210812261622655,Family_Man
412,8278,4.124935029286816,Family_Man
412,9553,3.581068527043404,Family_Man
412,4528,5.0,Family_Man
412,5257,4.754717567769928,Family_Man
412,1980,2.8618028693603748,Family_Man
412,6059,5.0,Family_Man
412,5465,5.0,Family_Man
412,2911,5.0,Family_Man
412,1164,3.030275491779107,Family_Man
412,2188,2.7456974221415456,Family_Man
412,8214,3.5412126793183543,Family_Man
412,4212,4.233525285880454,Family_Man
412,1920,5.0,Family_Man
412,9530,2.8711416279166655,Family_Man
412,3469,4.756460649751983,Family_Man
413,5738,2.6893968783087123,Speed_Racer
413,6067,4.116479610438818,Speed_Racer
413,2670,3.736881863957305,Speed_Racer
413,6231,2.8541739947336815,Speed_Racer
413,7529,3.1882516522912394,Speed_Racer
413,3408,2.7094744367036276,Speed_Racer
413,8622,3.4698005820514437,Speed_Racer
413,6856,4.198983687675499,Speed_Racer
413,10103,3.809782311769616,Speed_Racer
413,2128,3.5712123352672758,Speed_Racer
413,9511,2.2957285853623906,Speed_Racer
413,3271,4.537253991269748,Speed_Racer
413,1715,2.4073330559102395,Speed_Racer
413,7366,4.457288422879713,Speed_Racer
413,110,3.3663625421333836,Speed_Racer
413,5158,2.9252451796191767,Speed_Racer
414,1685,1.6296910888668052,Luxury_Boss
414,319,2.662977605005111,Luxury_Boss
414,2235,1.780441040101147,Luxury_Boss
414,7294,2.122401043065304,Luxury_Boss
414,5987,2.356347171114565,Luxury_Boss
414,666,1.7309227991208196,Luxury_Boss
414,3415,1.579112497055911,Luxury_Boss
414,6794,3.9495464858351452,Luxury_Boss
414,6274,2.322402823579284,Luxury_Boss
414,1759,2.324975243456689,Luxury_Boss
414,1882,1.8753501947475548,Luxury_Boss
414,4967,2.114592657877407,Luxury_Boss
414,2522,2.233986905441121,Luxury_Boss
414,3777,2.997145780337165,Luxury_Boss
414,4190,2.1293781817315782,Luxury_Boss
414,267,1.533750162865629,Luxury_Boss
414,4308,3.454093408480386,Luxury_Boss
414,435,3.8628347898372124,Luxury_Boss
414,5472,2.2319086555393057,Luxury_Boss
414,4608,4.481798720903177,Luxury_Boss
415,2219,4.329675125004509,Family_Man
415,6892,4.779158865261511,Family_Man
415,3191,1.0448153445178394,Family_Man
415,9834,2.836493051635611,Family_Man
415,4984,5.0,Family_Man
415,2362,5.0,Family_Man
415,5722,4.210388337846686,Family_Man
415,8383,5.0,Family_Man
415,5329,3.5986967808271357,Family_Man
415,8009,4.171516933070842,Family_Man
415,9737,4.586899698499156,Family_Man
415,4125,5.0,Family_Man
415,552,4.2977455487928795,Family_Man
415,7245,4.770747990353363,Family_Man
415,4411,5.0,Family_Man
415,3126,3.5875151451003746,Family_Man
415,3488,5.0,Family_Man
415,5602,3.576660300786301,Family_Man
415,649,2.5558344065696907,Family_Man
415,2677,4.11527490824269,Family_Man
415,9577,5.0,Family_Man
415,8183,5.0,Family_Man
415,7363,3.574441941545711,Family_Man
415,48,5.0,Family_Man
416,3267,3.658438979356574,Luxury_Boss
416,4673,1.569165002860675,Luxury_Boss
416,437,1.9071958935461093,Luxury_Boss
416,7431,1.6197896100603777,Luxury_Boss
416,4965,1.6341003730169346,Luxury_Boss
416,1991,3.636984029831373,Luxury_Boss
416,4670,1.9813120021622628,Luxury_Boss
416,8740,3.7621353264297124,Luxury_Boss
416,6785,4.062182670482873,Luxury_Boss
416,2136,1.6113618092413549,Luxury_Boss
416,999,2.223639967645606,Luxury_Boss
416,3937,2.488430854350671,Luxury_Boss
416,1444,3.4491853146609563,Luxury_Boss
416,3507,1.536465067866263,Luxury_Boss
416,2368,3.0960443333233556,Luxury_Boss
416,4522,3.49183126408852,Luxury_Boss
416,7639,1.863052696095454,Luxury_Boss
416,9409,1.7411978752673813,Luxury_Boss
416,7998,2.273492928812444,Luxury_Boss
417,4162,4.764240145140856,Budget_Student
417,1530,1.0,Budget_Student
417,2319,5.0,Budget_Student
417,2410,3.4459738686606802,Budget_Student
417,2619,4.799029958568831,Budget_Student
417,5990,3.314682686741162,Budget_Student
417,1924,3.3522465324384463,Budget_Student
417,1967,5.0,Budget_Student
417,6662,5.0,Budget_Student
417,9926,5.0,Budget_Student
417,204,3.209920659239877,Budget_Student
417,1790,1.0,Budget_Student
417,4772,5.0,Budget_Student
417,874,3.0920820297518334,Budget_Student
417,4066,2.655632918283218,Budget_Student
417,10175,5.0,Budget_Student
417,8810,3.259383992481817,Budget_Student
417,3231,4.998501572412427,Budget_Student
417,6068,4.032259138328995,Budget_Student
417,7386,5.0,Budget_Student
417,723,2.8596681291927863,Budget_Student
418,3443,2.403747958151545,Luxury_Boss
418,5375,5.0,Luxury_Boss
418,1553,1.9538628925976784,Luxury_Boss
418,7962,4.426101468508449,Luxury_Boss
418,5847,4.833504062669064,Luxury_Boss
418,5283,3.9670420335785317,Luxury_Boss
418,7529,3.5255556382469186,Luxury_Boss
418,8379,1.8706508456447208,Luxury_Boss
418,3818,2.8389430145697245,Luxury_Boss
418,3388,1.882835073646663,Luxury_Boss
418,3743,3.929534217932295,Luxury_Boss
418,2480,1.979785858160687,Luxury_Boss
418,2759,1.574952344729081,Luxury_Boss
418,7208,2.3041332869155298,Luxury_Boss
418,4372,2.2841827413832743,Luxury_Boss
419,5888,2.4311404330587525,Speed_Racer
419,8869,2.7617731906959424,Speed_Racer
419,4631,3.16583113960541,Speed_Racer
419,2318,2.653267369612299,Speed_Racer
419,7250,2.2758857412693683,Speed_Racer
419,7565,5.0,Speed_Racer
419,10013,3.9247769848587724,Speed_Racer
419,7865,3.0989143641665065,Speed_Racer
419,3055,2.843089545932176,Speed_Racer
419,1015,2.7188355253862655,Speed_Racer
419,9903,3.12871353052101,Speed_Racer
419,2137,2.1251810240890676,Speed_Racer
419,9691,2.7983961121627905,Speed_Racer
419,9890,4.783620738540498,Speed_Racer
419,1477,2.28224952082211,Speed_Racer
420,2770,2.8425665377481213,Eco_Warrior
420,5538,2.810541833450044,Eco_Warrior
420,7902,1.0,Eco_Warrior
420,8688,1.152470008081432,Eco_Warrior
420,2791,2.783405349303675,Eco_Warrior
420,7544,3.425196673786319,Eco_Warrior
420,7592,2.603154154601757,Eco_Warrior
420,7686,3.4298086216377897,Eco_Warrior
420,9858,2.6351591538899246,Eco_Warrior
420,9277,3.4020894121006378,Eco_Warrior
420,8107,3.14281555012652,Eco_Warrior
420,5258,3.3671625991948795,Eco_Warrior
420,442,2.9917362772939717,Eco_Warrior
420,5711,1.0,Eco_Warrior
420,2385,2.667791631795839,Eco_Warrior
420,2216,1.027754000416342,Eco_Warrior
420,9420,2.6292702082182324,Eco_Warrior
420,6951,1.0,Eco_Warrior
420,1415,3.343291541411304,Eco_Warrior
420,189,1.4529524813275072,Eco_Warrior
420,4744,1.0,Eco_Warrior
420,3315,2.508502544326986,Eco_Warrior
420,1612,1.0392533200970924,Eco_Warrior
420,8531,2.9854627572459123,Eco_Warrior
421,1201,1.2685529646791425,Budget_Student
421,5727,4.928108511340829,Budget_Student
421,5019,3.529720104014183,Budget_Student
421,3552,5.0,Budget_Student
421,1101,2.8381668330654333,Budget_Student
421,1358,4.760498012493062,Budget_Student
421,219,5.0,Budget_Student
421,3590,5.0,Budget_Student
421,9704,5.0,Budget_Student
421,2847,3.333649631247993,Budget_Student
421,3725,1.0,Budget_Student
421,4229,1.460363708086382,Budget_Student
421,9507,3.991983870840281,Budget_Student
421,2140,2.7851388967413273,Budget_Student
421,4273,3.642403997992779,Budget_Student
421,1772,5.0,Budget_Student
421,2102,2.9762473438317825,Budget_Student
421,8554,5.0,Budget_Student
421,237,3.230753189801497,Budget_Student
421,6538,3.0475603666719326,Budget_Student
421,6504,5.0,Budget_Student
421,8966,2.563707187805136,Budget_Student
422,6191,3.134551044047325,Speed_Racer
422,8090,3.1093226263933316,Speed_Racer
422,4023,1.811280842808968,Speed_Racer
422,8938,2.8148750741030195,Speed_Racer
422,8690,2.2153690074167196,Speed_Racer
422,593,3.350553115161538,Speed_Racer
422,8814,5.0,Speed_Racer
422,7151,3.095070757277954,Speed_Racer
422,1757,2.96163546056551,Speed_Racer
422,9732,2.260049657904349,Speed_Racer
422,2042,3.230082592611427,Speed_Racer
422,8948,2.607178384558945,Speed_Racer
422,2091,3.940868737672946,Speed_Racer
422,3684,2.8791107081885743,Speed_Racer
422,3450,2.5421757923715083,Speed_Racer
422,9985,2.730284618899779,Speed_Racer
422,7427,3.5610280713616915,Speed_Racer
422,4705,2.6520630620023096,Speed_Racer
422,4150,4.286657547154512,Speed_Racer
422,6608,2.9495913188181033,Speed_Racer
422,6026,2.691490682335692,Speed_Racer
422,407,3.8768940046746954,Speed_Racer
423,2071,4.432853977828603,Family_Man
423,617,4.757156849135264,Family_Man
423,3850,4.77065529139752,Family_Man
423,5727,5.0,Family_Man
423,4190,5.0,Family_Man
423,9456,2.703445312680674,Family_Man
423,9935,3.9996352076403165,Family_Man
423,10235,4.01246469642766,Family_Man
423,7513,3.412963996251461,Family_Man
423,341,5.0,Family_Man
423,3867,3.4461869871599653,Family_Man
423,1735,3.445547813270578,Family_Man
423,7168,5.0,Family_Man
423,6310,3.9391741111992413,Family_Man
423,2899,5.0,Family_Man
423,3905,5.0,Family_Man
423,8570,3.7190186613621377,Family_Man
423,87,4.9119939065907054,Family_Man
423,7661,5.0,Family_Man
423,1503,2.879602360486066,Family_Man
423,1845,2.6883320699446243,Family_Man
423,637,4.940329989983409,Family_Man
423,7688,5.0,Family_Man
424,7504,2.3162389477667213,Speed_Racer
424,2002,2.8679043330511123,Speed_Racer
424,3200,3.4012221567737617,Speed_Racer
424,7328,3.3439039472750665,Speed_Racer
424,3334,2.118470441902798,Speed_Racer
424,6658,2.5217130269298753,Speed_Racer
424,1109,5.0,Speed_Racer
424,4713,3.3652389187939504,Speed_Racer
424,1231,5.0,Speed_Racer
424,6021,2.7242309885387233,Speed_Racer
424,9069,4.789404675223945,Speed_Racer
424,7362,3.056835007796871,Speed_Racer
424,3381,2.056208718608022,Speed_Racer
424,4917,2.298572128959308,Speed_Racer
424,7816,3.0956809367595994,Speed_Racer
424,4609,2.8575842307196817,Speed_Racer
425,1625,3.8311558158585703,Luxury_Boss
425,6661,2.4055624105307247,Luxury_Boss
425,864,2.3287965318978068,Luxury_Boss
425,5902,1.6788148576337534,Luxury_Boss
425,2527,3.0554043540988003,Luxury_Boss
425,7499,2.140284856494286,Luxury_Boss
425,8848,1.8307306389634823,Luxury_Boss
425,3603,2.06123718926173,Luxury_Boss
425,4676,3.4105374106658304,Luxury_Boss
425,452,2.449990489186737,Luxury_Boss
425,3225,4.598714605172228,Luxury_Boss
425,1884,1.6335777039521862,Luxury_Boss
425,881,1.5007788522817753,Luxury_Boss
425,4277,1.6748995027022437,Luxury_Boss
425,4323,2.2345978804135505,Luxury_Boss
425,5399,2.008742785896099,Luxury_Boss
425,5535,1.6361756132864127,Luxury_Boss
425,7551,2.326831149733621,Luxury_Boss
425,4090,2.306598655958002,Luxury_Boss
425,5649,1.7158434644190352,Luxury_Boss
425,4816,4.987082074070539,Luxury_Boss
425,7827,2.060933108813276,Luxury_Boss
425,6830,3.6872093611050216,Luxury_Boss
425,9335,1.7642737284701009,Luxury_Boss
426,2603,1.0,Eco_Warrior
426,4617,1.0,Eco_Warrior
426,9688,3.3249108833645473,Eco_Warrior
426,5933,3.013652515361138,Eco_Warrior
426,3511,2.602312535889583,Eco_Warrior
426,1912,2.7899613603299067,Eco_Warrior
426,1357,1.019004571212803,Eco_Warrior
426,1281,4.1886431598948795,Eco_Warrior
426,5404,3.4881851982194916,Eco_Warrior
426,8283,3.293792984801263,Eco_Warrior
426,6008,3.4885873765880504,Eco_Warrior
426,6224,2.767875759516527,Eco_Warrior
426,1376,2.7431349545435024,Eco_Warrior
426,6534,1.0,Eco_Warrior
426,5732,3.0061587991127228,Eco_Warrior
426,7003,1.0,Eco_Warrior
427,8630,2.578814019808899,Speed_Racer
427,7966,3.135863278403585,Speed_Racer
427,8378,2.988937664740175,Speed_Racer
427,6899,2.9074799235496327,Speed_Racer
427,4975,2.5419892394495567,Speed_Racer
427,5769,3.4253123914930472,Speed_Racer
427,6308,3.050465982163089,Speed_Racer
427,5538,3.2810076577632765,Speed_Racer
427,7092,3.340357366025358,Speed_Racer
427,5993,2.269037009021736,Speed_Racer
427,4294,2.8213111148691032,Speed_Racer
427,4544,3.8656475733702504,Speed_Racer
427,3526,3.141596646269479,Speed_Racer
427,7376,1.868783012330042,Speed_Racer
427,5976,3.832778253912442,Speed_Racer
427,1457,5.0,Speed_Racer
427,4061,2.5129535938852587,Speed_Racer
427,5040,5.0,Speed_Racer
427,9824,3.089862946956976,Speed_Racer
427,6273,4.126047789445659,Speed_Racer
427,5791,2.5542043380063837,Speed_Racer
427,4569,2.6126591702829485,Speed_Racer
427,1617,2.3085819957175104,Speed_Racer
428,4353,1.925406826507638,Luxury_Boss
428,4071,4.668325664503385,Luxury_Boss
428,10078,2.544999160525317,Luxury_Boss
428,1793,3.512151851386669,Luxury_Boss
428,7931,2.36243972949865,Luxury_Boss
428,5857,2.3725087589793312,Luxury_Boss
428,3571,1.7249718492234867,Luxury_Boss
428,2810,4.628174404432706,Luxury_Boss
428,2483,2.050153399334891,Luxury_Boss
428,2897,3.3602896074680757,Luxury_Boss
428,8604,1.5893792254159682,Luxury_Boss
428,3517,2.0088360222227526,Luxury_Boss
428,9172,2.4316275836606915,Luxury_Boss
428,7652,2.0896790789670647,Luxury_Boss
428,10159,2.8138826024236705,Luxury_Boss
428,6183,4.730317344261622,Luxury_Boss
429,347,1.730003429568352,Budget_Student
429,69,3.1913510509943235,Budget_Student
429,7056,5.0,Budget_Student
429,4066,2.74968049847889,Budget_Student
429,3635,4.134740324497473,Budget_Student
429,512,3.1048478634871897,Budget_Student
429,2904,5.0,Budget_Student
429,471,5.0,Budget_Student
429,8454,3.7428932124979473,Budget_Student
429,7379,1.3891630746151433,Budget_Student
429,1240,3.332554579300117,Budget_Student
429,7300,4.887822808125756,Budget_Student
429,3401,3.904250863870742,Budget_Student
429,7691,1.0,Budget_Student
429,9590,4.50820591395504,Budget_Student
429,9641,1.0,Budget_Student
429,7430,2.9444014542660057,Budget_Student
429,8830,3.7974597525705294,Budget_Student
429,4856,4.443945417184001,Budget_Student
429,7219,5.0,Budget_Student
429,9496,3.2681983810364965,Budget_Student
429,9982,3.416254436385821,Budget_Student
429,4269,5.0,Budget_Student
430,6427,2.1307473085020137,Luxury_Boss
430,10244,2.360296618597096,Luxury_Boss
430,9821,2.2798772160021357,Luxury_Boss
430,7573,1.6858252537758502,Luxury_Boss
430,6952,3.2732280089009445,Luxury_Boss
430,5642,2.03701361736129,Luxury_Boss
430,4110,1.9381704840210736,Luxury_Boss
430,4484,2.3767089129642045,Luxury_Boss
430,8362,1.8009921119160994,Luxury_Boss
430,3842,3.304251460404238,Luxury_Boss
430,120,1.7533199453079564,Luxury_Boss
430,10039,1.965182451123996,Luxury_Boss
430,4384,2.048980840535437,Luxury_Boss
430,5578,2.0657703222294486,Luxury_Boss
430,3185,3.4509281013992408,Luxury_Boss
430,8717,2.2795779451691973,Luxury_Boss
430,6158,1.7226618391229822,Luxury_Boss
430,1698,2.2326130163675635,Luxury_Boss
430,3429,2.115012560863023,Luxury_Boss
430,5030,2.30345277431621,Luxury_Boss
430,6104,1.7381941660117093,Luxury_Boss
430,1395,1.8183207898824254,Luxury_Boss
430,9290,1.9644889671064028,Luxury_Boss
430,2244,2.175313994976222,Luxury_Boss
431,1422,3.3553046350009907,Speed_Racer
431,4577,5.0,Speed_Racer
431,5255,3.2455611980100394,Speed_Racer
431,6937,4.403680382257732,Speed_Racer
431,10106,3.3507671240950265,Speed_Racer
431,1274,3.4316899842744855,Speed_Racer
431,8242,3.0351407370531445,Speed_Racer
431,3413,4.404104799073871,Speed_Racer
431,2140,3.957974647553573,Speed_Racer
431,8125,3.5188720329722387,Speed_Racer
431,2970,3.5558089098138996,Speed_Racer
431,10101,3.074796972800063,Speed_Racer
431,9300,2.904272887972433,Speed_Racer
431,9211,2.981391392053538,Speed_Racer
431,7124,2.5857342926374565,Speed_Racer
431,1917,2.62427614620779,Speed_Racer
431,889,2.288622144996805,Speed_Racer
431,389,2.634526219729895,Speed_Racer
431,4576,3.3704344738925993,Speed_Racer
431,5524,2.7709496919102787,Speed_Racer
432,6461,2.5522530845175213,Budget_Student
432,9494,3.692676222419104,Budget_Student
432,6734,3.473075520540983,Budget_Student
432,5242,5.0,Budget_Student
432,10289,1.5392581127643616,Budget_Student
432,2186,3.8392267895654553,Budget_Student
432,2983,5.0,Budget_Student
432,4156,2.7132226984300276,Budget_Student
432,6947,5.0,Budget_Student
432,1892,2.829962366784731,Budget_Student
432,7753,3.4121864161913047,Budget_Student
432,5969,3.963395581640455,Budget_Student
432,5317,5.0,Budget_Student
432,10290,4.9565306801758755,Budget_Student
432,1337,3.0267615946433515,Budget_Student
432,1833,3.322720775320856,Budget_Student
432,3519,5.0,Budget_Student
432,9553,5.0,Budget_Student
432,2532,5.0,Budget_Student
432,4638,1.9735708603961681,Budget_Student
432,8030,4.945208351020991,Budget_Student
432,135,3.2103493662411675,Budget_Student
432,3312,2.584243255135534,Budget_Student
433,9826,5.0,Family_Man
433,5419,4.032113012577175,Family_Man
433,1797,4.04980732771022,Family_Man
433,1949,5.0,Family_Man
433,5514,3.2442204828918846,Family_Man
433,17,3.3856597013723233,Family_Man
433,9769,4.358880404506697,Family_Man
433,7128,5.0,Family_Man
433,9821,3.6562598637947366,Family_Man
433,482,3.999102856502426,Family_Man
433,6766,5.0,Family_Man
433,6506,3.343884170413379,Family_Man
433,6874,5.0,Family_Man
433,7156,4.763187806630963,Family_Man
433,5291,4.28385673145245,Family_Man
434,10278,2.333740405708609,Luxury_Boss
434,6658,2.295207054916755,Luxury_Boss
434,9090,3.463460754286668,Luxury_Boss
434,766,1.7821802750184432,Luxury_Boss
434,489,2.2497039354670525,Luxury_Boss
434,5676,2.471246369435118,Luxury_Boss
434,5588,1.9419596518186761,Luxury_Boss
434,3733,2.4901081346489518,Luxury_Boss
434,2947,2.626450504630601,Luxury_Boss
434,8733,1.5274356263242335,Luxury_Boss
434,8892,2.1495772846902,Luxury_Boss
434,3978,2.2195824467484435,Luxury_Boss
434,2696,2.336436537979844,Luxury_Boss
434,4558,2.8894325925619184,Luxury_Boss
434,7204,3.701079268370203,Luxury_Boss
434,8599,2.4882219214433223,Luxury_Boss
434,10150,1.8737281826460652,Luxury_Boss
434,8829,4.199714865895344,Luxury_Boss
435,9841,5.0,Budget_Student
435,7225,3.1001066411321445,Budget_Student
435,7047,5.0,Budget_Student
435,3023,3.4164902240290917,Budget_Student
435,6791,4.0120966872558705,Budget_Student
435,5767,2.8176382754897724,Budget_Student
435,1494,3.3303321183257752,Budget_Student
435,9158,3.1433291641318206,Budget_Student
435,4285,5.0,Budget_Student
435,7483,3.3439553491936946,Budget_Student
435,5599,3.4555567576807458,Budget_Student
435,8499,3.0488646212322026,Budget_Student
435,8952,3.6157268619199154,Budget_Student
435,6667,1.3983928375371213,Budget_Student
435,531,2.900152125523361,Budget_Student
435,5993,4.737911099057294,Budget_Student
435,6360,5.0,Budget_Student
435,6713,2.8464059857007804,Budget_Student
436,8126,2.008249516557348,Speed_Racer
436,3092,5.0,Speed_Racer
436,1899,1.7359676142455553,Speed_Racer
436,7783,1.6149136619195552,Speed_Racer
436,6421,4.057205450563538,Speed_Racer
436,1630,3.311751054433674,Speed_Racer
436,6002,2.141267451849066,Speed_Racer
436,5158,3.2023426545173264,Speed_Racer
436,9021,4.789067222173808,Speed_Racer
436,9416,2.906638974075181,Speed_Racer
436,3452,5.0,Speed_Racer
436,533,2.151009072448728,Speed_Racer
436,1604,5.0,Speed_Racer
436,2085,2.8332678082572635,Speed_Racer
436,1298,2.921359093827548,Speed_Racer
436,6030,2.5624549283371847,Speed_Racer
436,1762,2.8946702497937737,Speed_Racer
436,8462,2.4887916326171498,Speed_Racer
436,7354,3.8511378164682286,Speed_Racer
437,8717,2.8898685581794137,Speed_Racer
437,4024,3.54917421352385,Speed_Racer
437,6121,2.6233610672308094,Speed_Racer
437,3350,3.745586679145323,Speed_Racer
437,8172,3.1968448096443813,Speed_Racer
437,8537,3.2495282279442534,Speed_Racer
437,7916,2.1818749002750586,Speed_Racer
437,9172,1.7447972185581335,Speed_Racer
437,4374,3.3175121263979106,Speed_Racer
437,75,2.3181532616052207,Speed_Racer
437,3704,3.125277843084168,Speed_Racer
437,6286,3.1583157600638234,Speed_Racer
437,1746,2.694519664307513,Speed_Racer
437,9561,3.173428516776251,Speed_Racer
437,8222,4.4304536369304985,Speed_Racer
437,8381,2.048775054750987,Speed_Racer
437,5225,3.325376619832033,Speed_Racer
437,3094,2.098931144281366,Speed_Racer
437,9403,3.3673146700473753,Speed_Racer
437,8554,3.369793630556838,Speed_Racer
437,9441,2.7696403165010905,Speed_Racer
437,2039,2.9673260461744144,Speed_Racer
437,5574,2.810913949484415,Speed_Racer
438,9563,3.520578849874374,Luxury_Boss
438,2500,1.542342975758687,Luxury_Boss
438,3314,1.5210355106053153,Luxury_Boss
438,4333,2.1226345900502066,Luxury_Boss
438,7530,1.951553448434265,Luxury_Boss
438,8872,2.229688718900573,Luxury_Boss
438,4851,3.8994842219700883,Luxury_Boss
438,1604,2.90330406941916,Luxury_Boss
438,2279,1.725629830660559,Luxury_Boss
438,825,1.7301700092054224,Luxury_Boss
438,9372,2.076970109592115,Luxury_Boss
438,7133,1.9501990835031582,Luxury_Boss
438,1782,2.2920601696031655,Luxury_Boss
438,6532,1.5940494061483275,Luxury_Boss
438,5498,1.8578953287279478,Luxury_Boss
438,1864,1.5721800875611391,Luxury_Boss
438,168,1.7227144513550623,Luxury_Boss
438,5534,1.7898495512509727,Luxury_Boss
438,6525,2.1168151578510295,Luxury_Boss
438,2010,1.8537842473633097,Luxury_Boss
438,8119,1.604541064265794,Luxury_Boss
438,863,2.4766392295047326,Luxury_Boss
439,8541,4.198912509571767,Family_Man
439,2519,4.446036645137075,Family_Man
439,4736,5.0,Family_Man
439,8247,4.055700499560645,Family_Man
439,9475,4.259436621605019,Family_Man
439,3590,3.4256529950154064,Family_Man
439,694,4.321046185751087,Family_Man
439,6335,4.884894324659031,Family_Man
439,9063,3.205907018632167,Family_Man
439,3684,3.90682465110973,Family_Man
439,2875,5.0,Family_Man
439,3877,3.0438082551243464,Family_Man
439,4043,4.0830269396572945,Family_Man
439,6730,4.116750508265635,Family_Man
439,4894,3.9374260921354005,Family_Man
439,6406,4.144847412749368,Family_Man
439,1354,3.388139745864576,Family_Man
439,10215,3.6009979509713657,Family_Man
439,5076,5.0,Family_Man
440,7109,3.3673999732710396,Speed_Racer
440,6929,2.536133393944815,Speed_Racer
440,778,3.0165246553012386,Speed_Racer
440,1745,5.0,Speed_Racer
440,5938,2.1349977231361255,Speed_Racer
440,98,2.5600817202664397,Speed_Racer
440,6063,2.632932489797316,Speed_Racer
440,962,3.218989187898127,Speed_Racer
440,5996,3.6870174267094726,Speed_Racer
440,8854,3.458188312386683,Speed_Racer
440,2480,2.7121285012302154,Speed_Racer
440,2178,3.4093263031148253,Speed_Racer
440,1251,2.7084992874993423,Speed_Racer
440,4206,3.2499659056156514,Speed_Racer
440,2968,2.911886895535626,Speed_Racer
441,3992,2.669349609110677,Budget_Student
441,4647,2.6363464172467914,Budget_Student
441,4724,3.2455314980908874,Budget_Student
441,1308,1.1700038197683762,Budget_Student
441,4154,1.4516274109027703,Budget_Student
441,7548,5.0,Budget_Student
441,5025,3.399167810464917,Budget_Student
441,2675,4.865375288136291,Budget_Student
441,2192,2.875707908086142,Budget_Student
441,2256,3.2119567890367295,Budget_Student
441,6582,5.0,Budget_Student
441,5455,2.650899019913729,Budget_Student
441,3463,3.363197346158638,Budget_Student
441,5958,5.0,Budget_Student
441,7956,3.4920297030786323,Budget_Student
441,6328,5.0,Budget_Student
441,3747,3.0799325640707425,Budget_Student
441,5563,5.0,Budget_Student
441,7309,2.780837982166228,Budget_Student
441,3368,3.7411632248200286,Budget_Student
441,5758,3.2778668866082654,Budget_Student
441,10015,3.937548899588812,Budget_Student
441,6729,2.8964718980956716,Budget_Student
442,5835,4.434552707341295,Speed_Racer
442,7426,2.716895500205189,Speed_Racer
442,9860,3.94478621360013,Speed_Racer
442,8035,5.0,Speed_Racer
442,1563,3.0047348250913384,Speed_Racer
442,5275,3.8443583734192686,Speed_Racer
442,1979,2.560678768022913,Speed_Racer
442,1190,2.7259491201829595,Speed_Racer
442,391,3.114635545943531,Speed_Racer
442,5795,3.3004290192714194,Speed_Racer
442,4316,3.1552584580182375,Speed_Racer
442,3369,5.0,Speed_Racer
442,2329,2.5542160018379834,Speed_Racer
442,1729,3.3673824670706622,Speed_Racer
442,4799,2.728488876538292,Speed_Racer
443,10231,2.440697305393204,Luxury_Boss
443,4767,4.421498973744775,Luxury_Boss
443,4135,2.094010157241069,Luxury_Boss
443,6206,1.7300821415840066,Luxury_Boss
443,6450,3.2495000234279665,Luxury_Boss
443,3594,1.9435137122530715,Luxury_Boss
443,4047,2.871525358902643,Luxury_Boss
443,1578,5.0,Luxury_Boss
443,616,1.9136710925705889,Luxury_Boss
443,7887,3.3579975263782686,Luxury_Boss
443,1402,1.6188219363711234,Luxury_Boss
443,6529,2.912806394506056,Luxury_Boss
443,3430,1.8728324977125526,Luxury_Boss
443,9027,3.6737836043157728,Luxury_Boss
443,7710,4.327932662432086,Luxury_Boss
443,2479,1.910205377254457,Luxury_Boss
443,6992,1.8964161427195436,Luxury_Boss
444,2151,1.8816614722216893,Budget_Student
444,4311,4.750961026394108,Budget_Student
444,6090,2.815676606702933,Budget_Student
444,6961,3.1832883812213004,Budget_Student
444,7163,3.822526744369881,Budget_Student
444,4975,2.9781948110161456,Budget_Student
444,4277,3.751546058847592,Budget_Student
444,2994,3.4686487404425783,Budget_Student
444,5358,3.0333165240710147,Budget_Student
444,7890,4.995787832842226,Budget_Student
444,135,3.884326221627976,Budget_Student
444,4137,5.0,Budget_Student
444,9764,4.969163276876977,Budget_Student
444,2095,2.7333333384644725,Budget_Student
444,6119,3.241192244816138,Budget_Student
445,2195,2.6571428695847525,Budget_Student
445,7508,1.8486355234707736,Budget_Student
445,8585,2.728848084954014,Budget_Student
445,4641,5.0,Budget_Student
445,9318,2.887251349394675,Budget_Student
445,511,2.3404730238591274,Budget_Student
445,5272,1.53672647420905,Budget_Student
445,7515,5.0,Budget_Student
445,8209,3.1257684720365972,Budget_Student
445,5810,3.768673780361426,Budget_Student
445,4513,5.0,Budget_Student
445,1891,5.0,Budget_Student
445,9620,3.6361871706080375,Budget_Student
445,3413,2.684339963303299,Budget_Student
445,1088,5.0,Budget_Student
445,3384,3.114225462976889,Budget_Student
445,451,5.0,Budget_Student
445,7221,3.028259581527404,Budget_Student
445,2677,1.4731934995849405,Budget_Student
446,353,5.0,Family_Man
446,9842,4.394355962441708,Family_Man
446,1895,5.0,Family_Man
446,2248,4.8283010780306626,Family_Man
446,9386,4.7793576636618536,Family_Man
446,6936,4.888976194880561,Family_Man
446,7189,4.100856248377976,Family_Man
446,451,3.271858047531438,Family_Man
446,9344,4.516828996606498,Family_Man
446,4990,3.3633819278552934,Family_Man
446,5716,5.0,Family_Man
446,3688,4.263484364906033,Family_Man
446,3152,5.0,Family_Man
446,4350,4.627769752564074,Family_Man
446,471,4.951645489024058,Family_Man
446,4558,1.6097249887510783,Family_Man
446,1201,2.858263399227229,Family_Man
446,7003,5.0,Family_Man
446,5040,3.241138702600093,Family_Man
446,7082,5.0,Family_Man
446,8329,3.82350940288759,Family_Man
446,9703,3.3699199427158377,Family_Man
446,5776,4.291743020962393,Family_Man
446,6696,4.9982975650498,Family_Man
447,4212,2.432071611005481,Luxury_Boss
447,1353,1.9502907947638628,Luxury_Boss
447,6383,5.0,Luxury_Boss
447,3357,2.852114048763634,Luxury_Boss
447,5715,2.2577419768383273,Luxury_Boss
447,7550,1.5168614954698696,Luxury_Boss
447,8422,3.964437135349667,Luxury_Boss
447,3055,2.0088129678953357,Luxury_Boss
447,4122,1.6757897624137716,Luxury_Boss
447,1386,2.3952521847488057,Luxury_Boss
447,637,2.1436917488519525,Luxury_Boss
447,6119,2.0765433590663176,Luxury_Boss
447,4912,2.1748771425669586,Luxury_Boss
447,788,2.713830898124291,Luxury_Boss
447,3947,2.29364105889809,Luxury_Boss
447,9555,2.064680412024093,Luxury_Boss
447,2849,2.4583178811024364,Luxury_Boss
447,6878,1.786572275605129,Luxury_Boss
447,6163,2.41558322919485,Luxury_Boss
447,6083,1.9291900463653175,Luxury_Boss
447,6531,1.6835998195359498,Luxury_Boss
447,3107,1.9472066185762689,Luxury_Boss
447,7738,1.917069868708936,Luxury_Boss
447,1735,3.324001416103375,Luxury_Boss
448,9562,1.0,Eco_Warrior
448,9820,1.3596678297681877,Eco_Warrior
448,6042,2.244749288346946,Eco_Warrior
448,6324,3.4116687519379405,Eco_Warrior
448,5725,3.1293483255435426,Eco_Warrior
448,8601,1.0,Eco_Warrior
448,7164,2.851732794426422,Eco_Warrior
448,8326,2.8015781912114224,Eco_Warrior
448,3442,2.652104257718004,Eco_Warrior
448,9226,2.8395542945733645,Eco_Warrior
448,4324,2.851885013370124,Eco_Warrior
448,5700,3.2882360278521268,Eco_Warrior
448,2534,1.5843825751379486,Eco_Warrior
448,8960,1.3935668393012397,Eco_Warrior
448,2865,3.4215282603041635,Eco_Warrior
448,3567,1.0,Eco_Warrior
449,5567,1.681721462547762,Luxury_Boss
449,2734,2.1030727161923775,Luxury_Boss
449,1681,2.490631104426969,Luxury_Boss
449,3593,2.8524864049888756,Luxury_Boss
449,7719,3.053272017566438,Luxury_Boss
449,3118,1.5530950015464084,Luxury_Boss
449,8625,1.6377040618502354,Luxury_Boss
449,7051,2.214952521061934,Luxury_Boss
449,4303,2.0873861366135014,Luxury_Boss
449,1035,1.8738165883390026,Luxury_Boss
449,3741,1.8404583377359804,Luxury_Boss
449,5871,1.5150858886266791,Luxury_Boss
449,9065,2.3130660918181016,Luxury_Boss
449,4999,2.4249894861747054,Luxury_Boss
449,8024,4.106216573776629,Luxury_Boss
449,5977,1.5071072049287253,Luxury_Boss
449,5438,1.9065661003464882,Luxury_Boss
449,1291,2.070669907727452,Luxury_Boss
449,3469,3.5912669777189272,Luxury_Boss
449,6936,4.513261159445994,Luxury_Boss
450,3644,5.0,Budget_Student
450,10131,4.968797793808539,Budget_Student
450,10166,2.7393062826882977,Budget_Student
450,9242,3.57707718304197,Budget_Student
450,6886,3.0877085163678735,Budget_Student
450,4875,5.0,Budget_Student
450,8027,3.2141240415750882,Budget_Student
450,556,1.5713610190365068,Budget_Student
450,4142,4.076340279121423,Budget_Student
450,1672,4.8656674173967405,Budget_Student
450,8997,4.952829759091649,Budget_Student
450,6125,3.149525739852829,Budget_Student
450,3847,1.289633709343206,Budget_Student
450,8726,2.6545975844714,Budget_Student
450,5169,4.864389671133875,Budget_Student
450,8975,2.773454550315979,Budget_Student
450,7748,1.4544308762714422,Budget_Student
450,2273,3.635640536702194,Budget_Student
450,5352,3.198223271978277,Budget_Student
450,500,2.7898240569372508,Budget_Student
451,5713,4.783899270133258,Luxury_Boss
451,3692,1.992573501792517,Luxury_Boss
451,2734,2.0152408747415302,Luxury_Boss
451,5644,2.4758035615278526,Luxury_Boss
451,4312,1.506199650253532,Luxury_Boss
451,4865,2.256683491964332,Luxury_Boss
451,6793,1.7672947017868128,Luxury_Boss
451,2556,4.816152011570751,Luxury_Boss
451,7551,1.928536179496004,Luxury_Boss
451,1403,1.5500165569741284,Luxury_Boss
451,6143,2.002009449078276,Luxury_Boss
451,4855,2.221969308709302,Luxury_Boss
451,46,2.2571494682909794,Luxury_Boss
451,7436,2.3092450847577535,Luxury_Boss
451,5222,1.5728103865099277,Luxury_Boss
451,8793,3.6109569019933963,Luxury_Boss
451,8924,2.1949167876612528,Luxury_Boss
451,5982,2.0137018305989427,Luxury_Boss
451,2169,1.6050454856559306,Luxury_Boss
451,3025,1.8553227796124636,Luxury_Boss
452,9563,1.228991059484663,Budget_Student
452,9408,5.0,Budget_Student
452,7000,5.0,Budget_Student
452,9350,3.387271239869469,Budget_Student
452,2386,5.0,Budget_Student
452,9374,5.0,Budget_Student
452,9685,4.550381861557033,Budget_Student
452,7418,5.0,Budget_Student
452,6009,2.784089968608668,Budget_Student
452,6532,3.3042270909194036,Budget_Student
452,2853,3.167043234516494,Budget_Student
452,1205,3.400712261254379,Budget_Student
452,8372,3.6255667753939878,Budget_Student
452,8837,2.5113313336747543,Budget_Student
452,5901,3.19116998408193,Budget_Student
452,9203,2.6600848535546544,Budget_Student
452,6168,3.67813163781685,Budget_Student
452,10257,3.643733771807732,Budget_Student
452,3862,5.0,Budget_Student
452,3036,5.0,Budget_Student
452,9654,2.5310964076920595,Budget_Student
452,2516,1.4948496094987893,Budget_Student
452,4021,1.0,Budget_Student
453,7121,2.641599091851191,Budget_Student
453,8600,4.615388245843216,Budget_Student
453,2433,2.892003378486376,Budget_Student
453,5007,3.4150710136942988,Budget_Student
453,8260,5.0,Budget_Student
453,4086,5.0,Budget_Student
453,8968,3.210377670604019,Budget_Student
453,5752,3.4193297530447864,Budget_Student
453,4845,3.0475951203164136,Budget_Student
453,7489,3.179254525458762,Budget_Student
453,6009,2.883549544199055,Budget_Student
453,6593,2.5960168052121206,Budget_Student
453,4744,5.0,Budget_Student
453,518,4.968729082586752,Budget_Student
453,8791,3.6024847978553107,Budget_Student
453,4625,2.9925224323491117,Budget_Student
453,10155,3.368852461405621,Budget_Student
453,6596,3.258055729205613,Budget_Student
453,8134,1.9904253707567308,Budget_Student
453,9255,3.1226427976852125,Budget_Student
453,2029,3.0737387504020472,Budget_Student
453,4995,2.5717005542424696,Budget_Student
453,2201,5.0,Budget_Student
453,5147,1.3303084659053757,Budget_Student
454,3203,2.760623508583641,Luxury_Boss
454,4554,2.4427925720264136,Luxury_Boss
454,2684,2.488610083996281,Luxury_Boss
454,373,2.265466004207875,Luxury_Boss
454,7126,2.4575673229446435,Luxury_Boss
454,4256,1.6660133551265677,Luxury_Boss
454,7051,2.3768577037308414,Luxury_Boss
454,1761,3.11754560852111,Luxury_Boss
454,6726,1.9254762003396317,Luxury_Boss
454,1732,2.424718725182552,Luxury_Boss
454,4744,1.9072192871069882,Luxury_Boss
454,9905,1.6443751724462519,Luxury_Boss
454,4430,3.022925049033467,Luxury_Boss
454,946,1.6897307210192347,Luxury_Boss
454,250,2.4942731209431015,Luxury_Boss
454,3374,2.029553383684067,Luxury_Boss
454,8010,1.9917748758424985,Luxury_Boss
454,9063,2.059938423008094,Luxury_Boss
454,4837,2.1518640840688166,Luxury_Boss
455,9749,3.1377782375229684,Family_Man
455,5571,4.232539674412113,Family_Man
455,7250,4.543587837574006,Family_Man
455,2106,4.448404305439987,Family_Man
455,7161,4.984864511504566,Family_Man
455,2004,4.764171768337055,Family_Man
455,9127,4.012407592291748,Family_Man
455,5728,3.173722905078701,Family_Man
455,7138,3.9031838247967947,Family_Man
455,4156,3.464215236374602,Family_Man
455,671,4.349888815581554,Family_Man
455,8830,4.9654496277350475,Family_Man
455,2538,4.251283943966511,Family_Man
455,123,4.0762523469718825,Family_Man
455,4269,5.0,Family_Man
455,8691,5.0,Family_Man
455,9035,4.44982469687638,Family_Man
455,2999,2.7862837009789603,Family_Man
456,3305,4.114071205666725,Luxury_Boss
456,9387,2.590527341978293,Luxury_Boss
456,10107,1.509025685813853,Luxury_Boss
456,9945,2.41711942240512,Luxury_Boss
456,9041,2.108348067030283,Luxury_Boss
456,956,2.144281907301267,Luxury_Boss
456,9018,4.3852190522040395,Luxury_Boss
456,9436,1.8909461309837234,Luxury_Boss
456,999,1.955778617389375,Luxury_Boss
456,1823,2.5314280372874904,Luxury_Boss
456,394,3.1799277456690627,Luxury_Boss
456,8199,2.4220987467462844,Luxury_Boss
456,5485,2.3467417901347303,Luxury_Boss
456,3571,1.5490130683630727,Luxury_Boss
456,8984,2.4990805263963822,Luxury_Boss
456,1955,2.450031488065002,Luxury_Boss
456,7855,1.8067479592326294,Luxury_Boss
456,8567,2.4054413788206364,Luxury_Boss
456,4403,2.2758468478028417,Luxury_Boss
456,2362,2.48673110174578,Luxury_Boss
456,9612,2.2080804732985064,Luxury_Boss
457,5629,5.0,Luxury_Boss
457,4638,4.111286731909852,Luxury_Boss
457,8925,1.521271320254478,Luxury_Boss
457,9225,4.379955937798529,Luxury_Boss
457,9406,1.822645857313078,Luxury_Boss
457,3369,2.796487803225811,Luxury_Boss
457,3329,2.10179108744871,Luxury_Boss
457,817,1.693766398153452,Luxury_Boss
457,226,1.5191156134345318,Luxury_Boss
457,2599,1.6811057610093212,Luxury_Boss
457,6014,2.300616684980292,Luxury_Boss
457,8485,2.074030554167324,Luxury_Boss
457,6997,3.8144430575307893,Luxury_Boss
457,10231,1.586273600931071,Luxury_Boss
457,1370,2.546933202723958,Luxury_Boss
458,7582,4.091447324522626,Family_Man
458,8663,4.296652101805088,Family_Man
458,587,4.610544572686189,Family_Man
458,1954,5.0,Family_Man
458,6668,5.0,Family_Man
458,897,4.165932043519661,Family_Man
458,59,5.0,Family_Man
458,2189,3.3785961580766153,Family_Man
458,9246,3.853277661062024,Family_Man
458,8842,4.843689067421091,Family_Man
458,761,5.0,Family_Man
458,5710,5.0,Family_Man
458,6584,5.0,Family_Man
458,2567,3.7037557069314664,Family_Man
458,6706,5.0,Family_Man
459,1002,3.385477347411766,Speed_Racer
459,6028,3.608928960083563,Speed_Racer
459,5034,3.4701569419609375,Speed_Racer
459,9270,3.257427652314179,Speed_Racer
459,8857,2.1099108705161016,Speed_Racer
459,7905,4.892999988727564,Speed_Racer
459,3177,2.0533353289726106,Speed_Racer
459,4856,3.1888434593991093,Speed_Racer
459,4033,2.785861006599772,Speed_Racer
459,2074,2.838020158957294,Speed_Racer
459,3239,5.0,Speed_Racer
459,4918,3.4987027962366546,Speed_Racer
459,8540,5.0,Speed_Racer
459,4143,4.523183596511215,Speed_Racer
459,7947,2.6648222000749158,Speed_Racer
460,2874,3.223501234879668,Speed_Racer
460,8103,3.0715891751136803,Speed_Racer
460,721,3.894793706011286,Speed_Racer
460,1784,2.5950286127225475,Speed_Racer
460,2205,3.49783277955221,Speed_Racer
460,7610,3.9813762484143433,Speed_Racer
460,9768,3.209466465988128,Speed_Racer
460,6032,2.986663835693351,Speed_Racer
460,9622,2.6327673997825265,Speed_Racer
460,6732,2.781220852587166,Speed_Racer
460,3957,3.8848889015648584,Speed_Racer
460,2793,3.291967668706993,Speed_Racer
460,9029,3.0854929490349785,Speed_Racer
460,7420,2.7010128470084998,Speed_Racer
460,3745,2.645087112890095,Speed_Racer
460,5460,3.316558715785147,Speed_Racer
460,8302,2.9399956083033705,Speed_Racer
461,9220,2.6781309691144273,Speed_Racer
461,5005,3.354177317475979,Speed_Racer
461,7520,3.198764263953602,Speed_Racer
461,323,2.0865452945001195,Speed_Racer
461,2346,3.2203914070693807,Speed_Racer
461,2816,3.910335618859053,Speed_Racer
461,5713,3.9694112832526565,Speed_Racer
461,9181,4.443329845868384,Speed_Racer
461,683,3.4502111133802607,Speed_Racer
461,1060,3.272889709792683,Speed_Racer
461,10168,3.290475214232426,Speed_Racer
461,4679,2.862145697180476,Speed_Racer
461,6645,2.8093774452218763,Speed_Racer
461,636,2.1045310389265626,Speed_Racer
461,8965,3.7794559539127732,Speed_Racer
461,5848,2.8538251963266776,Speed_Racer
461,1204,3.9957156542236576,Speed_Racer
461,960,3.5867474928575405,Speed_Racer
461,851,2.6384060704827683,Speed_Racer
461,1924,3.2279176062629578,Speed_Racer
461,9104,3.432973503522876,Speed_Racer
461,2428,3.635262220357587,Speed_Racer
461,2023,3.1953741134936875,Speed_Racer
462,2942,3.043353880271753,Eco_Warrior
462,8899,1.0,Eco_Warrior
462,471,1.2551147731645886,Eco_Warrior
462,9939,1.0658434979429823,Eco_Warrior
462,2418,1.268462923286485,Eco_Warrior
462,8178,1.0545267761434614,Eco_Warrior
462,9866,1.0,Eco_Warrior
462,8197,1.9418065212928763,Eco_Warrior
462,1734,2.6670183640199925,Eco_Warrior
462,10119,2.5223169447713127,Eco_Warrior
462,6098,1.4771547267837142,Eco_Warrior
462,4705,3.2858564601013067,Eco_Warrior
462,6309,1.0,Eco_Warrior
462,7245,3.195338628415165,Eco_Warrior
462,864,3.005460882476121,Eco_Warrior
462,1564,3.1515538291950342,Eco_Warrior
462,2905,1.5315886628013886,Eco_Warrior
462,10215,2.634754536893163,Eco_Warrior
463,2353,4.0526566930970676,Speed_Racer
463,6520,2.4154744626789495,Speed_Racer
463,3835,3.028895394531639,Speed_Racer
463,3134,3.5190005058474396,Speed_Racer
463,3131,2.4344399212494507,Speed_Racer
463,9887,3.0931436018075282,Speed_Racer
463,2723,2.8996761466811387,Speed_Racer
463,1297,5.0,Speed_Racer
463,4220,2.908884414999402,Speed_Racer
463,9802,2.889839650549094,Speed_Racer
463,6913,2.955244130527589,Speed_Racer
463,8288,5.0,Speed_Racer
463,9983,2.3702832988881073,Speed_Racer
463,8802,2.3278069638796643,Speed_Racer
463,9183,2.5021604345694493,Speed_Racer
463,9620,3.1646861207813743,Speed_Racer
463,9204,2.4085667733637544,Speed_Racer
463,9673,4.654213456992328,Speed_Racer
463,6006,3.224058249497282,Speed_Racer
463,9715,3.5046712777115268,Speed_Racer
463,2818,2.8942354800474868,Speed_Racer
463,293,3.8685343107437626,Speed_Racer
463,4361,2.637905482944017,Speed_Racer
464,4759,1.9275140491542964,Budget_Student
464,1516,2.6177952767196873,Budget_Student
464,9427,3.85978626599911,Budget_Student
464,8802,5.0,Budget_Student
464,7743,5.0,Budget_Student
464,6702,3.4249523802818964,Budget_Student
464,8849,3.314529678803612,Budget_Student
464,814,2.6134665497018794,Budget_Student
464,1378,2.8244434601322306,Budget_Student
464,8322,4.904164020527617,Budget_Student
464,3370,4.862342472997076,Budget_Student
464,8885,5.0,Budget_Student
464,4816,1.0,Budget_Student
464,9107,2.5086058693772664,Budget_Student
464,3493,5.0,Budget_Student
464,1937,3.579813721455423,Budget_Student
464,4735,4.365952387767057,Budget_Student
464,8740,2.95103495712631,Budget_Student
464,9246,3.5756597336393536,Budget_Student
465,3045,2.507249800773042,Family_Man
465,8220,5.0,Family_Man
465,10101,2.591961182479383,Family_Man
465,5194,5.0,Family_Man
465,9294,4.7491489422545845,Family_Man
465,5136,5.0,Family_Man
465,5163,4.0927796522756275,Family_Man
465,9205,4.46504223137241,Family_Man
465,6745,2.7535489273719334,Family_Man
465,7933,4.755461418664857,Family_Man
465,5897,5.0,Family_Man
465,1995,4.600572615509302,Family_Man
465,9004,3.473648001606883,Family_Man
465,5543,4.378427301248194,Family_Man
465,8181,3.980365473524131,Family_Man
465,7927,2.6960355435453076,Family_Man
465,9069,4.003497386535543,Family_Man
465,1754,5.0,Family_Man
465,1860,4.636582976078957,Family_Man
465,1063,4.067094113988884,Family_Man
466,6264,2.6398712592456266,Eco_Warrior
466,9693,1.0,Eco_Warrior
466,5477,3.4407821639679277,Eco_Warrior
466,4963,1.050752917387448,Eco_Warrior
466,8948,2.5649009182422398,Eco_Warrior
466,806,2.5086218406577983,Eco_Warrior
466,7845,1.2457719438339954,Eco_Warrior
466,6181,2.7467174743814398,Eco_Warrior
466,948,1.0,Eco_Warrior
466,6189,3.1325785189726965,Eco_Warrior
466,5309,1.0,Eco_Warrior
466,7442,2.6336254103658887,Eco_Warrior
466,8693,2.56282852032536,Eco_Warrior
466,2875,3.339216326690089,Eco_Warrior
466,7329,2.5019407968978298,Eco_Warrior
466,2949,3.0354032655162246,Eco_Warrior
466,425,1.220078437388159,Eco_Warrior
466,9740,3.4160836037571727,Eco_Warrior
466,5738,1.0,Eco_Warrior
466,5225,2.6562097410329555,Eco_Warrior
466,9043,1.1564058322137338,Eco_Warrior
467,3731,3.070872250932996,Speed_Racer
467,6897,3.1617853091716945,Speed_Racer
467,3953,3.5566716847849915,Speed_Racer
467,9113,4.047821260468678,Speed_Racer
467,6472,3.5702676420099557,Speed_Racer
467,3087,2.7053502261741214,Speed_Racer
467,3992,3.317892111163065,Speed_Racer
467,3417,2.6116705808098915,Speed_Racer
467,3387,2.7247993316174335,Speed_Racer
467,2017,3.4069914665317,Speed_Racer
467,4314,2.738826857077693,Speed_Racer
467,9482,3.335939061212392,Speed_Racer
467,7577,3.3010694813960826,Speed_Racer
467,283,2.6791155567091653,Speed_Racer
467,8867,2.079822439000732,Speed_Racer
467,3661,3.0579853700148423,Speed_Racer
467,5201,3.537180530160885,Speed_Racer
467,4525,2.452118827921619,Speed_Racer
467,3381,2.557151560845459,Speed_Racer
467,7811,2.553066533345164,Speed_Racer
468,1324,4.100847613575352,Family_Man
468,8731,4.746380540083271,Family_Man
468,2243,4.273071705105539,Family_Man
468,8217,3.655329043171119,Family_Man
468,8729,4.159829842010644,Family_Man
468,3319,1.3355061964955521,Family_Man
468,745,5.0,Family_Man
468,9,4.4502068030196344,Family_Man
468,6990,3.4863755650562087,Family_Man
468,233,3.253197338006189,Family_Man
468,9231,1.0988037009788991,Family_Man
468,2218,4.137978152647107,Family_Man
468,2737,1.0472297857162294,Family_Man
468,7370,2.646900426672037,Family_Man
468,3473,3.6956744624623754,Family_Man
468,249,5.0,Family_Man
468,9263,4.162378388745777,Family_Man
468,3041,4.179537965294996,Family_Man
468,8675,4.444818441060446,Family_Man
468,8978,4.446105927675893,Family_Man
468,206,5.0,Family_Man
468,8256,3.725023557621807,Family_Man
468,3071,5.0,Family_Man
468,4985,4.454469865592924,Family_Man
469,6754,3.720350546870889,Budget_Student
469,4221,5.0,Budget_Student
469,7383,2.5062089705003614,Budget_Student
469,10121,4.870778960694383,Budget_Student
469,7258,1.3783175080546266,Budget_Student
469,7578,1.6774411929915294,Budget_Student
469,9241,5.0,Budget_Student
469,5637,3.1282006341372908,Budget_Student
469,9774,2.9518389368452147,Budget_Student
469,2260,3.3548301104674048,Budget_Student
469,7005,5.0,Budget_Student
469,4114,2.5361989922656725,Budget_Student
469,10042,4.690683186619896,Budget_Student
469,1576,2.6771851016746604,Budget_Student
469,6740,4.650047386810594,Budget_Student
469,5015,3.816609979098336,Budget_Student
469,9745,5.0,Budget_Student
469,94,2.9607097568333995,Budget_Student
469,4069,3.70314851074317,Budget_Student
469,1849,5.0,Budget_Student
469,8380,3.0380548341818825,Budget_Student
469,2568,1.6346978292323104,Budget_Student
470,1395,3.080198212144966,Budget_Student
470,6588,2.7729493595731873,Budget_Student
470,2267,3.2474201292365543,Budget_Student
470,4865,2.8083608023377393,Budget_Student
470,3706,1.5186428308369424,Budget_Student
470,5466,3.85594396411165,Budget_Student
470,2770,5.0,Budget_Student
470,8704,5.0,Budget_Student
470,9419,5.0,Budget_Student
470,2285,5.0,Budget_Student
470,4460,1.0,Budget_Student
470,2664,3.43248292325375,Budget_Student
470,9080,2.523158171507384,Budget_Student
470,9476,2.8943017704065586,Budget_Student
470,2194,4.986071713465449,Budget_Student
470,135,3.7576867370006424,Budget_Student
470,6044,3.03874753827863,Budget_Student
470,3727,5.0,Budget_Student
471,4404,1.2846105654497402,Budget_Student
471,7674,2.6059025686104342,Budget_Student
471,4865,3.44567657473318,Budget_Student
471,3340,3.405363213138423,Budget_Student
471,8217,3.0941117145931756,Budget_Student
471,4855,5.0,Budget_Student
471,8250,3.303936334968341,Budget_Student
471,6640,5.0,Budget_Student
471,1451,5.0,Budget_Student
471,6176,3.8952770372618986,Budget_Student
471,9552,4.411667483723552,Budget_Student
471,1561,2.8070883129355284,Budget_Student
471,1824,2.658815971437828,Budget_Student
471,6792,2.5411292404729044,Budget_Student
471,4110,5.0,Budget_Student
471,6273,2.6121967785006994,Budget_Student
471,6663,5.0,Budget_Student
471,9774,2.71015601171335,Budget_Student
471,8657,5.0,Budget_Student
471,1062,2.9794635216470464,Budget_Student
471,7225,2.727530311023978,Budget_Student
471,3214,2.6138673797319685,Budget_Student
471,8027,3.617877162308009,Budget_Student
471,1277,2.7016376772158894,Budget_Student
472,5279,4.036485032384582,Family_Man
472,714,5.0,Family_Man
472,637,4.194690945625672,Family_Man
472,2934,2.6015891232184734,Family_Man
472,3983,4.193760012034202,Family_Man
472,9400,3.392091812746515,Family_Man
472,3087,5.0,Family_Man
472,7204,4.012754340469446,Family_Man
472,2487,3.37175257707802,Family_Man
472,2129,4.309204458405198,Family_Man
472,1873,4.195390076884347,Family_Man
472,760,4.002482518325165,Family_Man
472,3137,4.009616732096355,Family_Man
472,2990,5.0,Family_Man
472,8101,3.5011448424960028,Family_Man
472,8746,4.269640933635317,Family_Man
472,5181,3.9867431071485764,Family_Man
472,2416,3.6076551805820727,Family_Man
473,3193,2.830186310969078,Speed_Racer
473,1638,2.411449009612296,Speed_Racer
473,6887,3.6426556556028586,Speed_Racer
473,86,4.33532009678757,Speed_Racer
473,858,2.752142350611045,Speed_Racer
473,3126,3.5767110243544264,Speed_Racer
473,3021,5.0,Speed_Racer
473,5857,3.4748161362640024,Speed_Racer
473,10177,3.9747122152531857,Speed_Racer
473,8837,2.3486734859641616,Speed_Racer
473,8737,3.736034941376664,Speed_Racer
473,765,3.226776341172689,Speed_Racer
473,6475,2.657882125480397,Speed_Racer
473,3011,4.477197879536677,Speed_Racer
473,6604,3.3602355998466336,Speed_Racer
473,1025,2.2858007985762265,Speed_Racer
473,4701,1.617891845078598,Speed_Racer
473,3922,3.3248688943855047,Speed_Racer
473,9397,3.236101063479333,Speed_Racer
474,3182,5.0,Budget_Student
474,5853,3.0262679518023115,Budget_Student
474,2253,1.4276622843402365,Budget_Student
474,7386,5.0,Budget_Student
474,3168,5.0,Budget_Student
474,727,3.4489901665986515,Budget_Student
474,8517,3.0906860588914338,Budget_Student
474,4744,5.0,Budget_Student
474,5503,2.862042372578994,Budget_Student
474,6839,3.7417185024514232,Budget_Student
474,2973,5.0,Budget_Student
474,210,3.064919244706755,Budget_Student
474,521,3.9497682888563617,Budget_Student
474,5821,3.586644316564918,Budget_Student
474,1260,3.1348595183973913,Budget_Student
474,7396,3.380010984633442,Budget_Student
474,9514,5.0,Budget_Student
474,10040,1.0,Budget_Student
474,6636,3.136242021118437,Budget_Student
474,6614,2.6750207471003695,Budget_Student
474,3452,1.7030469978061906,Budget_Student
474,7971,5.0,Budget_Student
474,3003,1.2320059937465586,Budget_Student
475,7470,2.088983991910127,Luxury_Boss
475,5716,1.9557365686078945,Luxury_Boss
475,7293,2.0269255251319565,Luxury_Boss
475,7753,2.468816998577902,Luxury_Boss
475,7860,2.2917705685903034,Luxury_Boss
475,6362,3.303434153623427,Luxury_Boss
475,2591,1.7517531153070176,Luxury_Boss
475,9583,2.1997349714451326,Luxury_Boss
475,908,1.9257647547305645,Luxury_Boss
475,4142,1.8224235161755171,Luxury_Boss
475,7971,2.469355050703513,Luxury_Boss
475,5905,2.131495011491056,Luxury_Boss
475,4106,2.4342766314215916,Luxury_Boss
475,7812,3.5298008583646334,Luxury_Boss
475,8712,3.7162778950327526,Luxury_Boss
475,1708,1.700481572551677,Luxury_Boss
475,1585,1.7685638250539304,Luxury_Boss
475,5215,2.4962781352884775,Luxury_Boss
475,5281,2.010432915882325,Luxury_Boss
475,210,4.228807766649133,Luxury_Boss
475,5740,1.996711606481393,Luxury_Boss
476,9711,5.0,Family_Man
476,7546,5.0,Family_Man
476,7593,4.191512864884627,Family_Man
476,9189,4.466672664489236,Family_Man
476,3261,4.126740625641618,Family_Man
476,1963,4.415984913414486,Family_Man
476,9707,4.782926187660844,Family_Man
476,349,3.372633117362662,Family_Man
476,6479,5.0,Family_Man
476,6470,4.478674289843062,Family_Man
476,5385,4.49218828738368,Family_Man
476,9509,3.1393385419643485,Family_Man
476,4730,4.085265473122,Family_Man
476,5052,3.8650625894933617,Family_Man
476,1750,3.1660359600184256,Family_Man
476,3592,3.155270224489541,Family_Man
476,3756,5.0,Family_Man
476,8237,4.255999173504637,Family_Man
476,10261,3.152112100994436,Family_Man
476,9070,5.0,Family_Man
477,915,2.7021854070127094,Budget_Student
477,5007,3.4598368514193862,Budget_Student
477,5938,3.4206102101753526,Budget_Student
477,2724,4.041210107652073,Budget_Student
477,6269,3.672360150713763,Budget_Student
477,4385,3.251698217351635,Budget_Student
477,2922,3.5337295030258695,Budget_Student
477,5390,3.08264426327686,Budget_Student
477,7940,5.0,Budget_Student
477,4558,1.2972454873724826,Budget_Student
477,9125,4.887842478476022,Budget_Student
477,7798,5.0,Budget_Student
477,8814,1.403807585844044,Budget_Student
477,7469,3.5709400251277907,Budget_Student
477,6308,2.5650468641127055,Budget_Student
477,28,2.911705303238924,Budget_Student
477,3480,3.1500310946091967,Budget_Student
478,9159,2.0013456918587824,Speed_Racer
478,2148,2.2075130650015264,Speed_Racer
478,8038,5.0,Speed_Racer
478,3741,3.062536309505428,Speed_Racer
478,9076,2.8645747793084833,Speed_Racer
478,294,3.1365138077334116,Speed_Racer
478,5729,2.4028199725634334,Speed_Racer
478,7200,3.25635544297849,Speed_Racer
478,5813,2.849497805347416,Speed_Racer
478,4653,2.016635425764708,Speed_Racer
478,4962,3.4635430912811898,Speed_Racer
478,7005,4.43564144877577,Speed_Racer
478,789,2.8347350730266374,Speed_Racer
478,2184,2.942879418864605,Speed_Racer
478,8713,2.845431893827599,Speed_Racer
478,674,2.282836550009385,Speed_Racer
479,8799,3.243742135164271,Budget_Student
479,6339,1.9582070229158006,Budget_Student
479,772,3.0769089050583243,Budget_Student
479,10139,3.432020618415333,Budget_Student
479,8366,4.756955269488715,Budget_Student
479,4902,3.4611500924077787,Budget_Student
479,8974,5.0,Budget_Student
479,7281,2.515379309598875,Budget_Student
479,1429,4.512579916538686,Budget_Student
479,3449,3.4938162402704602,Budget_Student
479,2103,3.1964165057935805,Budget_Student
479,5179,3.408185646740298,Budget_Student
479,7806,5.0,Budget_Student
479,10130,1.0051171587561853,Budget_Student
479,3477,1.4750381231366911,Budget_Student
479,8871,3.0837380333679203,Budget_Student
479,1506,3.6562996139532418,Budget_Student
479,9256,3.970780041932453,Budget_Student
479,2480,3.0607397342968707,Budget_Student
479,1565,3.024946413596817,Budget_Student
480,6883,1.8793857465866726,Luxury_Boss
480,9610,3.528154169066867,Luxury_Boss
480,9494,2.0191237680627165,Luxury_Boss
480,3997,2.2429465385883045,Luxury_Boss
480,4663,4.092051290930765,Luxury_Boss
480,10063,1.743567291611836,Luxury_Boss
480,764,2.9456229497539734,Luxury_Boss
480,3982,2.850892000760107,Luxury_Boss
480,67,1.9028070523887717,Luxury_Boss
480,9171,3.1184555462702948,Luxury_Boss
480,1074,1.9546831028307956,Luxury_Boss
480,8128,1.5277911501258754,Luxury_Boss
480,5431,1.7850302422888995,Luxury_Boss
480,3405,4.7203405369570675,Luxury_Boss
480,6391,2.37384306143805,Luxury_Boss
480,5126,4.777384410918186,Luxury_Boss
480,2377,2.093651200200485,Luxury_Boss
480,6329,3.2504118928933776,Luxury_Boss
480,9784,2.4394131192423667,Luxury_Boss
480,8036,2.0971938014881393,Luxury_Boss
480,2815,3.2958264320860526,Luxury_Boss
480,5238,2.9443525220078968,Luxury_Boss
480,746,1.675369692660948,Luxury_Boss
481,10022,5.0,Family_Man
481,9221,4.040209630846843,Family_Man
481,3560,4.196148824088503,Family_Man
481,9078,4.004930878341334,Family_Man
481,10254,5.0,Family_Man
481,7431,4.416419494759086,Family_Man
481,440,5.0,Family_Man
481,9584,5.0,Family_Man
481,3626,5.0,Family_Man
481,5872,3.6606758507463812,Family_Man
481,2958,3.3586820025576483,Family_Man
481,4782,2.9482810884165414,Family_Man
481,5594,5.0,Family_Man
481,8749,2.7420377662920963,Family_Man
481,2329,5.0,Family_Man
482,8008,2.7130873598158756,Eco_Warrior
482,9886,3.489869995182554,Eco_Warrior
482,6634,2.838639774963871,Eco_Warrior
482,303,3.069752887777705,Eco_Warrior
482,2697,1.4503616465088123,Eco_Warrior
482,7116,1.2908279447749345,Eco_Warrior
482,8299,2.7999970885018057,Eco_Warrior
482,6027,3.2273404177417633,Eco_Warrior
482,8611,2.863219122632953,Eco_Warrior
482,967,1.0,Eco_Warrior
482,1552,3.3015946928093007,Eco_Warrior
482,8454,2.9554675092815397,Eco_Warrior
482,2462,3.4297725009734283,Eco_Warrior
482,8176,1.0,Eco_Warrior
482,4375,3.1570976671759095,Eco_Warrior
482,6259,3.051631282780932,Eco_Warrior
482,737,1.2145836139875064,Eco_Warrior
482,8800,3.2662719694450235,Eco_Warrior
482,1788,3.137940851067883,Eco_Warrior
482,1639,2.5567925415366903,Eco_Warrior
482,8683,1.0,Eco_Warrior
483,232,3.4597280187174118,Speed_Racer
483,7719,3.421529705697643,Speed_Racer
483,5853,3.2967167102458315,Speed_Racer
483,9990,2.874808759176948,Speed_Racer
483,993,1.8226707273495768,Speed_Racer
483,6548,3.321012987517491,Speed_Racer
483,2724,2.674912356532511,Speed_Racer
483,7575,3.262922861505553,Speed_Racer
483,8387,2.5890105542390325,Speed_Racer
483,4154,2.630203355073265,Speed_Racer
483,10230,3.247586830439714,Speed_Racer
483,8370,2.274928342487343,Speed_Racer
483,9768,3.0697741334645414,Speed_Racer
483,430,5.0,Speed_Racer
483,2983,2.8798115489881164,Speed_Racer
483,6917,1.7438728462831428,Speed_Racer
483,3341,2.9637741215371007,Speed_Racer
483,4468,2.6133416394571456,Speed_Racer
483,10228,2.857659465389631,Speed_Racer
483,5566,2.7418532239637234,Speed_Racer
483,5064,2.8462756349617724,Speed_Racer
483,536,3.1904587812914125,Speed_Racer
483,7565,5.0,Speed_Racer
484,6791,5.0,Family_Man
484,9976,4.438293350395618,Family_Man
484,4801,3.218682639705935,Family_Man
484,1244,5.0,Family_Man
484,4269,5.0,Family_Man
484,8922,4.906761423645311,Family_Man
484,1785,3.1693332834513916,Family_Man
484,4593,5.0,Family_Man
484,4740,1.5981845283831566,Family_Man
484,3078,2.958223132464138,Family_Man
484,837,5.0,Family_Man
484,6938,3.735416112575759,Family_Man
484,3355,5.0,Family_Man
484,2629,4.033075812730936,Family_Man
484,4282,5.0,Family_Man
484,3775,1.2715683261953672,Family_Man
484,2076,3.31550649266246,Family_Man
485,9221,1.710612392953901,Eco_Warrior
485,1973,1.0,Eco_Warrior
485,9005,1.0,Eco_Warrior
485,9715,1.8026176841135704,Eco_Warrior
485,222,1.0,Eco_Warrior
485,6111,3.15753640381967,Eco_Warrior
485,3718,2.6091341678344975,Eco_Warrior
485,7392,3.0090002810330647,Eco_Warrior
485,3398,3.0840977266342735,Eco_Warrior
485,2735,2.6357968329701498,Eco_Warrior
485,5693,2.2742849676486734,Eco_Warrior
485,3200,1.122035152386264,Eco_Warrior
485,4661,1.0,Eco_Warrior
485,978,2.8356104853085817,Eco_Warrior
485,4288,1.0,Eco_Warrior
485,6354,3.0483578345335296,Eco_Warrior
485,8294,1.9473942663351866,Eco_Warrior
485,7072,3.3161982477644307,Eco_Warrior
485,8498,3.3923999813306143,Eco_Warrior
485,2502,4.1539122874063255,Eco_Warrior
486,7286,2.605405993109872,Eco_Warrior
486,341,3.4732097651780065,Eco_Warrior
486,9602,2.907323023386509,Eco_Warrior
486,10138,2.9026749512605687,Eco_Warrior
486,6278,2.616052918372838,Eco_Warrior
486,833,2.7534177988199993,Eco_Warrior
486,8237,3.3578227183223643,Eco_Warrior
486,2051,2.976824004071654,Eco_Warrior
486,1690,3.3450438228319106,Eco_Warrior
486,6183,1.0447017140656105,Eco_Warrior
486,8166,1.7661932946927332,Eco_Warrior
486,1802,2.9381109776260814,Eco_Warrior
486,5183,1.225645367588092,Eco_Warrior
486,145,2.5908112234944043,Eco_Warrior
486,5605,1.2332026662869564,Eco_Warrior
486,1195,3.1134189242452255,Eco_Warrior
486,2926,3.2912451557734466,Eco_Warrior
486,7710,1.1825989609326695,Eco_Warrior
486,4278,2.949847087665854,Eco_Warrior
487,4682,2.7237904398696013,Luxury_Boss
487,5870,1.7696664334030197,Luxury_Boss
487,7961,3.417722810763072,Luxury_Boss
487,8724,2.0725649268714683,Luxury_Boss
487,3841,2.2109245681095677,Luxury_Boss
487,684,1.6573725401677257,Luxury_Boss
487,2469,2.920118022397103,Luxury_Boss
487,666,1.7365677898154162,Luxury_Boss
487,1148,3.958861750053851,Luxury_Boss
487,5593,1.671567366336928,Luxury_Boss
487,5762,1.5331706436541628,Luxury_Boss
487,6197,2.229474634621134,Luxury_Boss
487,3996,1.7066549461716407,Luxury_Boss
487,7424,2.0501529483886207,Luxury_Boss
487,1308,2.802612736389765,Luxury_Boss
487,7240,3.9100135083922414,Luxury_Boss
487,7546,2.4632819262739787,Luxury_Boss
488,2374,2.639950856120856,Budget_Student
488,1409,5.0,Budget_Student
488,1245,3.276245367991717,Budget_Student
488,1918,4.306170216771353,Budget_Student
488,8222,4.635031026223031,Budget_Student
488,648,3.56533378540883,Budget_Student
488,7640,1.204770685943473,Budget_Student
488,3795,5.0,Budget_Student
488,180,2.956897500028031,Budget_Student
488,3137,5.0,Budget_Student
488,3989,5.0,Budget_Student
488,8337,3.044984926169309,Budget_Student
488,9250,2.795231173973062,Budget_Student
488,5903,2.9401911543272448,Budget_Student
488,3518,3.1205795839239787,Budget_Student
488,3929,5.0,Budget_Student
488,140,2.9911103877753904,Budget_Student
488,5514,3.346728442767434,Budget_Student
488,2182,3.766880882897053,Budget_Student
489,4195,2.7488134991384823,Speed_Racer
489,3802,5.0,Speed_Racer
489,6612,2.6634835475936125,Speed_Racer
489,7386,3.642958017934378,Speed_Racer
489,9295,3.6014475160220836,Speed_Racer
489,2181,1.925061476779109,Speed_Racer
489,8499,1.9204003101227478,Speed_Racer
489,6899,3.0535280518010506,Speed_Racer
489,9953,2.7304083024215107,Speed_Racer
489,531,4.864540538746364,Speed_Racer
489,5383,5.0,Speed_Racer
489,2788,5.0,Speed_Racer
489,3654,2.64877177811467,Speed_Racer
489,5857,2.8636621646934963,Speed_Racer
489,3685,3.3537520293533625,Speed_Racer
489,9722,2.077236461200536,Speed_Racer
490,9764,5.0,Family_Man
490,4712,3.9839397361478572,Family_Man
490,8768,4.575863457310639,Family_Man
490,4429,3.522165712934695,Family_Man
490,10206,2.700104490068276,Family_Man
490,1007,4.794144027248871,Family_Man
490,4711,5.0,Family_Man
490,5122,5.0,Family_Man
490,2842,5.0,Family_Man
490,5450,2.698302195971878,Family_Man
490,8382,3.7870824965170558,Family_Man
490,1390,3.8897841591000724,Family_Man
490,6069,3.378533415269863,Family_Man
490,6634,3.1649397374403816,Family_Man
490,3850,4.135203265035731,Family_Man
491,6742,2.7341122096481087,Eco_Warrior
491,6329,1.0,Eco_Warrior
491,4940,2.2821369428820484,Eco_Warrior
491,3359,3.121610726099278,Eco_Warrior
491,5023,2.58784353344206,Eco_Warrior
491,4051,2.705117107020917,Eco_Warrior
491,10025,1.0,Eco_Warrior
491,2547,2.8832400437519885,Eco_Warrior
491,7705,2.2633977127636777,Eco_Warrior
491,7495,2.8620457517607893,Eco_Warrior
491,62,1.7321490923776046,Eco_Warrior
491,9669,1.2011842533785897,Eco_Warrior
491,560,3.1549554221590075,Eco_Warrior
491,8172,1.0,Eco_Warrior
491,9374,1.0,Eco_Warrior
491,7915,1.0,Eco_Warrior
491,4821,3.353394095364069,Eco_Warrior
491,4496,3.0592161014088286,Eco_Warrior
491,8536,1.2834186981119293,Eco_Warrior
491,5639,2.6187244187810648,Eco_Warrior
491,8232,1.0,Eco_Warrior
491,5703,2.542259823023796,Eco_Warrior
492,2573,3.1119475020582033,Eco_Warrior
492,4450,1.4588356338270088,Eco_Warrior
492,2567,1.019930164096119,Eco_Warrior
492,5969,2.660512959638693,Eco_Warrior
492,8015,2.886165472482856,Eco_Warrior
492,519,2.6460541281345646,Eco_Warrior
492,539,2.6262184692148587,Eco_Warrior
492,573,2.3967568498660254,Eco_Warrior
492,2037,1.4028082006494267,Eco_Warrior
492,291,3.7329561382576943,Eco_Warrior
492,2503,1.0,Eco_Warrior
492,8356,2.5680759447613077,Eco_Warrior
492,1080,1.0423982010357666,Eco_Warrior
492,7593,3.421528351807263,Eco_Warrior
492,10060,2.9412658508863743,Eco_Warrior
493,8899,3.4007217881372194,Speed_Racer
493,2406,2.582335065446897,Speed_Racer
493,3936,3.8933246353168998,Speed_Racer
493,4851,3.1801647542398745,Speed_Racer
493,1863,3.032181697561373,Speed_Racer
493,1725,2.827624113935479,Speed_Racer
493,8315,3.0991975267578766,Speed_Racer
493,717,2.905246898917969,Speed_Racer
493,9073,3.7655553150688843,Speed_Racer
493,566,2.6916809608286467,Speed_Racer
493,9021,5.0,Speed_Racer
493,2132,3.8874475682891054,Speed_Racer
493,5480,3.6969195634636973,Speed_Racer
493,2534,1.5066991498956868,Speed_Racer
493,896,3.142484315127343,Speed_Racer
494,5773,2.3657616806385287,Luxury_Boss
494,5113,1.8473846555086846,Luxury_Boss
494,5708,1.887801842253653,Luxury_Boss
494,9040,2.0088217654456466,Luxury_Boss
494,852,4.9412421999026614,Luxury_Boss
494,3480,2.0640461613707695,Luxury_Boss
494,7657,3.2514661593556844,Luxury_Boss
494,2257,2.5124476574819665,Luxury_Boss
494,320,1.7852698269512564,Luxury_Boss
494,4063,2.2676289905949236,Luxury_Boss
494,3677,2.1313036328652046,Luxury_Boss
494,2780,2.7007669242430543,Luxury_Boss
494,1595,2.330838665236495,Luxury_Boss
494,4002,1.690193731958511,Luxury_Boss
494,3810,3.793911750202542,Luxury_Boss
494,5166,3.1141104656248606,Luxury_Boss
495,3957,3.0870084067910466,Eco_Warrior
495,3290,3.4487562524925774,Eco_Warrior
495,2026,1.0,Eco_Warrior
495,1349,1.4117623947907516,Eco_Warrior
495,9356,2.539838604048102,Eco_Warrior
495,4611,2.5429599087714547,Eco_Warrior
495,8172,1.4069883572650839,Eco_Warrior
495,1979,1.0427015680257763,Eco_Warrior
495,6977,2.8697366259170636,Eco_Warrior
495,243,3.2248389514314697,Eco_Warrior
495,2032,3.4203743436146685,Eco_Warrior
495,6633,2.963083425478712,Eco_Warrior
495,7961,1.0,Eco_Warrior
495,9495,1.325126108786998,Eco_Warrior
495,7890,3.2808933790176003,Eco_Warrior
495,5897,1.09753540412727,Eco_Warrior
495,5754,3.3552211268240195,Eco_Warrior
495,4215,3.0559411183817295,Eco_Warrior
496,2158,1.2957459357064782,Budget_Student
496,323,2.7187928018310896,Budget_Student
496,7665,5.0,Budget_Student
496,2504,3.846034535921201,Budget_Student
496,5974,4.0270363412794605,Budget_Student
496,1852,5.0,Budget_Student
496,6138,2.9774275974314497,Budget_Student
496,985,2.6625644288957826,Budget_Student
496,6126,3.2020265800679346,Budget_Student
496,3055,5.0,Budget_Student
496,4469,3.9123554308863877,Budget_Student
496,10216,3.757340431040038,Budget_Student
496,550,3.377407580531786,Budget_Student
496,504,1.4264729078211187,Budget_Student
496,3580,3.2578755447053505,Budget_Student
496,5714,5.0,Budget_Student
496,3430,4.839809033674063,Budget_Student
496,7128,3.8607681658922015,Budget_Student
496,6229,3.738414737217358,Budget_Student
496,6583,3.0474006256831196,Budget_Student
497,9720,2.339973403034932,Speed_Racer
497,8854,3.9640594996001255,Speed_Racer
497,1734,3.0082409302045003,Speed_Racer
497,698,2.6131760710734073,Speed_Racer
497,2511,2.5491155199778253,Speed_Racer
497,4094,2.905012404455272,Speed_Racer
497,5859,3.2759503417223126,Speed_Racer
497,716,2.9514904458710163,Speed_Racer
497,4285,3.862328476254621,Speed_Racer
497,10183,1.6166826498733382,Speed_Racer
497,5995,2.2899394339179477,Speed_Racer
497,9619,1.5893163946679116,Speed_Racer
497,767,5.0,Speed_Racer
497,4964,2.168609462277937,Speed_Racer
497,6467,2.840296243038029,Speed_Racer
497,6544,2.157571726559978,Speed_Racer
497,1813,5.0,Speed_Racer
498,2586,4.340435145663082,Family_Man
498,1418,4.497777649095654,Family_Man
498,3539,2.6619126589476285,Family_Man
498,8752,4.9566400302551745,Family_Man
498,3713,2.635079754870772,Family_Man
498,9717,4.600377783103841,Family_Man
498,1383,5.0,Family_Man
498,9529,2.2686480074626627,Family_Man
498,7300,4.811827648017885,Family_Man
498,4014,4.373254625801908,Family_Man
498,3108,4.596806313296428,Family_Man
498,2622,2.8520494645481524,Family_Man
498,851,4.3481381633437834,Family_Man
498,473,4.388335589747794,Family_Man
498,4583,3.277002178048127,Family_Man
498,2040,3.5890321290516223,Family_Man
498,9086,3.1838217392381924,Family_Man
498,1381,5.0,Family_Man
498,8913,3.6216039337088124,Family_Man
498,2924,4.899738650074839,Family_Man
498,3598,4.807790218467563,Family_Man
499,4238,2.889400529243411,Budget_Student
499,8105,5.0,Budget_Student
499,3334,3.2695487599374404,Budget_Student
499,6905,3.6499673912888992,Budget_Student
499,9775,2.5668310332714355,Budget_Student
499,5670,5.0,Budget_Student
499,6884,5.0,Budget_Student
499,2943,2.6946690511028613,Budget_Student
499,2666,5.0,Budget_Student
499,2554,3.221440856841459,Budget_Student
499,5802,4.7528611132561505,Budget_Student
499,5458,3.7323986173729544,Budget_Student
499,9196,5.0,Budget_Student
499,6886,3.550879251292751,Budget_Student
499,8232,1.0,Budget_Student
500,4617,3.4420572050967366,Speed_Racer
500,5724,2.6902990136307268,Speed_Racer
500,2459,3.407885637515711,Speed_Racer
500,9172,2.471237653367022,Speed_Racer
500,5010,2.5830322252503857,Speed_Racer
500,5231,2.7979995177896555,Speed_Racer
500,7029,3.4776118885143648,Speed_Racer
500,4158,2.0157918991342414,Speed_Racer
500,1705,4.360932261887679,Speed_Racer
500,515,2.9135901288899837,Speed_Racer
500,3154,2.5089511157652646,Speed_Racer
500,2139,5.0,Speed_Racer
500,2261,3.0010681500609886,Speed_Racer
500,3504,2.6072833574654877,Speed_Racer
500,10024,5.0,Speed_Racer
500,10058,5.0,Speed_Racer
500,9304,4.571849693600486,Speed_Racer
500,7674,3.3174046725005053,Speed_Racer
500,2612,2.622564748409042,Speed_Racer
500,1201,3.1396991742801497,Speed_Racer
500,10035,4.280836611375607,Speed_Racer
501,5906,2.265228333550879,Luxury_Boss
501,2620,2.0690704513027534,Luxury_Boss
501,4046,1.6832245767073735,Luxury_Boss
501,4549,3.1823367929009794,Luxury_Boss
501,9347,2.3576519511986236,Luxury_Boss
501,1002,3.8764895736400655,Luxury_Boss
501,8308,1.6186237411505648,Luxury_Boss
501,601,3.1616565842307236,Luxury_Boss
501,1844,2.2097597308589463,Luxury_Boss
501,2035,1.6359868616529984,Luxury_Boss
501,9127,2.251094479084577,Luxury_Boss
501,7244,2.0338740146487773,Luxury_Boss
501,51,2.080151531357667,Luxury_Boss
501,7108,1.824442622999011,Luxury_Boss
501,4927,2.1993778118698852,Luxury_Boss
501,958,2.030625565999265,Luxury_Boss
501,2266,3.439916399822244,Luxury_Boss
501,2362,2.143570627942775,Luxury_Boss
501,7936,1.7515828414522407,Luxury_Boss
502,7197,3.0958688097510754,Family_Man
502,5890,4.038794122779799,Family_Man
502,1590,4.346105658736749,Family_Man
502,6979,3.6042101057129416,Family_Man
502,9909,5.0,Family_Man
502,444,3.9059885326790176,Family_Man
502,8181,4.008227734612897,Family_Man
502,978,5.0,Family_Man
502,913,3.623596126199616,Family_Man
502,2316,5.0,Family_Man
502,4531,4.809312313867819,Family_Man
502,7508,1.2298920952952885,Family_Man
502,521,2.7371907720243653,Family_Man
502,8889,4.149108739917922,Family_Man
502,9767,3.560222059385231,Family_Man
503,6847,5.0,Family_Man
503,3136,5.0,Family_Man
503,74,3.6552344111331188,Family_Man
503,5769,2.979559836815742,Family_Man
503,2946,4.932414864994867,Family_Man
503,8577,4.446298909738113,Family_Man
503,9801,5.0,Family_Man
503,3016,3.0374544821225236,Family_Man
503,9191,4.201853311959889,Family_Man
503,3821,5.0,Family_Man
503,4558,1.5534180646188367,Family_Man
503,5644,4.087603927098438,Family_Man
503,8584,3.8926212790358985,Family_Man
503,467,3.1387444592384086,Family_Man
503,2459,5.0,Family_Man
503,3010,4.43845178170224,Family_Man
503,5171,4.52380142498081,Family_Man
503,9764,5.0,Family_Man
503,10056,4.300673751720369,Family_Man
504,268,3.4743615944392823,Eco_Warrior
504,1333,1.0,Eco_Warrior
504,236,2.1629394448698585,Eco_Warrior
504,1788,3.171372330192828,Eco_Warrior
504,3035,1.0028593365321932,Eco_Warrior
504,3380,3.441289856659592,Eco_Warrior
504,1646,1.0,Eco_Warrior
504,653,2.770960572715845,Eco_Warrior
504,4739,2.7770088422287564,Eco_Warrior
504,3030,2.5647701328574075,Eco_Warrior
504,7756,2.613840585270046,Eco_Warrior
504,9108,2.9566710812218435,Eco_Warrior
504,9306,1.0,Eco_Warrior
504,9844,1.0,Eco_Warrior
504,5060,1.0,Eco_Warrior
504,737,1.0,Eco_Warrior
504,5566,4.192904581300331,Eco_Warrior
504,2666,1.0,Eco_Warrior
504,9752,2.616958076666063,Eco_Warrior
505,2252,2.3969163420418553,Luxury_Boss
505,4300,3.060026709988937,Luxury_Boss
505,4498,2.512770580027566,Luxury_Boss
505,6337,2.3850257935460806,Luxury_Boss
505,2386,1.6286939848096307,Luxury_Boss
505,809,2.3414723811233316,Luxury_Boss
505,5715,1.8524008249721275,Luxury_Boss
505,7525,1.5508746429345919,Luxury_Boss
505,5416,1.9874941701373778,Luxury_Boss
505,10155,3.2460314453604666,Luxury_Boss
505,5339,1.813271046625628,Luxury_Boss
505,5579,2.389692058462984,Luxury_Boss
505,4552,2.3177208626215346,Luxury_Boss
505,9031,2.205431311085882,Luxury_Boss
505,1128,3.99530419396623,Luxury_Boss
505,4,2.0125196080402104,Luxury_Boss
505,8039,3.1605694965913003,Luxury_Boss
506,8190,5.0,Speed_Racer
506,1050,4.650220702027933,Speed_Racer
506,573,2.3420549997898172,Speed_Racer
506,6105,2.792851259757617,Speed_Racer
506,6258,2.912519063857807,Speed_Racer
506,6002,2.2365340488122776,Speed_Racer
506,1896,2.439962228051685,Speed_Racer
506,7163,3.3351728382515065,Speed_Racer
506,8537,2.5428052958263603,Speed_Racer
506,8024,5.0,Speed_Racer
506,1703,2.562123847888689,Speed_Racer
506,3549,2.010335679944166,Speed_Racer
506,730,3.352682967797139,Speed_Racer
506,4612,2.58186120223375,Speed_Racer
506,161,3.6220370852035613,Speed_Racer
506,8938,2.6949878045168862,Speed_Racer
506,10050,2.7267987568746586,Speed_Racer
507,10237,4.605008921103451,Family_Man
507,701,5.0,Family_Man
507,584,5.0,Family_Man
507,9503,2.7731599689453583,Family_Man
507,4574,4.296869577226178,Family_Man
507,2668,3.230783331584428,Family_Man
507,5813,4.324882707947299,Family_Man
507,8108,3.7963633437510254,Family_Man
507,5815,4.386913375634174,Family_Man
507,8819,5.0,Family_Man
507,5763,3.143334968570268,Family_Man
507,4466,5.0,Family_Man
507,1041,5.0,Family_Man
507,6585,2.513918036548857,Family_Man
507,581,5.0,Family_Man
507,7793,4.119346416765756,Family_Man
507,4791,2.6271462716805547,Family_Man
507,1588,3.205437178660013,Family_Man
507,7998,4.153025494180802,Family_Man
507,8015,2.558519501408931,Family_Man
507,2172,2.958470933588912,Family_Man
508,2026,1.0,Eco_Warrior
508,5681,1.2727342834838287,Eco_Warrior
508,2792,3.309751515376189,Eco_Warrior
508,7162,3.1206073209742073,Eco_Warrior
508,3984,2.612229336471622,Eco_Warrior
508,5234,2.7949906364815162,Eco_Warrior
508,5761,3.297413667071254,Eco_Warrior
508,6545,2.9777394217968123,Eco_Warrior
508,1181,1.4995001774564602,Eco_Warrior
508,7137,2.5003302089864206,Eco_Warrior
508,5971,3.571787322811156,Eco_Warrior
508,111,3.2586976416366205,Eco_Warrior
508,2128,1.4657313971189292,Eco_Warrior
508,661,2.5965390430761612,Eco_Warrior
508,6622,3.0624093034684465,Eco_Warrior
508,3494,2.648157171566212,Eco_Warrior
508,4466,1.067937405749025,Eco_Warrior
509,6051,4.330098429676198,Speed_Racer
509,2973,2.998675582773687,Speed_Racer
509,9115,3.1374795372379825,Speed_Racer
509,5750,2.710807941660397,Speed_Racer
509,3131,2.315718493541346,Speed_Racer
509,195,2.6072517367507952,Speed_Racer
509,4485,1.956677911706326,Speed_Racer
509,8528,2.205142112122621,Speed_Racer
509,9602,2.939757563088258,Speed_Racer
509,4586,3.135746981339537,Speed_Racer
509,659,2.252204840687181,Speed_Racer
509,8816,1.8030950644681099,Speed_Racer
509,9171,3.31805814045253,Speed_Racer
509,8810,2.7045175012151463,Speed_Racer
509,3993,3.5097077585989522,Speed_Racer
509,6991,3.1954295095901966,Speed_Racer
510,2397,1.3750275893523787,Eco_Warrior
510,3802,1.38047877111578,Eco_Warrior
510,9351,3.3285409512135358,Eco_Warrior
510,1901,3.066491060961175,Eco_Warrior
510,2358,1.103795824372329,Eco_Warrior
510,6790,3.040801752788111,Eco_Warrior
510,2467,3.289993922654694,Eco_Warrior
510,517,2.598131516333045,Eco_Warrior
510,1077,3.2316184544954933,Eco_Warrior
510,8836,2.88736478931689,Eco_Warrior
510,1247,3.001188557518777,Eco_Warrior
510,2051,2.8685331613831524,Eco_Warrior
510,10238,1.0,Eco_Warrior
510,7726,3.4500253071369666,Eco_Warrior
510,2254,1.0,Eco_Warrior
510,9865,3.2661529940308895,Eco_Warrior
510,4876,2.76919367646212,Eco_Warrior
510,5018,3.413800255554361,Eco_Warrior
510,8278,2.8892614004201786,Eco_Warrior
510,7482,1.0042084873989388,Eco_Warrior
510,4281,3.3148291180017533,Eco_Warrior
510,6560,2.376230638646475,Eco_Warrior
510,6549,3.4639609166806955,Eco_Warrior
511,6372,4.541518984946447,Family_Man
511,762,3.8879640911223396,Family_Man
511,8283,4.596299597791379,Family_Man
511,8390,4.153717399914625,Family_Man
511,4176,5.0,Family_Man
511,1744,5.0,Family_Man
511,8326,4.41217661748189,Family_Man
511,9305,4.282211354680355,Family_Man
511,3579,5.0,Family_Man
511,784,1.0221933890576225,Family_Man
511,609,4.3953552914276255,Family_Man
511,566,3.3096136565132634,Family_Man
511,132,3.624563452785926,Family_Man
511,7413,3.6000609107716706,Family_Man
511,991,4.394539873215594,Family_Man
511,9893,4.002136391715934,Family_Man
511,5238,2.887294081963474,Family_Man
511,4,5.0,Family_Man
511,5662,4.970856455195541,Family_Man
511,7431,4.304668411040371,Family_Man
511,3411,4.6015612381680215,Family_Man
511,3986,5.0,Family_Man
512,10007,1.9946933433535912,Budget_Student
512,8686,5.0,Budget_Student
512,7335,4.382754184413414,Budget_Student
512,7159,1.8534418138563074,Budget_Student
512,3961,3.9327799556493517,Budget_Student
512,9392,4.57261885683794,Budget_Student
512,3015,4.175280253758395,Budget_Student
512,9477,3.0751454088822503,Budget_Student
512,390,5.0,Budget_Student
512,7465,4.254413834457625,Budget_Student
512,2268,5.0,Budget_Student
512,3741,3.35302142771879,Budget_Student
512,5393,3.9900657546985863,Budget_Student
512,8949,5.0,Budget_Student
512,9419,5.0,Budget_Student
512,6217,3.204235001428412,Budget_Student
512,487,3.5133451637143454,Budget_Student
512,8940,3.7527843803506835,Budget_Student
512,1417,3.0159584681759704,Budget_Student
512,678,3.3797683666763483,Budget_Student
512,7450,3.7633611592215095,Budget_Student
513,9521,1.9785469286059758,Eco_Warrior
513,2629,3.341623012023901,Eco_Warrior
513,6668,1.4562686227881696,Eco_Warrior
513,8920,1.0,Eco_Warrior
513,4348,1.0,Eco_Warrior
513,9307,1.2186883919975557,Eco_Warrior
513,3015,2.9109167756654832,Eco_Warrior
513,6543,2.8176333838199388,Eco_Warrior
513,7667,1.6546684977717447,Eco_Warrior
513,3495,2.5291313524337715,Eco_Warrior
513,3763,1.313008836836254,Eco_Warrior
513,7924,2.657634707952888,Eco_Warrior
513,3674,2.7652285994586343,Eco_Warrior
513,2641,3.2559952128952614,Eco_Warrior
513,1951,3.169880497447705,Eco_Warrior
513,7672,2.6986567562755175,Eco_Warrior
513,5887,1.8000378281298337,Eco_Warrior
514,5549,2.8263044368423555,Speed_Racer
514,1570,3.1799639315687696,Speed_Racer
514,5325,3.4934375379345717,Speed_Racer
514,4748,2.372055452253172,Speed_Racer
514,9934,2.7069246725670753,Speed_Racer
514,5710,3.075756601684075,Speed_Racer
514,7330,3.224626691374674,Speed_Racer
514,4322,3.2276436319229873,Speed_Racer
514,5920,5.0,Speed_Racer
514,2980,3.464592927321063,Speed_Racer
514,8644,3.819917716220997,Speed_Racer
514,7558,3.965868184630631,Speed_Racer
514,8819,1.9363806213823773,Speed_Racer
514,5275,3.8798887962112127,Speed_Racer
514,8761,2.1691428136951574,Speed_Racer
515,5115,5.0,Family_Man
515,1901,3.8195055328623777,Family_Man
515,6300,5.0,Family_Man
515,8831,5.0,Family_Man
515,6433,5.0,Family_Man
515,5142,4.364865497160208,Family_Man
515,3714,1.100976812678701,Family_Man
515,2812,4.100100163072907,Family_Man
515,8642,3.1123778151913073,Family_Man
515,1840,3.2248436612997136,Family_Man
515,7794,3.9951874400389027,Family_Man
515,2780,5.0,Family_Man
515,6278,4.109095823884422,Family_Man
515,6069,2.563066749641938,Family_Man
515,4221,3.9276123013861244,Family_Man
515,1261,3.193879638081491,Family_Man
515,1981,4.3986316868743565,Family_Man
516,2401,3.4269940222943642,Budget_Student
516,6865,2.5153506301816675,Budget_Student
516,7347,3.258837679289157,Budget_Student
516,8128,2.8556058335968637,Budget_Student
516,4162,4.9452686101183145,Budget_Student
516,4752,3.14094227423112,Budget_Student
516,8717,3.2753416075838127,Budget_Student
516,1205,3.8501302201757155,Budget_Student
516,5001,3.6595585900813883,Budget_Student
516,730,1.302662190298347,Budget_Student
516,5078,4.658230611346209,Budget_Student
516,9558,1.6833218631127995,Budget_Student
516,5030,3.218186192768556,Budget_Student
516,3042,5.0,Budget_Student
516,7158,1.4205097544881506,Budget_Student
516,8517,2.5953787540654996,Budget_Student
516,5660,2.574328942716958,Budget_Student
517,3399,2.8453066582286257,Speed_Racer
517,5635,5.0,Speed_Racer
517,2197,2.9020427352737137,Speed_Racer
517,4843,5.0,Speed_Racer
517,5320,2.66730980882135,Speed_Racer
517,4230,2.6216928784059714,Speed_Racer
517,9403,3.319373059852674,Speed_Racer
517,5669,3.2411431442401755,Speed_Racer
517,833,3.16088576544845,Speed_Racer
517,2396,2.9350747695695234,Speed_Racer
517,7138,4.621292821745367,Speed_Racer
517,3316,3.3597635392299026,Speed_Racer
517,1338,3.5229783487728454,Speed_Racer
517,3559,3.9641051760428208,Speed_Racer
517,3434,4.445053109900029,Speed_Racer
517,3079,3.8758675883782856,Speed_Racer
517,335,3.155432369258685,Speed_Racer
517,1427,2.988761598400422,Speed_Racer
517,3594,3.200758587172602,Speed_Racer
517,34,2.9385846249533634,Speed_Racer
518,9020,5.0,Family_Man
518,4933,3.5309705873350836,Family_Man
518,982,5.0,Family_Man
518,9463,3.502161356900041,Family_Man
518,6667,5.0,Family_Man
518,1040,2.80544680907407,Family_Man
518,7965,4.708051455123591,Family_Man
518,3455,2.856082426047019,Family_Man
518,5455,2.931687424699059,Family_Man
518,4189,4.532559563976976,Family_Man
518,9602,5.0,Family_Man
518,6458,4.377459951056256,Family_Man
518,1057,2.7863239161763858,Family_Man
518,86,3.0947718873894887,Family_Man
518,8088,1.695189598093392,Family_Man
518,2057,5.0,Family_Man
518,2366,4.4683097598074895,Family_Man
518,9337,4.302454779885815,Family_Man
519,2386,4.176027273830261,Family_Man
519,5742,3.135247696065864,Family_Man
519,1438,4.724304790654331,Family_Man
519,9535,2.908545200938128,Family_Man
519,5652,5.0,Family_Man
519,5002,5.0,Family_Man
519,7426,3.949830809512802,Family_Man
519,2467,5.0,Family_Man
519,2998,4.429236925494007,Family_Man
519,5598,5.0,Family_Man
519,755,3.5073085452047232,Family_Man
519,1231,4.08279763723726,Family_Man
519,1843,4.34504640138627,Family_Man
519,1810,4.373101738206275,Family_Man
519,6330,4.49853936487196,Family_Man
519,3674,5.0,Family_Man
519,6972,3.53268440827604,Family_Man
519,8472,3.5181680686133365,Family_Man
519,9178,3.1224913337087012,Family_Man
519,1848,4.476795158826695,Family_Man
519,6818,4.730642911252703,Family_Man
519,8977,2.7719713686463026,Family_Man
520,5367,4.558885870320854,Family_Man
520,4543,4.436265722460742,Family_Man
520,3977,4.5670558475186995,Family_Man
520,8490,5.0,Family_Man
520,4220,4.309673910164101,Family_Man
520,4809,1.2690870556568155,Family_Man
520,5955,4.37985534449766,Family_Man
520,9958,5.0,Family_Man
520,9432,2.5182144543265617,Family_Man
520,10015,3.7545244663048636,Family_Man
520,5278,3.2288400176180803,Family_Man
520,189,5.0,Family_Man
520,5594,5.0,Family_Man
520,2520,4.491845192811115,Family_Man
520,5142,4.056348570353959,Family_Man
521,8615,4.907566277747416,Budget_Student
521,3381,3.085959175169935,Budget_Student
521,9131,3.11803611539124,Budget_Student
521,6920,2.546073704947117,Budget_Student
521,5668,3.710732991530132,Budget_Student
521,1813,1.1152345519743354,Budget_Student
521,6447,3.132051190116022,Budget_Student
521,2604,3.1534364041323903,Budget_Student
521,8767,3.1058237846688272,Budget_Student
521,863,2.7860987859025603,Budget_Student
521,6356,4.670679011676751,Budget_Student
521,9248,2.9797898004927594,Budget_Student
521,675,3.88087136507093,Budget_Student
521,9758,3.9171133901561093,Budget_Student
521,637,2.8615800836359604,Budget_Student
521,7967,3.915432781583532,Budget_Student
521,3442,3.1072427418606483,Budget_Student
521,8152,3.25608156445667,Budget_Student
521,4071,1.0614332256305317,Budget_Student
521,29,4.7641525886635865,Budget_Student
522,8927,3.07956690205068,Budget_Student
522,5073,5.0,Budget_Student
522,3087,4.78808952805446,Budget_Student
522,4656,3.4029713940552533,Budget_Student
522,4378,3.6519942983839564,Budget_Student
522,6896,2.5947192646938717,Budget_Student
522,4710,2.8751476191431986,Budget_Student
522,1633,2.904388926854509,Budget_Student
522,2807,3.617368617905152,Budget_Student
522,5015,3.859440074516331,Budget_Student
522,659,5.0,Budget_Student
522,4781,2.72972630358511,Budget_Student
522,6648,3.6554937341101574,Budget_Student
522,984,2.3847202319260234,Budget_Student
522,278,5.0,Budget_Student
522,3420,5.0,Budget_Student
522,6566,3.1670978899981708,Budget_Student
522,3779,4.130197774548758,Budget_Student
522,4679,2.6001017652997396,Budget_Student
522,5297,3.8094122665568526,Budget_Student
522,9958,3.8112430832323922,Budget_Student
522,2377,4.760852742217105,Budget_Student
523,6258,3.2288097983604236,Budget_Student
523,8510,2.597135587887399,Budget_Student
523,8853,1.3249310507513377,Budget_Student
523,5275,4.590048660816491,Budget_Student
523,3727,5.0,Budget_Student
523,6813,4.2764025768641085,Budget_Student
523,5864,3.289209191802933,Budget_Student
523,9773,5.0,Budget_Student
523,8705,3.3639071532721623,Budget_Student
523,5506,1.0,Budget_Student
523,6020,2.8968469123038174,Budget_Student
523,5352,2.8073144161313257,Budget_Student
523,1868,2.748221238014535,Budget_Student
523,4971,3.2617227558552258,Budget_Student
523,5360,4.5693729361780555,Budget_Student
523,5421,3.7265854705927035,Budget_Student
523,1324,3.381384026920356,Budget_Student
523,1572,2.917243260134659,Budget_Student
523,1248,5.0,Budget_Student
523,6887,1.4211184774192236,Budget_Student
523,4993,1.3900243923172124,Budget_Student
523,8176,1.397948917664246,Budget_Student
523,3743,1.80962335265268,Budget_Student
524,6933,3.4509640589915795,Eco_Warrior
524,7354,1.0,Eco_Warrior
524,4770,3.152165501034127,Eco_Warrior
524,3121,2.6972151923552077,Eco_Warrior
524,4212,1.7527310379068837,Eco_Warrior
524,8531,2.5483394583800694,Eco_Warrior
524,5637,2.8845202299788095,Eco_Warrior
524,9796,2.412960381530759,Eco_Warrior
524,5916,2.815308114535892,Eco_Warrior
524,10287,1.667169898503244,Eco_Warrior
524,1926,1.0675186023600367,Eco_Warrior
524,4749,3.4706868932895913,Eco_Warrior
524,3377,2.550253512844489,Eco_Warrior
524,4685,2.722662405973261,Eco_Warrior
524,6029,3.0516403419304714,Eco_Warrior
525,703,3.655429680797048,Speed_Racer
525,9834,2.5538447413375613,Speed_Racer
525,4586,3.1835709717272627,Speed_Racer
525,8932,2.1073114754199196,Speed_Racer
525,6899,2.5615667377373175,Speed_Racer
525,1532,2.562339190430287,Speed_Racer
525,5286,2.6513446918875267,Speed_Racer
525,10117,2.278761934230523,Speed_Racer
525,8676,3.3731865521576108,Speed_Racer
525,4777,3.8126116999379454,Speed_Racer
525,3182,2.7686052644892025,Speed_Racer
525,7929,3.2343371759335713,Speed_Racer
525,5825,3.2246190638018732,Speed_Racer
525,6648,3.201718769535775,Speed_Racer
525,4930,3.351470498261944,Speed_Racer
525,8097,1.861363721537601,Speed_Racer
525,6298,2.930691311020721,Speed_Racer
525,4645,5.0,Speed_Racer
525,10151,5.0,Speed_Racer
526,9465,2.561985112700177,Budget_Student
526,9147,2.6161470753194536,Budget_Student
526,2505,3.1401357807039503,Budget_Student
526,4222,3.943107438213908,Budget_Student
526,9487,3.284179525336208,Budget_Student
526,2686,3.2964532504417283,Budget_Student
526,3545,3.892427369720758,Budget_Student
526,3247,5.0,Budget_Student
526,8611,4.63481448855094,Budget_Student
526,8163,4.817509657077532,Budget_Student
526,7098,1.032076650340961,Budget_Student
526,9831,5.0,Budget_Student
526,10016,4.904685025815277,Budget_Student
526,3018,1.2879228050319886,Budget_Student
526,8868,3.3232648778437253,Budget_Student
526,4522,2.971845272879715,Budget_Student
526,6508,5.0,Budget_Student
526,4668,4.576847235414864,Budget_Student
526,6960,3.59667472862386,Budget_Student
526,5797,4.8578585436991535,Budget_Student
526,3036,5.0,Budget_Student
526,4656,3.214120685201679,Budget_Student
526,7317,3.645425797056461,Budget_Student
526,1864,5.0,Budget_Student
527,1361,5.0,Budget_Student
527,3058,3.742905912332028,Budget_Student
527,2436,1.1906729989797886,Budget_Student
527,4718,3.395068851898645,Budget_Student
527,4445,1.0084189716769174,Budget_Student
527,2389,1.3873089487837622,Budget_Student
527,5616,3.424603063056125,Budget_Student
527,7211,3.836012855055289,Budget_Student
527,3620,1.0665427569308785,Budget_Student
527,4838,2.9151151562812974,Budget_Student
527,1438,4.690422390205825,Budget_Student
527,2791,3.424271808446662,Budget_Student
527,1896,3.973946575906423,Budget_Student
527,2333,3.2575998363965386,Budget_Student
527,191,2.9101800226786487,Budget_Student
527,1233,2.710827555902304,Budget_Student
527,2297,5.0,Budget_Student
527,10183,3.2671464551280422,Budget_Student
527,6098,2.8890723893718353,Budget_Student
527,4103,3.230313570575791,Budget_Student
527,8935,5.0,Budget_Student
527,4827,2.710650169941345,Budget_Student
528,8103,1.7411487959586098,Eco_Warrior
528,1879,2.7596675918218394,Eco_Warrior
528,4422,1.420698955590335,Eco_Warrior
528,4143,1.0,Eco_Warrior
528,3039,2.520352656628433,Eco_Warrior
528,5462,1.0,Eco_Warrior
528,7155,2.905920603403957,Eco_Warrior
528,430,1.0,Eco_Warrior
528,6201,3.2821446749086984,Eco_Warrior
528,3425,3.8766381767779152,Eco_Warrior
528,8853,3.089761624767263,Eco_Warrior
528,5180,3.2747601840748963,Eco_Warrior
528,9759,1.2566131993302476,Eco_Warrior
528,4312,1.771345539028426,Eco_Warrior
528,823,2.64690385276597,Eco_Warrior
528,2015,2.909719604847179,Eco_Warrior
528,9439,2.9487457557534995,Eco_Warrior
528,1334,3.410228141215092,Eco_Warrior
528,6562,3.4310461810935635,Eco_Warrior
528,5878,3.442684824530873,Eco_Warrior
528,5029,3.2643304466431147,Eco_Warrior
528,1236,2.9506452085826473,Eco_Warrior
529,6310,1.5253737293401375,Luxury_Boss
529,7890,2.4021451202228166,Luxury_Boss
529,7781,4.575670405979911,Luxury_Boss
529,87,2.2195550768168113,Luxury_Boss
529,288,2.530249174437171,Luxury_Boss
529,471,2.3337242672041487,Luxury_Boss
529,4367,1.7976942156384368,Luxury_Boss
529,9627,2.4943591326014003,Luxury_Boss
529,8725,2.23046822884726,Luxury_Boss
529,5993,1.7493122690190608,Luxury_Boss
529,7299,2.2099479583292507,Luxury_Boss
529,3867,1.763554186915533,Luxury_Boss
529,9308,4.639593225661809,Luxury_Boss
529,3776,1.6544823522380572,Luxury_Boss
529,7792,3.389196275111001,Luxury_Boss
529,9493,1.9238000130783002,Luxury_Boss
529,7813,1.7480932205366413,Luxury_Boss
529,8841,2.4402926743529942,Luxury_Boss
529,5597,2.327955421285721,Luxury_Boss
529,7553,4.290263262549581,Luxury_Boss
529,9580,1.9012841473656519,Luxury_Boss
530,9365,2.810112292073416,Budget_Student
530,9619,3.613135019538277,Budget_Student
530,7125,3.691901036998895,Budget_Student
530,6779,3.8579783445938176,Budget_Student
530,9874,3.1491737526738084,Budget_Student
530,9606,3.1389142912229224,Budget_Student
530,9646,5.0,Budget_Student
530,9297,3.2151206587385555,Budget_Student
530,3039,3.6194222801448666,Budget_Student
530,4576,3.2349616642064483,Budget_Student
530,4474,3.0712954905133905,Budget_Student
530,8255,3.1755742391474264,Budget_Student
530,1108,5.0,Budget_Student
530,9432,4.945520140181126,Budget_Student
530,874,3.411536493847857,Budget_Student
530,3851,3.874453172861905,Budget_Student
530,7498,3.0628540765803156,Budget_Student
530,922,3.7692990626337277,Budget_Student
530,1025,3.3117773277153817,Budget_Student
530,3151,1.1656458466393782,Budget_Student
531,1155,5.0,Budget_Student
531,6057,3.440405073790585,Budget_Student
531,7464,5.0,Budget_Student
531,2505,2.608575481580816,Budget_Student
531,5910,1.0,Budget_Student
531,10033,5.0,Budget_Student
531,9769,4.9133738953452335,Budget_Student
531,3238,2.7197853847536866,Budget_Student
531,9782,1.0299891411013045,Budget_Student
531,4539,2.891564796401547,Budget_Student
531,9092,3.5998975001263247,Budget_Student
531,4470,2.857227565495546,Budget_Student
531,9680,3.1483034225445916,Budget_Student
531,1293,3.2498011814472116,Budget_Student
531,8007,5.0,Budget_Student
531,3579,5.0,Budget_Student
531,6700,3.018912532823513,Budget_Student
531,9429,4.8892344285979386,Budget_Student
531,7608,3.8876070473261213,Budget_Student
531,4135,3.2100683710941507,Budget_Student
531,2515,3.599755652580508,Budget_Student
532,1995,4.9384453103212484,Family_Man
532,8255,5.0,Family_Man
532,9709,5.0,Family_Man
532,8841,4.352165949775806,Family_Man
532,9498,5.0,Family_Man
532,7628,4.71539882125222,Family_Man
532,3740,2.828362224841162,Family_Man
532,9088,5.0,Family_Man
532,1516,3.4930484540614604,Family_Man
532,8405,4.797650503356096,Family_Man
532,7087,4.388898967684129,Family_Man
532,2902,5.0,Family_Man
532,5518,2.7479967533068637,Family_Man
532,8698,4.229683883121131,Family_Man
532,2001,4.303424818737056,Family_Man
532,4885,4.136305854787636,Family_Man
532,6513,5.0,Family_Man
533,5597,2.9148227341232205,Eco_Warrior
533,2005,3.4079897928016245,Eco_Warrior
533,1891,3.069097188886029,Eco_Warrior
533,27,2.776453548435792,Eco_Warrior
533,3916,2.5198109103992823,Eco_Warrior
533,1802,3.168620340136538,Eco_Warrior
533,589,3.373778012508108,Eco_Warrior
533,6924,3.49779096868406,Eco_Warrior
533,3987,2.7956399360686994,Eco_Warrior
533,886,2.8826208922194145,Eco_Warrior
533,8787,2.7845199644377314,Eco_Warrior
533,5630,1.2560617619369703,Eco_Warrior
533,1454,2.853699994065251,Eco_Warrior
533,636,3.4692452016124,Eco_Warrior
533,1726,1.0,Eco_Warrior
533,1932,1.0629559969394424,Eco_Warrior
533,2733,2.824973606724029,Eco_Warrior
533,4525,3.1113656034157344,Eco_Warrior
533,7827,3.0351437389177613,Eco_Warrior
533,3517,3.382447796546332,Eco_Warrior
533,1368,3.05060875182299,Eco_Warrior
533,4485,3.031794032632895,Eco_Warrior
533,7630,1.0,Eco_Warrior
533,3231,2.3540636880587686,Eco_Warrior
534,6972,3.3290845807564744,Eco_Warrior
534,6426,2.852359202377696,Eco_Warrior
534,6498,3.1821811553768002,Eco_Warrior
534,5746,1.0,Eco_Warrior
534,1560,3.1553016127194455,Eco_Warrior
534,749,3.4558782882067374,Eco_Warrior
534,6489,3.1054847783800588,Eco_Warrior
534,2050,3.320689949909791,Eco_Warrior
534,5315,2.7746129301883995,Eco_Warrior
534,6618,1.0,Eco_Warrior
534,8922,3.3951413479267303,Eco_Warrior
534,6203,1.0,Eco_Warrior
534,2607,2.6364620534136676,Eco_Warrior
534,474,3.237730967261954,Eco_Warrior
534,7933,3.4864293077148107,Eco_Warrior
534,8079,3.377675170960477,Eco_Warrior
534,1060,2.808751826534061,Eco_Warrior
534,9295,3.1255052328567388,Eco_Warrior
535,4366,3.311675426372463,Speed_Racer
535,4187,4.842707006600608,Speed_Racer
535,5336,3.4854739639295853,Speed_Racer
535,2636,2.6828594462821,Speed_Racer
535,3731,2.962813672943539,Speed_Racer
535,3921,5.0,Speed_Racer
535,2152,2.0576253998192993,Speed_Racer
535,9730,3.415802076326985,Speed_Racer
535,8408,2.9380207260149294,Speed_Racer
535,4129,2.9491215466374703,Speed_Racer
535,9194,2.816468984252545,Speed_Racer
535,3602,3.685816865335202,Speed_Racer
535,7669,3.8986426779018557,Speed_Racer
535,8778,2.4755250040335195,Speed_Racer
535,1791,3.4169179841481707,Speed_Racer
535,5810,2.9295494634662522,Speed_Racer
535,1845,3.4264194991768475,Speed_Racer
536,110,3.2861147039521894,Eco_Warrior
536,10025,1.0756915756360468,Eco_Warrior
536,3468,2.6000378088807636,Eco_Warrior
536,1551,1.3839577447617362,Eco_Warrior
536,3679,1.1494922676443777,Eco_Warrior
536,5713,1.0547426534421396,Eco_Warrior
536,6541,2.990421201036835,Eco_Warrior
536,4959,3.1775919260347907,Eco_Warrior
536,5216,1.4845090639127714,Eco_Warrior
536,9266,3.2106475808285095,Eco_Warrior
536,1144,3.476532436970946,Eco_Warrior
536,1212,3.2629993113932723,Eco_Warrior
536,3728,1.0,Eco_Warrior
536,7504,1.5026060162208255,Eco_Warrior
536,2952,1.0774358224512468,Eco_Warrior
536,1451,2.439453886049705,Eco_Warrior
536,9309,2.523480578647704,Eco_Warrior
536,6451,2.6780202045568124,Eco_Warrior
536,687,3.3289012848976185,Eco_Warrior
536,3527,3.4630484064222666,Eco_Warrior
536,10016,2.8942418328601116,Eco_Warrior
536,3362,2.7820450007552284,Eco_Warrior
536,8925,3.31530325452381,Eco_Warrior
536,4397,2.5205375172565745,Eco_Warrior
537,8701,5.0,Family_Man
537,8591,4.744333024387677,Family_Man
537,7629,4.400039954721678,Family_Man
537,2807,3.902755990167965,Family_Man
537,3150,5.0,Family_Man
537,9962,5.0,Family_Man
537,1548,1.9732359129072354,Family_Man
537,4482,5.0,Family_Man
537,8266,4.064228952077874,Family_Man
537,6526,5.0,Family_Man
537,3901,3.9358127921420136,Family_Man
537,7094,4.020458438420547,Family_Man
537,5377,3.836580544335729,Family_Man
537,10231,2.8199048007983665,Family_Man
537,7894,4.357330790618693,Family_Man
537,4455,4.902019931093341,Family_Man
537,8873,2.9900619970751254,Family_Man
538,7339,3.1460219644309566,Eco_Warrior
538,9106,1.0,Eco_Warrior
538,2508,1.0,Eco_Warrior
538,5823,2.553750397328211,Eco_Warrior
538,898,2.706309504683359,Eco_Warrior
538,4123,2.1211909127026884,Eco_Warrior
538,8193,1.2616043905707748,Eco_Warrior
538,5470,1.495565442957941,Eco_Warrior
538,3618,2.654405286031261,Eco_Warrior
538,3588,2.7669914459978275,Eco_Warrior
538,6474,2.595800354482125,Eco_Warrior
538,3879,2.146073486612229,Eco_Warrior
538,4352,3.2355096922096873,Eco_Warrior
538,6219,1.2659174683895125,Eco_Warrior
538,8091,2.69565743193677,Eco_Warrior
538,4279,2.851320741388863,Eco_Warrior
539,9317,3.2390954375077126,Budget_Student
539,2904,5.0,Budget_Student
539,1740,5.0,Budget_Student
539,2068,3.601649280773604,Budget_Student
539,10037,2.9126722408645094,Budget_Student
539,2919,1.0,Budget_Student
539,1717,5.0,Budget_Student
539,2990,3.299219658785458,Budget_Student
539,2907,3.350984303680858,Budget_Student
539,3346,1.0,Budget_Student
539,2989,4.466922176925514,Budget_Student
539,2554,3.4591599595644893,Budget_Student
539,7510,2.834467917185597,Budget_Student
539,6996,5.0,Budget_Student
539,186,1.087701493808817,Budget_Student
539,6884,5.0,Budget_Student
539,10142,1.0,Budget_Student
539,3847,1.792501727644694,Budget_Student
539,9112,5.0,Budget_Student
539,5888,5.0,Budget_Student
539,3858,5.0,Budget_Student
539,6416,3.114519875245776,Budget_Student
540,3682,2.8337263295087007,Speed_Racer
540,9868,4.379088603652102,Speed_Racer
540,2506,2.764166389199346,Speed_Racer
540,1465,2.2439939152737836,Speed_Racer
540,8869,2.9622175624424503,Speed_Racer
540,5267,3.230468980331886,Speed_Racer
540,7809,3.6287809837533813,Speed_Racer
540,8403,2.647712116544522,Speed_Racer
540,1975,2.5345459140333078,Speed_Racer
540,7436,2.074320280765816,Speed_Racer
540,7784,3.80631233931791,Speed_Racer
540,180,4.232793726788404,Speed_Racer
540,1176,2.083833387463906,Speed_Racer
540,2022,2.672066582822853,Speed_Racer
540,4175,2.604078057373902,Speed_Racer
540,2327,3.7238915043206466,Speed_Racer
540,9403,3.32591363479504,Speed_Racer
540,7936,3.471486759700451,Speed_Racer
540,6530,3.543860247516866,Speed_Racer
541,9201,4.431282473303146,Luxury_Boss
541,4129,2.2265227271734696,Luxury_Boss
541,847,2.3891268907737686,Luxury_Boss
541,779,2.09637552833804,Luxury_Boss
541,8429,2.227395240561426,Luxury_Boss
541,363,1.9990495049193242,Luxury_Boss
541,9422,1.508980655028874,Luxury_Boss
541,3941,1.8328461711751642,Luxury_Boss
541,4398,5.0,Luxury_Boss
541,57,1.5245180955330726,Luxury_Boss
541,10004,2.1779181322895034,Luxury_Boss
541,5238,2.5208271043385686,Luxury_Boss
541,3464,2.235880278491198,Luxury_Boss
541,5212,1.7546927928070724,Luxury_Boss
541,2629,2.430999507927235,Luxury_Boss
542,6428,3.9953781867722364,Budget_Student
542,8472,3.0830336298700196,Budget_Student
542,5076,3.2902760339363004,Budget_Student
542,4137,4.614435594433912,Budget_Student
542,6994,3.44923637752608,Budget_Student
542,8329,5.0,Budget_Student
542,6651,3.1758029606648916,Budget_Student
542,7274,3.7324311055033252,Budget_Student
542,9824,3.978516884115384,Budget_Student
542,3278,2.6257503440080487,Budget_Student
542,4438,2.580049250735497,Budget_Student
542,6666,5.0,Budget_Student
542,3881,3.4995263045154066,Budget_Student
542,8225,1.2791682302332787,Budget_Student
542,9830,5.0,Budget_Student
542,4043,2.538913118001875,Budget_Student
542,8550,3.3786819217073067,Budget_Student
542,3235,5.0,Budget_Student
542,3313,3.1217240629869902,Budget_Student
542,2279,4.833059689480468,Budget_Student
542,1191,3.1986288015859587,Budget_Student
542,9305,2.7182355291083358,Budget_Student
542,3827,2.1252115104955616,Budget_Student
542,9115,3.184129666305858,Budget_Student
543,10238,3.0706855078598387,Speed_Racer
543,2339,3.199165835902908,Speed_Racer
543,8405,2.7652455285422652,Speed_Racer
543,10121,1.9688325362012873,Speed_Racer
543,6445,2.0039322688232204,Speed_Racer
543,2564,4.347190625362554,Speed_Racer
543,2789,2.815366649350462,Speed_Racer
543,2243,3.2830753840696763,Speed_Racer
543,2629,2.7806434622694365,Speed_Racer
543,9969,5.0,Speed_Racer
543,4532,3.576783643563378,Speed_Racer
543,1743,1.6897993083824554,Speed_Racer
543,1310,3.3499260112081637,Speed_Racer
543,3112,3.38568507070395,Speed_Racer
543,3075,3.331883761880109,Speed_Racer
543,6625,1.6747274905524396,Speed_Racer
543,879,3.447670140411704,Speed_Racer
544,771,3.8566024963813015,Speed_Racer
544,6594,3.5330560842593766,Speed_Racer
544,547,2.8417810502631093,Speed_Racer
544,4241,5.0,Speed_Racer
544,1572,3.450739076847635,Speed_Racer
544,4512,2.776135825460724,Speed_Racer
544,447,3.4289084316201355,Speed_Racer
544,6364,3.223763243867042,Speed_Racer
544,4920,2.6437062197723344,Speed_Racer
544,3282,2.392499615503085,Speed_Racer
544,8498,2.0577393226202347,Speed_Racer
544,8061,2.7372630915330873,Speed_Racer
544,4203,1.8941949089156602,Speed_Racer
544,4511,4.397050438520953,Speed_Racer
544,6063,2.004701415555918,Speed_Racer
545,6288,3.434183001068755,Budget_Student
545,6940,5.0,Budget_Student
545,4196,1.3998165383288264,Budget_Student
545,8106,5.0,Budget_Student
545,535,5.0,Budget_Student
545,3851,3.158030100359006,Budget_Student
545,1676,2.6189219101775096,Budget_Student
545,4279,1.1514524522888205,Budget_Student
545,3644,4.718018884007731,Budget_Student
545,1145,5.0,Budget_Student
545,525,3.579055071794144,Budget_Student
545,1917,3.0230564647730263,Budget_Student
545,7003,5.0,Budget_Student
545,9011,2.5708478930933127,Budget_Student
545,1980,3.2509312377130715,Budget_Student
545,2711,2.58894996830979,Budget_Student
545,3854,4.342208288908645,Budget_Student
545,5084,3.4465867859945427,Budget_Student
546,9146,2.4697215441161537,Speed_Racer
546,4555,3.0925498850139466,Speed_Racer
546,8663,3.257777241616851,Speed_Racer
546,10155,3.3066359061422372,Speed_Racer
546,2274,3.498117715591591,Speed_Racer
546,9309,3.0504599067189737,Speed_Racer
546,4383,3.094898659173958,Speed_Racer
546,6734,3.7638761052943956,Speed_Racer
546,2320,4.138973231822199,Speed_Racer
546,6039,4.1679326783161565,Speed_Racer
546,9848,3.353137578805026,Speed_Racer
546,5884,4.180209954467266,Speed_Racer
546,1874,3.6908723597888655,Speed_Racer
546,7697,2.1578377409262215,Speed_Racer
546,303,2.210251665200421,Speed_Racer
546,8357,3.401335649703074,Speed_Racer
546,8366,3.4749109772602935,Speed_Racer
546,5900,2.8310023995503846,Speed_Racer
546,3338,5.0,Speed_Racer
546,6453,3.6944615961317204,Speed_Racer
546,4841,3.089349787646036,Speed_Racer
546,3789,1.7209216087488357,Speed_Racer
546,9732,2.6022772755397026,Speed_Racer
546,3637,2.017392243578882,Speed_Racer
547,9132,3.2100527313516074,Eco_Warrior
547,593,1.0,Eco_Warrior
547,1496,1.0,Eco_Warrior
547,8159,2.707892893065705,Eco_Warrior
547,10058,4.1800143343182725,Eco_Warrior
547,7251,2.6315196720113896,Eco_Warrior
547,7136,1.1434947354977605,Eco_Warrior
547,232,2.582436808061093,Eco_Warrior
547,8425,3.455069699089949,Eco_Warrior
547,5360,2.7286145193878557,Eco_Warrior
547,3223,3.1198132410111703,Eco_Warrior
547,8380,3.083277024015478,Eco_Warrior
547,8079,2.5048670650499636,Eco_Warrior
547,6468,2.7876677462491464,Eco_Warrior
547,1029,3.404041839318231,Eco_Warrior
547,8124,1.0,Eco_Warrior
547,2451,3.42477784043339,Eco_Warrior
547,9682,2.143662500131108,Eco_Warrior
547,837,1.0240758582731044,Eco_Warrior
547,1619,3.3609815189230625,Eco_Warrior
547,6603,2.5100117817724525,Eco_Warrior
547,2456,3.10870072158131,Eco_Warrior
547,1582,3.2613618771766095,Eco_Warrior
547,7281,3.2254361748591416,Eco_Warrior
548,9182,1.8921497239025196,Luxury_Boss
548,8955,2.6105407449166345,Luxury_Boss
548,9717,1.711393838171234,Luxury_Boss
548,2839,2.0206125936893304,Luxury_Boss
548,202,2.3668042144542114,Luxury_Boss
548,3717,2.003392707576706,Luxury_Boss
548,9120,2.4529114198622963,Luxury_Boss
548,6074,1.539080306761533,Luxury_Boss
548,2989,1.9394604745362947,Luxury_Boss
548,6353,2.415798649719787,Luxury_Boss
548,2765,4.883096864081299,Luxury_Boss
548,1836,1.7322131464980535,Luxury_Boss
548,2451,1.6798440807243828,Luxury_Boss
548,865,2.22604095294271,Luxury_Boss
548,2051,4.880517009817286,Luxury_Boss
549,7426,2.3131909759253686,Luxury_Boss
549,8281,2.2335198359426496,Luxury_Boss
549,4245,2.2504633146206308,Luxury_Boss
549,1333,2.42082055430539,Luxury_Boss
549,6253,4.279453692382545,Luxury_Boss
549,5021,2.0107314285008293,Luxury_Boss
549,5170,1.5840938362934018,Luxury_Boss
549,3984,2.094361253304085,Luxury_Boss
549,1588,2.22523613064618,Luxury_Boss
549,10076,5.0,Luxury_Boss
549,5222,2.424817543161801,Luxury_Boss
549,1006,1.739635039320386,Luxury_Boss
549,9049,3.8029174127366083,Luxury_Boss
549,7867,2.150287267119684,Luxury_Boss
549,10252,2.4699429511714595,Luxury_Boss
549,4169,1.558271878657618,Luxury_Boss
549,2451,1.6814199043080937,Luxury_Boss
550,9291,5.0,Family_Man
550,7782,3.0515790079378493,Family_Man
550,7658,3.7044020521761407,Family_Man
550,7981,3.6385492988428516,Family_Man
550,1454,4.689312715681632,Family_Man
550,5712,2.6620387667773553,Family_Man
550,3712,4.537361819669558,Family_Man
550,7131,4.833124234375186,Family_Man
550,8737,4.367201001147361,Family_Man
550,8845,4.278823347129985,Family_Man
550,2659,5.0,Family_Man
550,331,4.2577969525986665,Family_Man
550,5958,4.880039723884258,Family_Man
550,4716,3.62566975796088,Family_Man
550,7098,3.692344368240105,Family_Man
550,5653,5.0,Family_Man
550,775,4.25130770357025,Family_Man
550,8416,5.0,Family_Man
550,4945,3.271142999745036,Family_Man
550,8154,5.0,Family_Man
550,3682,4.425956587478549,Family_Man
550,7126,5.0,Family_Man
550,10064,4.255663536458992,Family_Man
551,3471,4.260570823464047,Speed_Racer
551,9354,2.7519375285334275,Speed_Racer
551,1668,3.9950860169120603,Speed_Racer
551,6972,3.425455203411331,Speed_Racer
551,2410,3.4218825005484597,Speed_Racer
551,2943,3.579819563514093,Speed_Racer
551,2479,3.3198262264032214,Speed_Racer
551,802,5.0,Speed_Racer
551,1983,5.0,Speed_Racer
551,9263,4.420597609082804,Speed_Racer
551,553,3.0359365068013866,Speed_Racer
551,4221,4.109517342589914,Speed_Racer
551,5192,2.5398146682571885,Speed_Racer
551,4537,3.018892470597492,Speed_Racer
551,8773,3.2604144368006414,Speed_Racer
551,2852,3.528725178056536,Speed_Racer
551,6137,2.710175541512741,Speed_Racer
551,4172,2.8149118138798834,Speed_Racer
551,7004,3.1048497929837815,Speed_Racer
551,8527,2.509706300892246,Speed_Racer
551,6452,2.205411068041694,Speed_Racer
551,5072,2.1584473579688566,Speed_Racer
551,10036,2.9690491742426346,Speed_Racer
552,9644,3.1646359221794036,Eco_Warrior
552,5069,2.903505950056342,Eco_Warrior
552,6971,3.411230155631196,Eco_Warrior
552,7219,3.2638917994266725,Eco_Warrior
552,3103,2.9601052767556206,Eco_Warrior
552,9815,3.189591447181955,Eco_Warrior
552,555,3.090724738993333,Eco_Warrior
552,4069,3.195109834689737,Eco_Warrior
552,2973,1.4660363654084354,Eco_Warrior
552,9994,2.6131220745824297,Eco_Warrior
552,9031,3.1253736749292136,Eco_Warrior
552,6564,2.6428540964441574,Eco_Warrior
552,1833,2.8458766674905953,Eco_Warrior
552,5254,3.1344806504092233,Eco_Warrior
552,5897,1.0,Eco_Warrior
552,7781,2.861876721836678,Eco_Warrior
552,2386,3.3556451943325385,Eco_Warrior
552,4736,2.8143595561234624,Eco_Warrior
552,5256,3.3231876563177574,Eco_Warrior
552,9057,1.1427677938358363,Eco_Warrior
552,317,2.771530992753928,Eco_Warrior
552,6685,2.681124782981626,Eco_Warrior
552,7240,3.1193888126477956,Eco_Warrior
553,158,2.6210909219783347,Eco_Warrior
553,7095,3.3084487969891114,Eco_Warrior
553,3058,2.843825423390644,Eco_Warrior
553,3412,1.12064987076878,Eco_Warrior
553,8660,3.4469960946961713,Eco_Warrior
553,3074,2.9455690501608416,Eco_Warrior
553,6976,3.4334031472099205,Eco_Warrior
553,5905,2.9267456554476534,Eco_Warrior
553,9252,2.7088501185721996,Eco_Warrior
553,8612,1.0,Eco_Warrior
553,8471,2.9659246174115186,Eco_Warrior
553,8554,3.059047695553178,Eco_Warrior
553,6561,3.1021630724236022,Eco_Warrior
553,2087,2.7338784581425157,Eco_Warrior
553,5460,2.8125282162373524,Eco_Warrior
553,6783,2.7499955598133963,Eco_Warrior
553,858,3.3050127210907694,Eco_Warrior
553,8560,3.475073266592887,Eco_Warrior
553,8348,2.8597254300682575,Eco_Warrior
554,824,2.516778329693652,Speed_Racer
554,5432,1.9435486160008115,Speed_Racer
554,9004,3.338676889827154,Speed_Racer
554,3058,3.069201019825285,Speed_Racer
554,9025,2.2325670458049367,Speed_Racer
554,7960,3.0769429874164334,Speed_Racer
554,1382,1.5875595832151284,Speed_Racer
554,5333,2.6491929482102226,Speed_Racer
554,3734,2.799930013624933,Speed_Racer
554,8078,5.0,Speed_Racer
554,6319,4.1290424209273535,Speed_Racer
554,6327,3.8242149648738075,Speed_Racer
554,3495,4.588946346264885,Speed_Racer
554,2029,3.00287625962797,Speed_Racer
554,9484,4.302109976203138,Speed_Racer
554,2496,3.5941404306468248,Speed_Racer
554,7699,3.093806245681865,Speed_Racer
554,7856,1.6923432526462023,Speed_Racer
554,4515,3.567746578400691,Speed_Racer
555,9651,2.4136544510926408,Luxury_Boss
555,8897,2.0232474763104227,Luxury_Boss
555,8448,1.5867034243020994,Luxury_Boss
555,2507,2.8602547203822843,Luxury_Boss
555,6139,2.0628162746157166,Luxury_Boss
555,7027,2.293487064667846,Luxury_Boss
555,3374,1.7455131802474386,Luxury_Boss
555,2584,2.3533028916756784,Luxury_Boss
555,1954,2.9374922756332023,Luxury_Boss
555,1386,2.2042357839106077,Luxury_Boss
555,1485,3.5160036306956823,Luxury_Boss
555,7301,3.585009947315802,Luxury_Boss
555,1379,2.3811911642896533,Luxury_Boss
555,1952,2.398610024536877,Luxury_Boss
555,2904,2.3225269253265175,Luxury_Boss
556,2189,2.6669066470873126,Family_Man
556,1193,1.4276051561059326,Family_Man
556,794,4.885383042351922,Family_Man
556,3114,3.1186823886425405,Family_Man
556,6455,4.400462332788996,Family_Man
556,6273,5.0,Family_Man
556,7122,5.0,Family_Man
556,8247,4.837369212496516,Family_Man
556,4775,3.5206628243283857,Family_Man
556,3228,5.0,Family_Man
556,8984,5.0,Family_Man
556,2458,4.281655529176397,Family_Man
556,7965,4.9805144026580574,Family_Man
556,2645,3.413505419170404,Family_Man
556,2565,3.578475988987468,Family_Man
556,3129,5.0,Family_Man
556,4537,3.2066678184916473,Family_Man
556,1085,5.0,Family_Man
556,336,3.0171115090278717,Family_Man
556,1610,3.5481260415622304,Family_Man
556,4043,4.978119457188059,Family_Man
557,7107,1.2202738817893257,Eco_Warrior
557,3740,1.524182985569034,Eco_Warrior
557,2893,2.4676422239749605,Eco_Warrior
557,3545,1.4816345240755107,Eco_Warrior
557,2878,2.887726164732527,Eco_Warrior
557,1532,3.326477474297105,Eco_Warrior
557,8493,3.304583024913131,Eco_Warrior
557,8600,3.427034652251865,Eco_Warrior
557,7714,3.298520335757101,Eco_Warrior
557,770,1.2024776153032661,Eco_Warrior
557,4988,3.4188368586399527,Eco_Warrior
557,8888,3.437997944778035,Eco_Warrior
557,7708,1.3581471327060817,Eco_Warrior
557,3126,2.71703661335429,Eco_Warrior
557,8924,2.5129186088887345,Eco_Warrior
557,327,2.7709184034554015,Eco_Warrior
557,9954,3.420837446481818,Eco_Warrior
557,915,2.671284214805591,Eco_Warrior
557,7145,2.508989600078413,Eco_Warrior
557,7368,1.0,Eco_Warrior
557,1343,2.384076666991647,Eco_Warrior
557,7352,1.0,Eco_Warrior
557,9836,1.0,Eco_Warrior
557,3998,1.41684568928648,Eco_Warrior
558,4390,4.050101901006549,Luxury_Boss
558,6942,4.364897151975505,Luxury_Boss
558,2443,3.5812754436196754,Luxury_Boss
558,6830,3.0074330547810604,Luxury_Boss
558,3705,1.5634473694930517,Luxury_Boss
558,522,2.417348741475651,Luxury_Boss
558,4160,4.877556197607987,Luxury_Boss
558,1051,2.051454832443986,Luxury_Boss
558,8073,1.7306098691527843,Luxury_Boss
558,6428,1.9159815008089915,Luxury_Boss
558,5525,2.1082218735822376,Luxury_Boss
558,2053,1.7621972812038877,Luxury_Boss
558,4197,1.7844657789134315,Luxury_Boss
558,1574,3.70720376692965,Luxury_Boss
558,8635,2.149805590233098,Luxury_Boss
558,51,1.8565926433812296,Luxury_Boss
558,5718,2.1830845378915753,Luxury_Boss
558,8296,2.0797563962440853,Luxury_Boss
559,7166,2.3705190219935144,Luxury_Boss
559,2739,1.9944065655122551,Luxury_Boss
559,7299,2.062281850579996,Luxury_Boss
559,3279,2.412010967430116,Luxury_Boss
559,2543,3.6121410151344806,Luxury_Boss
559,9964,1.6194523380949257,Luxury_Boss
559,4125,3.357246759408202,Luxury_Boss
559,1856,1.8952163527243575,Luxury_Boss
559,1803,1.5630392966244522,Luxury_Boss
559,9604,2.2505575757516962,Luxury_Boss
559,896,2.2606261667958565,Luxury_Boss
559,5360,1.793587842424091,Luxury_Boss
559,7931,2.210283721621445,Luxury_Boss
559,8370,1.9198899162771355,Luxury_Boss
559,1891,2.2698542355679487,Luxury_Boss
559,3048,2.4260219684352315,Luxury_Boss
559,964,3.9749310398693134,Luxury_Boss
559,5567,1.6921305023057407,Luxury_Boss
559,8282,2.2085734395418655,Luxury_Boss
559,3648,1.530738682880957,Luxury_Boss
559,593,2.288096647438374,Luxury_Boss
559,9521,1.6988681689338028,Luxury_Boss
560,5340,1.83146487156719,Eco_Warrior
560,10235,3.151277940557819,Eco_Warrior
560,2713,3.192822815632012,Eco_Warrior
560,4263,3.0747143290171457,Eco_Warrior
560,1275,2.8001117013662715,Eco_Warrior
560,2538,3.8383685704294206,Eco_Warrior
560,96,2.971065445125192,Eco_Warrior
560,832,3.250681379954551,Eco_Warrior
560,4832,2.9882777772497757,Eco_Warrior
560,5630,1.0,Eco_Warrior
560,2076,2.953512253479206,Eco_Warrior
560,7555,1.0225876842680184,Eco_Warrior
560,9031,3.155357685420584,Eco_Warrior
560,190,1.0,Eco_Warrior
560,2217,2.1494544837610654,Eco_Warrior
560,4703,3.320337168349493,Eco_Warrior
560,1241,1.0,Eco_Warrior
560,531,1.0,Eco_Warrior
560,4907,1.876134579295782,Eco_Warrior
560,5143,2.893100136778312,Eco_Warrior
561,9844,1.1912987197496068,Eco_Warrior
561,5125,2.636715996499798,Eco_Warrior
561,2538,4.319149829653022,Eco_Warrior
561,3843,3.271071082446011,Eco_Warrior
561,3572,3.0704895232626805,Eco_Warrior
561,8575,2.5434731804747073,Eco_Warrior
561,9903,2.897652676821818,Eco_Warrior
561,10108,3.1719617631140675,Eco_Warrior
561,9504,1.0,Eco_Warrior
561,5428,1.2442483932262514,Eco_Warrior
561,1592,2.539726125156023,Eco_Warrior
561,5750,3.248004677750347,Eco_Warrior
561,204,3.3259808311224313,Eco_Warrior
561,5838,3.402175887445203,Eco_Warrior
561,10258,3.4842462605630224,Eco_Warrior
561,1810,2.603937128993457,Eco_Warrior
561,7499,3.300945146328754,Eco_Warrior
562,1950,5.0,Budget_Student
562,204,2.9294605084742633,Budget_Student
562,8536,2.5099272416265648,Budget_Student
562,8198,2.819402727586592,Budget_Student
562,9904,4.795305504895276,Budget_Student
562,3239,1.9141504697728668,Budget_Student
562,5002,3.322707657967723,Budget_Student
562,5903,3.426273784315257,Budget_Student
562,1019,5.0,Budget_Student
562,10004,5.0,Budget_Student
562,5795,3.324806653456797,Budget_Student
562,4114,3.3731118988427444,Budget_Student
562,2079,3.396469349421123,Budget_Student
562,10077,5.0,Budget_Student
562,6116,3.8957494605300096,Budget_Student
562,5241,2.583725797520135,Budget_Student
562,1528,1.135141474523428,Budget_Student
562,6567,1.358714551747128,Budget_Student
562,804,2.613403013167506,Budget_Student
562,9966,5.0,Budget_Student
562,9035,4.820346918141123,Budget_Student
563,7694,2.9246250305946475,Budget_Student
563,9552,3.6506611327517424,Budget_Student
563,8282,3.651517271132174,Budget_Student
563,2991,3.888495361695985,Budget_Student
563,6472,3.4459039866032213,Budget_Student
563,4176,2.820465324078135,Budget_Student
563,10020,3.269627765095692,Budget_Student
563,4443,3.3984422672088637,Budget_Student
563,5794,2.8528473862770705,Budget_Student
563,9773,5.0,Budget_Student
563,10231,5.0,Budget_Student
563,7175,3.064729894740408,Budget_Student
563,3650,5.0,Budget_Student
563,4171,3.680550928749537,Budget_Student
563,6405,1.0,Budget_Student
563,5185,2.562183984028196,Budget_Student
563,7817,3.479724281279508,Budget_Student
563,2105,3.311440606688276,Budget_Student
563,5578,3.960810307593173,Budget_Student
563,1291,4.973417736384142,Budget_Student
564,119,3.1247388094342248,Budget_Student
564,2393,3.46476425790996,Budget_Student
564,7442,5.0,Budget_Student
564,9000,4.908935132732447,Budget_Student
564,2918,3.2964691379629865,Budget_Student
564,7094,3.9476704912008866,Budget_Student
564,6817,3.28851267410074,Budget_Student
564,9319,5.0,Budget_Student
564,1157,2.657595744631306,Budget_Student
564,8200,1.0,Budget_Student
564,1396,3.0894254380130866,Budget_Student
564,4469,3.801751222540847,Budget_Student
564,3393,3.959708519387543,Budget_Student
564,7506,5.0,Budget_Student
564,6487,2.5874781034972085,Budget_Student
564,6591,5.0,Budget_Student
564,3665,4.596853519800906,Budget_Student
564,5341,3.4042507584902957,Budget_Student
564,9198,2.9073971432612478,Budget_Student
564,6925,1.9590191838583801,Budget_Student
564,8095,5.0,Budget_Student
565,7659,1.6121013233273414,Luxury_Boss
565,8913,2.332833221881974,Luxury_Boss
565,7062,1.7034513429314844,Luxury_Boss
565,106,5.0,Luxury_Boss
565,9742,2.43908257673137,Luxury_Boss
565,3976,4.724641992257341,Luxury_Boss
565,618,1.5538456514880052,Luxury_Boss
565,9,2.3215183014718512,Luxury_Boss
565,621,3.0604754925123463,Luxury_Boss
565,8043,1.546629074534215,Luxury_Boss
565,11,1.6061502212003294,Luxury_Boss
565,3000,2.0913156610462567,Luxury_Boss
565,7186,1.8659182195338446,Luxury_Boss
565,2082,3.1819552661295125,Luxury_Boss
565,2302,1.8595090038293283,Luxury_Boss
565,8725,2.3748398988016852,Luxury_Boss
565,1330,2.166383877859487,Luxury_Boss
566,4999,3.444181632868217,Speed_Racer
566,7582,2.9176591734417805,Speed_Racer
566,2083,3.5230326564066674,Speed_Racer
566,1011,3.1756400442366246,Speed_Racer
566,429,2.5919278805265904,Speed_Racer
566,4095,3.3233421596086807,Speed_Racer
566,1563,3.1133164896313623,Speed_Racer
566,7706,2.5619963926183913,Speed_Racer
566,704,3.3141772775260865,Speed_Racer
566,7295,3.402162977342803,Speed_Racer
566,6952,5.0,Speed_Racer
566,9334,5.0,Speed_Racer
566,4186,4.5087233555204715,Speed_Racer
566,8692,2.6172073203558726,Speed_Racer
566,8946,3.196780012532258,Speed_Racer
566,8026,2.552322517467131,Speed_Racer
566,9059,3.466437578621661,Speed_Racer
566,4092,3.0196510297872683,Speed_Racer
566,8824,3.4205416675641915,Speed_Racer
566,9552,3.457560794204512,Speed_Racer
566,4206,3.7438860516264967,Speed_Racer
566,4333,3.835467107035224,Speed_Racer
567,5762,3.536349096130666,Budget_Student
567,8472,3.4496707840826026,Budget_Student
567,4,3.4746235421709737,Budget_Student
567,733,4.845465929375108,Budget_Student
567,6487,2.9745307356602657,Budget_Student
567,9618,3.9699978965990317,Budget_Student
567,6070,2.9611269309292987,Budget_Student
567,4218,2.713152368286096,Budget_Student
567,7158,1.56377321598645,Budget_Student
567,5558,3.2522606772493594,Budget_Student
567,6622,5.0,Budget_Student
567,283,3.265069885524481,Budget_Student
567,1031,5.0,Budget_Student
567,3796,3.0475806592279175,Budget_Student
567,1789,3.723396423541792,Budget_Student
568,6324,3.184143626029109,Budget_Student
568,7545,5.0,Budget_Student
568,9561,1.7259523269290211,Budget_Student
568,1491,3.451510332399596,Budget_Student
568,733,5.0,Budget_Student
568,3822,2.585606722890919,Budget_Student
568,6750,5.0,Budget_Student
568,2192,3.051052647625079,Budget_Student
568,1180,5.0,Budget_Student
568,387,3.377813673548676,Budget_Student
568,9598,3.090965762005408,Budget_Student
568,9900,5.0,Budget_Student
568,293,2.6767404841087856,Budget_Student
568,2262,5.0,Budget_Student
568,3378,3.5779231101019207,Budget_Student
568,7094,3.7807350173048073,Budget_Student
569,6570,3.3922327365531606,Eco_Warrior
569,4174,1.0,Eco_Warrior
569,8026,3.4902561523148963,Eco_Warrior
569,4065,1.4530809288837587,Eco_Warrior
569,2419,1.0,Eco_Warrior
569,3815,3.116995491792311,Eco_Warrior
569,1701,1.0,Eco_Warrior
569,2184,1.0,Eco_Warrior
569,2974,1.330256873365165,Eco_Warrior
569,9952,3.4874554849998303,Eco_Warrior
569,7097,2.541042112296001,Eco_Warrior
569,2139,1.185848532613794,Eco_Warrior
569,7732,2.743926480000374,Eco_Warrior
569,5767,3.164223492076856,Eco_Warrior
569,10075,3.3927241617552735,Eco_Warrior
569,3636,1.3851932400312537,Eco_Warrior
569,5075,4.3110869053462295,Eco_Warrior
569,352,2.8871122945443055,Eco_Warrior
569,7955,1.0947031837094259,Eco_Warrior
569,5250,3.0891011540840005,Eco_Warrior
569,5139,1.0,Eco_Warrior
569,9597,3.490295650134631,Eco_Warrior
570,5152,4.230229021204697,Family_Man
570,7508,1.9364146585964024,Family_Man
570,5936,4.900518713221743,Family_Man
570,7198,3.616476761018306,Family_Man
570,168,3.9637311070168817,Family_Man
570,2848,4.7718792734679925,Family_Man
570,5717,3.841602831320724,Family_Man
570,3111,5.0,Family_Man
570,1026,4.411529101366514,Family_Man
570,7521,4.068037661974394,Family_Man
570,9992,5.0,Family_Man
570,6001,4.518206243895397,Family_Man
570,3960,5.0,Family_Man
570,3355,5.0,Family_Man
570,6300,5.0,Family_Man
570,7722,4.436853493858324,Family_Man
570,3639,4.657033242525752,Family_Man
571,899,2.7849634939142858,Eco_Warrior
571,8289,3.282533225591396,Eco_Warrior
571,775,2.878738354784119,Eco_Warrior
571,8071,3.383498807434958,Eco_Warrior
571,9335,1.405884148418905,Eco_Warrior
571,4859,1.0,Eco_Warrior
571,9949,2.641600168874758,Eco_Warrior
571,5074,3.142615649346997,Eco_Warrior
571,9325,3.1633021356796593,Eco_Warrior
571,9846,1.0,Eco_Warrior
571,8467,3.3128676041366663,Eco_Warrior
571,1636,3.0043578019114383,Eco_Warrior
571,8598,1.4817613249471906,Eco_Warrior
571,4754,1.0,Eco_Warrior
571,4251,1.0,Eco_Warrior
571,2483,2.9497183423753115,Eco_Warrior
571,5878,2.5819604312649678,Eco_Warrior
571,8701,1.0,Eco_Warrior
571,5090,2.8491604650996876,Eco_Warrior
571,417,3.003825297377873,Eco_Warrior
571,693,1.3176359430925606,Eco_Warrior
571,4685,3.429051559343814,Eco_Warrior
571,3844,3.282390616735191,Eco_Warrior
571,896,1.4136358343190107,Eco_Warrior
572,2291,1.022803183304441,Budget_Student
572,7557,2.7867285876037498,Budget_Student
572,4880,3.865686195792643,Budget_Student
572,48,5.0,Budget_Student
572,3864,4.677933517415097,Budget_Student
572,4371,3.710635567791195,Budget_Student
572,440,2.9242363904128936,Budget_Student
572,1672,4.636678987022112,Budget_Student
572,1491,3.133169174947241,Budget_Student
572,6329,3.1114460779201307,Budget_Student
572,9798,2.8595293154610735,Budget_Student
572,4520,3.932303985460521,Budget_Student
572,9169,1.3643864245633432,Budget_Student
572,9693,3.5497800089850915,Budget_Student
572,3697,1.0,Budget_Student
572,8355,3.560420363065155,Budget_Student
572,2936,5.0,Budget_Student
572,2342,2.7519049973502803,Budget_Student
572,5936,3.438061058780411,Budget_Student
572,8455,4.106266041993574,Budget_Student
572,8177,3.080786748329079,Budget_Student
572,1772,4.536575661633057,Budget_Student
572,9616,1.1088336940371737,Budget_Student
573,1430,3.1821282444129975,Eco_Warrior
573,2133,2.5988270668213085,Eco_Warrior
573,7845,1.3696686675875354,Eco_Warrior
573,9563,1.0,Eco_Warrior
573,3479,2.8279744476310995,Eco_Warrior
573,8532,3.2186933477212896,Eco_Warrior
573,9369,1.0357304331613764,Eco_Warrior
573,6844,3.3093399194159727,Eco_Warrior
573,7885,3.219831848568301,Eco_Warrior
573,4051,2.5922447091252496,Eco_Warrior
573,7566,2.613376510029516,Eco_Warrior
573,3759,3.293237950638473,Eco_Warrior
573,7760,1.33065470224013,Eco_Warrior
573,6701,1.0,Eco_Warrior
573,3510,1.2689323153476546,Eco_Warrior
573,6685,3.033220354317238,Eco_Warrior
573,3226,3.3230566573554885,Eco_Warrior
573,1011,2.773745431040915,Eco_Warrior
573,10038,1.0,Eco_Warrior
573,4126,1.264618765355466,Eco_Warrior
573,4504,2.645489999884908,Eco_Warrior
574,6070,2.3479873041370984,Speed_Racer
574,9079,1.7151299469581995,Speed_Racer
574,4080,3.227814775935265,Speed_Racer
574,713,3.378019454681358,Speed_Racer
574,868,5.0,Speed_Racer
574,9140,2.114797209329882,Speed_Racer
574,2894,3.254939486370488,Speed_Racer
574,838,2.1263948670667836,Speed_Racer
574,492,4.421730233349656,Speed_Racer
574,5067,2.3578560428264725,Speed_Racer
574,6690,3.0258318174944026,Speed_Racer
574,2447,5.0,Speed_Racer
574,7078,3.3275775553423848,Speed_Racer
574,3923,3.3153633753797394,Speed_Racer
574,10022,2.5006432691860816,Speed_Racer
574,6734,3.3253230916184036,Speed_Racer
574,641,3.45374796776685,Speed_Racer
574,10079,4.872958574600063,Speed_Racer
574,2922,2.0747508491294555,Speed_Racer
574,9962,2.5732627408774444,Speed_Racer
574,7040,2.6466126554028295,Speed_Racer
574,5783,4.264160556875423,Speed_Racer
575,8844,2.1099157311865206,Luxury_Boss
575,3823,2.0756459202207167,Luxury_Boss
575,8930,2.110770556724715,Luxury_Boss
575,115,1.9429245768617027,Luxury_Boss
575,9237,3.200956167921304,Luxury_Boss
575,3231,2.2257213959109876,Luxury_Boss
575,8938,5.0,Luxury_Boss
575,5558,1.6471682972249941,Luxury_Boss
575,5747,1.5635242513628758,Luxury_Boss
575,8861,4.288746300546145,Luxury_Boss
575,4588,1.7921507306830096,Luxury_Boss
575,7849,1.5130637302162289,Luxury_Boss
575,7566,2.32430682096324,Luxury_Boss
575,9567,2.0727221297126754,Luxury_Boss
575,9010,2.188889645162797,Luxury_Boss
575,1393,3.9640381143044623,Luxury_Boss
575,6922,1.529294289017673,Luxury_Boss
575,5642,2.019901084709347,Luxury_Boss
576,4169,4.551580771746661,Family_Man
576,1228,2.555297056781974,Family_Man
576,3862,2.583079305497748,Family_Man
576,10089,1.9027111580007894,Family_Man
576,8699,5.0,Family_Man
576,2390,3.688780024096036,Family_Man
576,3597,5.0,Family_Man
576,9401,4.559545909325947,Family_Man
576,5433,2.996555779440742,Family_Man
576,803,5.0,Family_Man
576,5224,5.0,Family_Man
576,1681,5.0,Family_Man
576,5822,5.0,Family_Man
576,5216,2.6815897441751764,Family_Man
576,2400,4.94402756456112,Family_Man
576,9212,5.0,Family_Man
576,5574,5.0,Family_Man
576,5206,5.0,Family_Man
576,6840,4.4780851967338835,Family_Man
577,4087,3.9105871504343535,Budget_Student
577,10160,3.612844221086508,Budget_Student
577,6946,1.0,Budget_Student
577,325,1.0927811061968824,Budget_Student
577,5038,3.428482903950973,Budget_Student
577,6494,2.875872130473236,Budget_Student
577,1450,3.179868715771972,Budget_Student
577,4651,2.993494013259915,Budget_Student
577,6744,3.4349757354258994,Budget_Student
577,4314,3.844575927470088,Budget_Student
577,7669,5.0,Budget_Student
577,8000,5.0,Budget_Student
577,8303,2.5322588809864524,Budget_Student
577,6732,3.6195797556800744,Budget_Student
577,1088,5.0,Budget_Student
577,1892,3.2482094190545068,Budget_Student
577,7037,3.0121957558426966,Budget_Student
577,8030,5.0,Budget_Student
577,9181,3.5901910951231324,Budget_Student
577,9414,3.795454804071397,Budget_Student
577,6500,5.0,Budget_Student
577,9717,5.0,Budget_Student
577,2692,3.431521781196061,Budget_Student
578,10232,1.6346525079958831,Luxury_Boss
578,8173,1.6650700317493663,Luxury_Boss
578,6755,2.1372928136899567,Luxury_Boss
578,5491,2.085253873169142,Luxury_Boss
578,9668,2.3355998798621953,Luxury_Boss
578,3379,2.053149739039453,Luxury_Boss
578,10066,2.744347943198128,Luxury_Boss
578,1539,1.7788644550795638,Luxury_Boss
578,1427,2.191516266038342,Luxury_Boss
578,1495,2.3827326301993383,Luxury_Boss
578,5151,2.886813726807658,Luxury_Boss
578,5538,3.436251812694811,Luxury_Boss
578,9198,1.572411938209262,Luxury_Boss
578,5028,4.267903553315061,Luxury_Boss
578,657,2.1294525323237634,Luxury_Boss
578,2815,3.5912592501528087,Luxury_Boss
578,6858,3.6116844247421307,Luxury_Boss
578,4066,1.5296287541848763,Luxury_Boss
578,1501,2.3152143355769024,Luxury_Boss
578,1664,3.575851002055016,Luxury_Boss
578,824,2.1893952597729873,Luxury_Boss
578,2054,2.3979093086179883,Luxury_Boss
579,6582,1.52068709744814,Luxury_Boss
579,7992,1.5555508793317956,Luxury_Boss
579,5754,2.041186855018215,Luxury_Boss
579,9306,2.277255711022989,Luxury_Boss
579,9950,1.6764920128374052,Luxury_Boss
579,6593,2.4879911750923345,Luxury_Boss
579,2052,2.3335611605267625,Luxury_Boss
579,6594,4.807942287459649,Luxury_Boss
579,9941,1.635726426730478,Luxury_Boss
579,368,3.2025912896820685,Luxury_Boss
579,1338,3.6357161204876007,Luxury_Boss
579,9569,2.387217670936569,Luxury_Boss
579,16,2.3113021835771557,Luxury_Boss
579,597,3.668889971244654,Luxury_Boss
579,3968,1.7427045392263159,Luxury_Boss
579,9728,4.193617087668019,Luxury_Boss
579,5848,2.2520476914082037,Luxury_Boss
579,3877,4.309100431003158,Luxury_Boss
579,8527,2.1818612485996587,Luxury_Boss
579,4716,3.543384583762508,Luxury_Boss
579,765,2.0895132519096524,Luxury_Boss
580,8248,3.5328009587933664,Speed_Racer
580,1539,2.08754629850901,Speed_Racer
580,264,2.869565038527646,Speed_Racer
580,918,2.5038415595719714,Speed_Racer
580,1307,3.03647315971701,Speed_Racer
580,9913,2.667754364737079,Speed_Racer
580,7071,3.112205098834363,Speed_Racer
580,2371,3.8468422377515816,Speed_Racer
580,1616,2.3124549235323606,Speed_Racer
580,9165,2.951517580429143,Speed_Racer
580,6328,3.0747893225625194,Speed_Racer
580,1608,2.704105550251882,Speed_Racer
580,2811,5.0,Speed_Racer
580,749,5.0,Speed_Racer
580,8296,2.0488053078762634,Speed_Racer
580,2560,3.4004677862259207,Speed_Racer
580,3142,5.0,Speed_Racer
580,6180,2.3007383570960713,Speed_Racer
580,4289,5.0,Speed_Racer
581,379,2.5485229528430393,Eco_Warrior
581,156,3.2606945597502177,Eco_Warrior
581,694,1.3085503431197933,Eco_Warrior
581,9665,1.0,Eco_Warrior
581,1043,2.721480579722388,Eco_Warrior
581,797,2.968811260792028,Eco_Warrior
581,6662,2.561900274243024,Eco_Warrior
581,5084,3.1245970989548613,Eco_Warrior
581,6913,2.5316653394453312,Eco_Warrior
581,3498,2.5870300197214746,Eco_Warrior
581,1377,3.033563738766432,Eco_Warrior
581,1849,2.742138839333972,Eco_Warrior
581,3805,2.703579560528463,Eco_Warrior
581,6051,2.5994953017636266,Eco_Warrior
581,132,1.7675385537583668,Eco_Warrior
581,8242,3.330954883804072,Eco_Warrior
581,4006,1.0,Eco_Warrior
581,8818,2.6467813023791225,Eco_Warrior
581,2078,4.381932799322297,Eco_Warrior
581,9926,3.143832115591012,Eco_Warrior
581,10025,1.2063189650935984,Eco_Warrior
582,9833,1.837825146221248,Eco_Warrior
582,4735,2.9989027101651984,Eco_Warrior
582,6484,2.5874712445472596,Eco_Warrior
582,8258,2.7678591899347134,Eco_Warrior
582,1889,3.254722609665207,Eco_Warrior
582,6607,2.5504686077179426,Eco_Warrior
582,2873,2.856829765581109,Eco_Warrior
582,8427,3.41491492748964,Eco_Warrior
582,3795,2.837903616215373,Eco_Warrior
582,5552,2.8705324382588437,Eco_Warrior
582,10120,1.0,Eco_Warrior
582,6771,3.1146179520215806,Eco_Warrior
582,6389,2.7027996927930085,Eco_Warrior
582,6316,1.0,Eco_Warrior
582,315,1.2351427403210362,Eco_Warrior
582,5056,1.0687904711462015,Eco_Warrior
582,7714,3.266933047091437,Eco_Warrior
582,2126,3.446210326679225,Eco_Warrior
582,6119,2.5446374620712655,Eco_Warrior
582,2401,1.2150138798459897,Eco_Warrior
582,4082,2.0131806163445285,Eco_Warrior
582,1077,2.520147802230779,Eco_Warrior
583,7443,4.045847349099338,Family_Man
583,9557,5.0,Family_Man
583,9651,3.049623151055292,Family_Man
583,9782,4.595265598111731,Family_Man
583,7062,4.5048274867558815,Family_Man
583,9114,4.094634084300839,Family_Man
583,5861,5.0,Family_Man
583,1628,3.570500349574117,Family_Man
583,5869,4.06824338935204,Family_Man
583,5636,4.955376650721448,Family_Man
583,9776,4.530959338579154,Family_Man
583,3867,3.158974724722902,Family_Man
583,8246,4.339930540739739,Family_Man
583,6544,2.527556174820014,Family_Man
583,6137,5.0,Family_Man
583,1019,2.604650055189272,Family_Man
583,9254,4.140791952183042,Family_Man
583,6249,4.582815194839969,Family_Man
583,9015,3.2712805031380725,Family_Man
583,10030,3.9264860038727702,Family_Man
583,8359,4.226676668245301,Family_Man
583,9056,3.9829865814268985,Family_Man
583,8208,4.894956954232778,Family_Man
584,4239,3.5002911448140654,Luxury_Boss
584,6945,2.2651307163527235,Luxury_Boss
584,6505,2.2788477807744316,Luxury_Boss
584,1096,1.5603907518697866,Luxury_Boss
584,10129,3.7646450086564913,Luxury_Boss
584,7172,4.032436071739426,Luxury_Boss
584,9125,2.058843249520368,Luxury_Boss
584,5869,1.8374021049720963,Luxury_Boss
584,6009,2.4932334388908632,Luxury_Boss
584,4886,3.3736370481854796,Luxury_Boss
584,5185,1.6664222813646825,Luxury_Boss
584,9115,2.8021017956591927,Luxury_Boss
584,4552,1.7306497776456395,Luxury_Boss
584,8512,2.4927848313368868,Luxury_Boss
584,6350,1.999581835026067,Luxury_Boss
584,9746,1.660244920586328,Luxury_Boss
584,2037,2.316522408935816,Luxury_Boss
584,9969,2.805174280882292,Luxury_Boss
584,826,1.5653729992795582,Luxury_Boss
585,10210,4.577010775635069,Budget_Student
585,5728,3.034071116796939,Budget_Student
585,765,3.1670693953548876,Budget_Student
585,2663,3.515541429573583,Budget_Student
585,1291,5.0,Budget_Student
585,1505,2.984211999965776,Budget_Student
585,2768,3.106079258430495,Budget_Student
585,894,3.0316912854176596,Budget_Student
585,8785,3.9455989855262756,Budget_Student
585,2254,3.4264686187894897,Budget_Student
585,8761,5.0,Budget_Student
585,3411,2.822231770622199,Budget_Student
585,7328,3.4007493111019627,Budget_Student
585,592,3.088060153999233,Budget_Student
585,10089,1.4906916761038262,Budget_Student
585,2172,3.6749353996802316,Budget_Student
585,1611,3.6727123966678192,Budget_Student
585,4461,2.805394970059799,Budget_Student
585,254,2.71765367345184,Budget_Student
585,6589,3.576693288583007,Budget_Student
585,4238,2.708416457807406,Budget_Student
586,2352,1.2050565180063961,Budget_Student
586,7932,2.7023745621753377,Budget_Student
586,4979,1.5692142860557872,Budget_Student
586,4181,5.0,Budget_Student
586,1564,1.0830361641810011,Budget_Student
586,2972,3.187215483530317,Budget_Student
586,8232,1.3592145365229185,Budget_Student
586,2500,3.4433440220778806,Budget_Student
586,5358,3.1324625094806886,Budget_Student
586,7013,5.0,Budget_Student
586,7633,5.0,Budget_Student
586,889,3.0463232748502342,Budget_Student
586,2087,5.0,Budget_Student
586,4804,3.247319189791532,Budget_Student
586,6032,5.0,Budget_Student
586,5406,5.0,Budget_Student
586,857,5.0,Budget_Student
586,9198,3.0176140480061857,Budget_Student
586,9371,3.0898753582860614,Budget_Student
586,6000,5.0,Budget_Student
586,2124,2.9047323829924205,Budget_Student
586,4063,4.051892132825312,Budget_Student
586,5229,1.0331662845303362,Budget_Student
587,9540,2.7301177952980042,Budget_Student
587,6190,1.955560967908577,Budget_Student
587,7619,3.461596854075014,Budget_Student
587,6032,5.0,Budget_Student
587,6414,5.0,Budget_Student
587,5199,3.743303538728992,Budget_Student
587,2773,2.6501087973939024,Budget_Student
587,4359,4.588138641752573,Budget_Student
587,9620,3.5380256956175895,Budget_Student
587,2241,3.008642972058267,Budget_Student
587,458,3.9677913175277078,Budget_Student
587,526,5.0,Budget_Student
587,1619,5.0,Budget_Student
587,9743,1.4942593265076698,Budget_Student
587,9100,3.045762020825864,Budget_Student
587,9750,4.667934453359643,Budget_Student
587,4646,5.0,Budget_Student
587,5294,5.0,Budget_Student
587,865,3.1704351125546975,Budget_Student
587,5840,3.93924128279785,Budget_Student
588,8557,3.3336800000324662,Budget_Student
588,610,4.825835229623334,Budget_Student
588,6073,5.0,Budget_Student
588,8126,4.770952450395532,Budget_Student
588,8599,3.011663463790587,Budget_Student
588,5178,3.0753097474304214,Budget_Student
588,6640,5.0,Budget_Student
588,716,3.418826706610502,Budget_Student
588,10289,1.0746643067233148,Budget_Student
588,8595,3.464985246768181,Budget_Student
588,4952,2.5736876928887473,Budget_Student
588,6163,3.361544076856419,Budget_Student
588,8672,5.0,Budget_Student
588,9828,2.926418289755062,Budget_Student
588,5013,4.832370051656619,Budget_Student
588,9534,3.06246050009805,Budget_Student
588,2424,4.656896425499915,Budget_Student
589,1009,3.2139755997775143,Eco_Warrior
589,10287,2.493129161332691,Eco_Warrior
589,6223,1.4076378745330906,Eco_Warrior
589,2104,1.0,Eco_Warrior
589,2391,1.0,Eco_Warrior
589,9363,3.3072802430343153,Eco_Warrior
589,7702,2.9050313864102115,Eco_Warrior
589,3340,2.757001661636803,Eco_Warrior
589,4250,1.360943557770002,Eco_Warrior
589,3968,3.137094609165916,Eco_Warrior
589,580,2.8782323999236317,Eco_Warrior
589,3534,2.807248613789203,Eco_Warrior
589,1696,2.6200008800358106,Eco_Warrior
589,2713,3.1122677368398213,Eco_Warrior
589,4959,2.5605180271581918,Eco_Warrior
589,1596,3.1997408576328024,Eco_Warrior
589,7715,3.0467780529623267,Eco_Warrior
589,9857,2.6786651489513003,Eco_Warrior
589,5986,3.466579511440135,Eco_Warrior
589,8035,3.220941161271972,Eco_Warrior
589,5857,3.2828641570150734,Eco_Warrior
589,4357,3.237492822502978,Eco_Warrior
589,2965,2.7029576052405986,Eco_Warrior
590,4727,2.971930712764159,Eco_Warrior
590,1861,2.5428373098369415,Eco_Warrior
590,2798,3.239461722910007,Eco_Warrior
590,3593,1.773233810925438,Eco_Warrior
590,7639,2.532544821609658,Eco_Warrior
590,112,2.9280924663798755,Eco_Warrior
590,1970,4.460378217930215,Eco_Warrior
590,5619,3.2009008514925847,Eco_Warrior
590,3022,3.077333097631465,Eco_Warrior
590,4737,2.6286534217073885,Eco_Warrior
590,5185,2.6142981878966434,Eco_Warrior
590,3648,3.4265931422228544,Eco_Warrior
590,6663,3.0918199731289153,Eco_Warrior
590,9534,1.1646555900941946,Eco_Warrior
590,873,2.204199742604752,Eco_Warrior
590,5669,1.2959527135685058,Eco_Warrior
590,7584,1.822774827288494,Eco_Warrior
590,4755,2.7727611055531978,Eco_Warrior
590,7429,3.416729091847431,Eco_Warrior
590,9846,1.101944063598349,Eco_Warrior
590,268,3.4266702313767534,Eco_Warrior
590,3359,2.624419414773178,Eco_Warrior
590,5067,2.065083333798972,Eco_Warrior
590,5423,1.0,Eco_Warrior
591,5254,1.0,Budget_Student
591,2868,3.8187907908881646,Budget_Student
591,3307,2.828519643102281,Budget_Student
591,276,3.883388589368413,Budget_Student
591,3105,1.351219682467094,Budget_Student
591,10199,3.9618935515124485,Budget_Student
591,6648,3.018469323303961,Budget_Student
591,8682,3.1170372789488834,Budget_Student
591,9495,1.9548922308880003,Budget_Student
591,2713,5.0,Budget_Student
591,3787,3.997716066015728,Budget_Student
591,8069,3.04287486365677,Budget_Student
591,7852,3.9652282347040515,Budget_Student
591,10192,3.6124647417836737,Budget_Student
591,7084,5.0,Budget_Student
591,3788,3.5177544462159624,Budget_Student
591,721,3.6153222395385485,Budget_Student
591,7712,3.3753483605213184,Budget_Student
592,9674,3.0780405514310587,Eco_Warrior
592,2568,2.5047238246545116,Eco_Warrior
592,6900,2.98598316281321,Eco_Warrior
592,2082,1.0921556875931762,Eco_Warrior
592,6754,1.0,Eco_Warrior
592,10121,1.507573743562718,Eco_Warrior
592,9347,2.6219973471855416,Eco_Warrior
592,9765,3.0608427452035967,Eco_Warrior
592,2172,3.384602481335986,Eco_Warrior
592,7543,1.0,Eco_Warrior
592,985,2.8010980646945827,Eco_Warrior
592,2924,3.364362703641188,Eco_Warrior
592,7045,3.456877835182647,Eco_Warrior
592,3528,3.1027610285346445,Eco_Warrior
592,3039,2.7563225493037735,Eco_Warrior
592,7179,2.7403516799403325,Eco_Warrior
592,1822,4.282666326733039,Eco_Warrior
592,8447,2.9821489015710996,Eco_Warrior
592,2477,2.603044216597971,Eco_Warrior
592,824,3.2032815914392683,Eco_Warrior
593,1522,5.0,Family_Man
593,7864,2.885186504769302,Family_Man
593,2308,4.385092082491379,Family_Man
593,9226,3.1213764985792483,Family_Man
593,5261,4.61972529346076,Family_Man
593,1622,3.514654046435606,Family_Man
593,5784,5.0,Family_Man
593,8178,4.58663197544573,Family_Man
593,8163,5.0,Family_Man
593,6897,5.0,Family_Man
593,9356,4.490247875081459,Family_Man
593,618,4.187269563038738,Family_Man
593,9528,3.708794716127749,Family_Man
593,4965,5.0,Family_Man
593,5102,4.424338489620142,Family_Man
593,3853,4.046489269912614,Family_Man
593,9693,4.544331255164717,Family_Man
594,49,2.0059429670377362,Luxury_Boss
594,9765,2.3902161182318693,Luxury_Boss
594,2605,2.0868244165823895,Luxury_Boss
594,3566,2.4684245419828783,Luxury_Boss
594,7233,4.699290916499171,Luxury_Boss
594,4530,4.175302702575883,Luxury_Boss
594,8800,3.0881021876698433,Luxury_Boss
594,6996,1.8946109656709924,Luxury_Boss
594,3155,1.5703294227362088,Luxury_Boss
594,9103,3.8460675870894327,Luxury_Boss
594,4649,2.337091979858696,Luxury_Boss
594,306,2.374873657577615,Luxury_Boss
594,3641,2.2565073371781414,Luxury_Boss
594,409,1.6549748084490097,Luxury_Boss
594,9718,2.443964708228287,Luxury_Boss
594,8347,1.6253830248281425,Luxury_Boss
594,8845,1.5474651351925681,Luxury_Boss
594,8705,2.175277656160678,Luxury_Boss
594,9482,1.7175150737560794,Luxury_Boss
594,5556,1.7845159192672342,Luxury_Boss
594,4652,1.9219328014681447,Luxury_Boss
595,3094,2.9956942835099825,Eco_Warrior
595,2475,3.137129290758485,Eco_Warrior
595,5338,2.93624694733016,Eco_Warrior
595,7236,1.0,Eco_Warrior
595,3767,1.0,Eco_Warrior
595,7479,3.2999797107896978,Eco_Warrior
595,3217,1.0,Eco_Warrior
595,3963,3.4812338381832544,Eco_Warrior
595,402,3.3065642357380662,Eco_Warrior
595,5588,2.538811879876835,Eco_Warrior
595,8112,3.0742317143101747,Eco_Warrior
595,6164,3.436767276448718,Eco_Warrior
595,2293,1.711914405406639,Eco_Warrior
595,7412,3.026528074961409,Eco_Warrior
595,8335,1.9022184375887,Eco_Warrior
595,6604,3.3642454239778954,Eco_Warrior
595,9853,2.5681454196591202,Eco_Warrior
595,5607,1.0,Eco_Warrior
595,8820,1.4437247251088907,Eco_Warrior
595,8343,2.8988421972156475,Eco_Warrior
596,3811,1.6708172119949776,Luxury_Boss
596,2941,2.3112560303903074,Luxury_Boss
596,496,2.5389136073287366,Luxury_Boss
596,5459,2.0340857838383166,Luxury_Boss
596,4890,1.648833162415933,Luxury_Boss
596,3177,2.365050605109161,Luxury_Boss
596,3002,4.80621137314561,Luxury_Boss
596,4559,2.780591262207005,Luxury_Boss
596,7550,1.9237355622859684,Luxury_Boss
596,7931,1.7412115831601715,Luxury_Boss
596,3208,4.461156663120807,Luxury_Boss
596,2822,2.0974945923789265,Luxury_Boss
596,1779,2.003667435948567,Luxury_Boss
596,2737,2.2767409645630137,Luxury_Boss
596,9483,2.29564828335039,Luxury_Boss
596,9375,1.792963110757384,Luxury_Boss
596,8461,2.312994114645955,Luxury_Boss
596,8075,1.603275234891779,Luxury_Boss
596,3561,2.370561047741061,Luxury_Boss
596,8443,2.063212457186028,Luxury_Boss
597,1012,4.004679035864849,Family_Man
597,66,4.396388065119694,Family_Man
597,4201,3.7189424994976275,Family_Man
597,9374,4.808937925719993,Family_Man
597,5009,4.113670067199651,Family_Man
597,572,4.400394554285459,Family_Man
597,7575,5.0,Family_Man
597,6621,4.08973208720915,Family_Man
597,2078,3.6922655597010157,Family_Man
597,3018,4.520586876563038,Family_Man
597,2922,4.207909126146729,Family_Man
597,2540,3.748737111974576,Family_Man
597,371,5.0,Family_Man
597,1820,4.553890297716814,Family_Man
597,9711,5.0,Family_Man
597,7022,5.0,Family_Man
597,2559,4.5466783779748745,Family_Man
597,8034,4.90945589037605,Family_Man
597,698,5.0,Family_Man
598,7083,2.7363947427463122,Budget_Student
598,2688,1.4880521535836677,Budget_Student
598,8840,3.1734330653639824,Budget_Student
598,8337,3.068588479232823,Budget_Student
598,9087,5.0,Budget_Student
598,9555,3.299852918955153,Budget_Student
598,912,1.8641135700150016,Budget_Student
598,9658,3.712836096152056,Budget_Student
598,2558,2.8002909719916476,Budget_Student
598,3571,4.689126864782287,Budget_Student
598,7774,5.0,Budget_Student
598,7812,2.544551240903571,Budget_Student
598,8939,5.0,Budget_Student
598,5849,3.642996500908872,Budget_Student
598,1199,3.289234471922309,Budget_Student
598,4845,2.5560502183660194,Budget_Student
598,3043,5.0,Budget_Student
599,7755,2.552264945402528,Family_Man
599,3121,2.902111379539873,Family_Man
599,4687,3.020135645602668,Family_Man
599,9905,4.816794927195375,Family_Man
599,4901,3.082200143080696,Family_Man
599,8196,5.0,Family_Man
599,2330,3.927602987243189,Family_Man
599,8339,4.813289414070168,Family_Man
599,5529,5.0,Family_Man
599,848,4.499277335991796,Family_Man
599,8072,5.0,Family_Man
599,3736,4.0991907949455895,Family_Man
599,8542,5.0,Family_Man
599,7712,1.4922993718466793,Family_Man
599,289,3.0762896643573683,Family_Man
599,6966,3.679080651863024,Family_Man
599,6572,4.780993534351625,Family_Man
599,6180,5.0,Family_Man
599,2172,2.9166441436495276,Family_Man
599,8130,3.140078592604744,Family_Man
599,1416,4.063860123646751,Family_Man
599,61,4.471307868695588,Family_Man
599,2472,2.767387348756956,Family_Man
599,9326,4.465079630431845,Family_Man
600,287,3.3314469732052294,Eco_Warrior
600,8182,1.0,Eco_Warrior
600,7820,2.786836774441512,Eco_Warrior
600,6330,2.681834947052609,Eco_Warrior
600,6153,2.920468815465546,Eco_Warrior
600,2149,3.4285797155017077,Eco_Warrior
600,6366,1.988899304294425,Eco_Warrior
600,5330,3.460689277107857,Eco_Warrior
600,9667,1.0,Eco_Warrior
600,1408,3.09475119059478,Eco_Warrior
600,1033,3.0592017850846127,Eco_Warrior
600,4561,3.123755231125042,Eco_Warrior
600,96,2.557507304906601,Eco_Warrior
600,6655,1.5795443411927164,Eco_Warrior
600,221,3.0020229703420953,Eco_Warrior
600,8914,3.087644235811615,Eco_Warrior
600,5560,1.908183059023199,Eco_Warrior
600,9621,2.195379043036768,Eco_Warrior
600,5641,1.0,Eco_Warrior
601,9430,4.619402244336612,Budget_Student
601,9716,4.3093776536510005,Budget_Student
601,6604,2.9707820445424566,Budget_Student
601,3946,1.8212128261499076,Budget_Student
601,7016,5.0,Budget_Student
601,470,2.568495387428251,Budget_Student
601,3456,2.7393290051979418,Budget_Student
601,6411,3.357916463462034,Budget_Student
601,3502,3.2098625480672442,Budget_Student
601,1352,5.0,Budget_Student
601,7530,3.142376632980099,Budget_Student
601,7031,3.195074887344285,Budget_Student
601,8848,2.9461236531682222,Budget_Student
601,7599,1.0,Budget_Student
601,3200,3.4344578515483013,Budget_Student
601,7521,5.0,Budget_Student
601,7103,1.651965189269789,Budget_Student
601,7961,1.0,Budget_Student
601,4847,3.6714541771775586,Budget_Student
601,3993,3.1107564922295285,Budget_Student
601,10205,3.3660348599191727,Budget_Student
601,1704,3.626409298553562,Budget_Student
601,7980,3.752434915828042,Budget_Student
602,29,5.0,Family_Man
602,1912,2.8846943172898936,Family_Man
602,4202,4.062368811196539,Family_Man
602,3740,2.7583580318492933,Family_Man
602,5518,3.362419921143413,Family_Man
602,8690,3.72972596963199,Family_Man
602,2696,4.989905268346757,Family_Man
602,4509,4.841714890381605,Family_Man
602,3779,5.0,Family_Man
602,7919,3.104905063715417,Family_Man
602,7845,4.7932892397164055,Family_Man
602,1228,3.49965145589841,Family_Man
602,7896,4.901643847203949,Family_Man
602,717,3.9751117480325804,Family_Man
602,2494,4.022448798759435,Family_Man
602,4663,4.279022688957249,Family_Man
602,9671,4.170853427680978,Family_Man
602,3015,3.495608878642165,Family_Man
602,1526,5.0,Family_Man
602,4783,5.0,Family_Man
603,6995,3.4635902781003685,Eco_Warrior
603,7206,1.0795134429312685,Eco_Warrior
603,8461,3.183994753369769,Eco_Warrior
603,4664,1.9809739878409507,Eco_Warrior
603,8010,2.7448988465075628,Eco_Warrior
603,5844,2.586212908770392,Eco_Warrior
603,3222,1.091964421304482,Eco_Warrior
603,3609,3.2301528814023053,Eco_Warrior
603,2545,2.7858953008678995,Eco_Warrior
603,2312,1.0606816302263766,Eco_Warrior
603,7602,2.3850272331561855,Eco_Warrior
603,2191,2.182516699261127,Eco_Warrior
603,281,3.0524846626921236,Eco_Warrior
603,1339,1.45078915257956,Eco_Warrior
603,3905,1.0,Eco_Warrior
603,2819,3.456970000721506,Eco_Warrior
603,7067,3.438849354249622,Eco_Warrior
603,2324,3.1126075577711316,Eco_Warrior
604,3468,3.2644544057435105,Eco_Warrior
604,1751,1.4727103826425405,Eco_Warrior
604,8685,1.1677950352301845,Eco_Warrior
604,1376,2.7497681139820056,Eco_Warrior
604,4159,3.2569624062733573,Eco_Warrior
604,3264,2.9431598194777306,Eco_Warrior
604,1887,1.7021690109251488,Eco_Warrior
604,5025,2.572144936464448,Eco_Warrior
604,4161,3.0882644765013803,Eco_Warrior
604,694,1.0,Eco_Warrior
604,5508,3.4054076100736994,Eco_Warrior
604,8600,3.437174562198102,Eco_Warrior
604,9212,2.679294974240722,Eco_Warrior
604,3502,2.6440468410141924,Eco_Warrior
604,5747,1.0,Eco_Warrior
604,7195,3.072559261696965,Eco_Warrior
604,7513,3.347774216780137,Eco_Warrior
604,8176,1.4582611811549069,Eco_Warrior
605,2897,3.6257906855581754,Luxury_Boss
605,5478,3.106812112613735,Luxury_Boss
605,3980,2.3841633208974122,Luxury_Boss
605,4698,2.179685901963781,Luxury_Boss
605,5170,1.7397353096623687,Luxury_Boss
605,9980,2.203818975623741,Luxury_Boss
605,3823,1.5298372032883756,Luxury_Boss
605,9239,2.378702246710124,Luxury_Boss
605,1650,2.4716281185671543,Luxury_Boss
605,3217,1.6528323115474703,Luxury_Boss
605,8929,1.7362398306712292,Luxury_Boss
605,7718,1.6274271753061273,Luxury_Boss
605,51,2.240170045329799,Luxury_Boss
605,5243,1.5663827480507397,Luxury_Boss
605,6588,1.6810700499245352,Luxury_Boss
605,5458,2.3588951767361515,Luxury_Boss
605,6521,1.6869878979910404,Luxury_Boss
605,3682,2.183957428363997,Luxury_Boss
605,4722,1.7025500835626968,Luxury_Boss
605,3562,3.7823263681498145,Luxury_Boss
605,6915,2.1743238675407572,Luxury_Boss
605,9450,1.8174617458802704,Luxury_Boss
606,10032,4.816021811343906,Family_Man
606,4407,4.2011457522797055,Family_Man
606,1179,5.0,Family_Man
606,9436,4.008865738893404,Family_Man
606,8976,4.143574139823575,Family_Man
606,4122,2.5623166191261673,Family_Man
606,3931,2.527265051390059,Family_Man
606,8053,2.756525314949066,Family_Man
606,5750,3.8619773800808965,Family_Man
606,4230,2.872013325674607,Family_Man
606,4160,4.730310505823775,Family_Man
606,546,5.0,Family_Man
606,10156,5.0,Family_Man
606,940,3.5126484653400434,Family_Man
606,3613,3.7389892561820948,Family_Man
606,1293,4.3990732904998815,Family_Man
606,7137,3.568353223619339,Family_Man
606,3231,3.1901530009502084,Family_Man
607,6472,3.391503853160587,Speed_Racer
607,4663,2.9986613676739546,Speed_Racer
607,1392,2.70139083185366,Speed_Racer
607,4959,3.116369697761701,Speed_Racer
607,6456,3.8262345672029108,Speed_Racer
607,4070,3.46327897603901,Speed_Racer
607,7233,2.718213297563103,Speed_Racer
607,1437,3.561048571224547,Speed_Racer
607,5771,2.9100538105505027,Speed_Racer
607,4726,2.977038454551237,Speed_Racer
607,9392,3.5093167754516603,Speed_Racer
607,4201,2.3605652992379724,Speed_Racer
607,4842,3.050405203315357,Speed_Racer
607,588,1.999194263040251,Speed_Racer
607,9369,4.818910682509543,Speed_Racer
608,3209,3.5731874018852947,Luxury_Boss
608,7484,4.448499698499089,Luxury_Boss
608,8291,1.7114180609494458,Luxury_Boss
608,7049,1.9687736397612963,Luxury_Boss
608,8072,1.6618591629555552,Luxury_Boss
608,1942,3.5955963756021005,Luxury_Boss
608,175,3.8093640979015757,Luxury_Boss
608,636,2.464823152227117,Luxury_Boss
608,2247,2.073377242021376,Luxury_Boss
608,9674,3.8617430411156226,Luxury_Boss
608,9980,2.4759884797145637,Luxury_Boss
608,1636,2.3592906225581687,Luxury_Boss
608,39,1.6866136725008238,Luxury_Boss
608,2541,2.220224139793185,Luxury_Boss
608,4187,1.5368074462790084,Luxury_Boss
608,5809,1.559750582838109,Luxury_Boss
608,7292,1.8098429020172733,Luxury_Boss
609,1714,3.2297763659209493,Family_Man
609,7255,3.861049413059749,Family_Man
609,10283,4.042229134360565,Family_Man
609,1731,5.0,Family_Man
609,3677,3.052297033133201,Family_Man
609,5861,5.0,Family_Man
609,8403,5.0,Family_Man
609,3739,4.2348241619336955,Family_Man
609,9765,3.889600431408022,Family_Man
609,13,3.7305267013973573,Family_Man
609,4424,4.867611631806143,Family_Man
609,7256,3.847452818307571,Family_Man
609,5677,3.9416436213419503,Family_Man
609,5627,3.0672360245083654,Family_Man
609,7105,3.334391951008494,Family_Man
609,2321,4.429421499540107,Family_Man
610,3047,2.487656408311372,Luxury_Boss
610,7175,4.0342744596287545,Luxury_Boss
610,622,3.9885944483824094,Luxury_Boss
610,10247,2.2523845404168443,Luxury_Boss
610,4635,1.8956790039333993,Luxury_Boss
610,4383,4.24509691976038,Luxury_Boss
610,35,1.6036786837159343,Luxury_Boss
610,5098,3.8682553473467625,Luxury_Boss
610,9930,2.2336529287479783,Luxury_Boss
610,6362,3.1630041257504993,Luxury_Boss
610,666,1.5515105919610264,Luxury_Boss
610,5045,1.6269412942265609,Luxury_Boss
610,4736,2.1465776123879747,Luxury_Boss
610,7894,1.5981308109263188,Luxury_Boss
610,4412,1.5619147159979658,Luxury_Boss
610,9410,2.916067866723736,Luxury_Boss
610,9167,1.8035120665780617,Luxury_Boss
610,1695,2.166104525413706,Luxury_Boss
610,467,2.9616251098758406,Luxury_Boss
610,6534,2.269906312546317,Luxury_Boss
610,8230,3.985886895137253,Luxury_Boss
610,9906,3.0341770420033534,Luxury_Boss
611,8733,2.9924808065451014,Eco_Warrior
611,6918,2.438579106251624,Eco_Warrior
611,7335,2.7733477298466855,Eco_Warrior
611,7327,2.6088963998373518,Eco_Warrior
611,9679,1.4192606189238304,Eco_Warrior
611,10047,3.1298953044070323,Eco_Warrior
611,2863,1.0,Eco_Warrior
611,5767,2.992118862499943,Eco_Warrior
611,7319,2.6235919527662874,Eco_Warrior
611,2903,2.625276652494752,Eco_Warrior
611,721,3.3626844759923875,Eco_Warrior
611,5452,1.0,Eco_Warrior
611,2871,2.508040247733143,Eco_Warrior
611,7057,3.1493018669537145,Eco_Warrior
611,8852,1.528272700159124,Eco_Warrior
611,4997,2.7998785861816176,Eco_Warrior
612,6270,2.1697802268243613,Luxury_Boss
612,5113,1.8235490423779899,Luxury_Boss
612,6087,2.3705192242004376,Luxury_Boss
612,8299,2.247744260267889,Luxury_Boss
612,8154,3.25846623487835,Luxury_Boss
612,6552,2.316505265445942,Luxury_Boss
612,1337,2.0868853466198782,Luxury_Boss
612,5326,2.305242713020455,Luxury_Boss
612,7032,2.789582569127819,Luxury_Boss
612,1478,4.373948135987894,Luxury_Boss
612,1183,3.3899656223029155,Luxury_Boss
612,4464,2.3070499807224882,Luxury_Boss
612,346,2.7865700757418903,Luxury_Boss
612,8058,1.8155138690482195,Luxury_Boss
612,7013,2.0382669765021415,Luxury_Boss
612,6929,2.398814787462214,Luxury_Boss
612,4718,1.9645235912960284,Luxury_Boss
612,3196,2.30478089899622,Luxury_Boss
612,2578,2.343008918695577,Luxury_Boss
612,4289,5.0,Luxury_Boss
612,8071,1.8743812917230236,Luxury_Boss
612,2727,3.1892791373448546,Luxury_Boss
612,4212,2.1151651915139498,Luxury_Boss
612,2100,1.546021215254814,Luxury_Boss
613,4724,3.606937498970465,Budget_Student
613,4888,1.8971046031559267,Budget_Student
613,811,3.956836548789868,Budget_Student
613,2368,3.375792101559028,Budget_Student
613,1248,5.0,Budget_Student
613,9370,2.9453056142678684,Budget_Student
613,6524,2.513839922195695,Budget_Student
613,7285,4.680325484747421,Budget_Student
613,186,1.0,Budget_Student
613,2289,3.139992816993784,Budget_Student
613,2929,3.424752841785783,Budget_Student
613,4278,3.510396817588271,Budget_Student
613,4646,5.0,Budget_Student
613,7986,3.4903611271056785,Budget_Student
613,3970,2.5907059094513913,Budget_Student
613,5660,3.317639884910607,Budget_Student
614,6955,3.1723969228743387,Eco_Warrior
614,10131,2.888785564107458,Eco_Warrior
614,8944,3.4115740165536956,Eco_Warrior
614,2494,2.722714284524129,Eco_Warrior
614,7665,2.018837900094249,Eco_Warrior
614,1850,2.7251972491683993,Eco_Warrior
614,2005,3.0382471432319327,Eco_Warrior
614,7541,1.0,Eco_Warrior
614,7218,1.1398186482127612,Eco_Warrior
614,962,1.3723889436323995,Eco_Warrior
614,7427,1.0,Eco_Warrior
614,5689,2.998054380794659,Eco_Warrior
614,2282,3.1738854006032318,Eco_Warrior
614,3370,3.051120366676993,Eco_Warrior
614,6706,2.9678774390433444,Eco_Warrior
614,10237,1.0,Eco_Warrior
614,3481,3.1040211394236623,Eco_Warrior
614,4053,3.2494125109480425,Eco_Warrior
614,7795,3.41079461339116,Eco_Warrior
614,8018,2.7396999786933383,Eco_Warrior
614,286,1.0,Eco_Warrior
614,10051,2.932841584439661,Eco_Warrior
615,6090,3.3767692004496217,Speed_Racer
615,3393,4.038365870038058,Speed_Racer
615,9434,3.492270268155986,Speed_Racer
615,2312,3.4073710655871596,Speed_Racer
615,9083,2.3181022522013945,Speed_Racer
615,583,2.182486180973278,Speed_Racer
615,9017,2.739985636167569,Speed_Racer
615,8710,2.812974786364049,Speed_Racer
615,9138,2.501271736943175,Speed_Racer
615,5517,2.574685577654889,Speed_Racer
615,7584,2.0141136148379144,Speed_Racer
615,4526,2.6384303664115527,Speed_Racer
615,968,3.103965981443767,Speed_Racer
615,1299,3.8513158143593142,Speed_Racer
615,9232,4.704278967565037,Speed_Racer
615,5021,2.795113788217478,Speed_Racer
615,2235,2.500712163412341,Speed_Racer
615,7535,4.0735431245717075,Speed_Racer
615,1060,2.593130302529576,Speed_Racer
615,8099,2.154733948392457,Speed_Racer
615,2840,2.525150022509461,Speed_Racer
615,7967,3.697214045193521,Speed_Racer
615,7665,3.541523897687046,Speed_Racer
616,2500,2.891731271420008,Speed_Racer
616,8531,2.3849293724823046,Speed_Racer
616,1408,3.5954665265777623,Speed_Racer
616,9562,2.574766316487974,Speed_Racer
616,6797,4.062819517057918,Speed_Racer
616,8873,5.0,Speed_Racer
616,3874,2.1058593353582706,Speed_Racer
616,4073,4.796043524004879,Speed_Racer
616,6401,2.5081145625107846,Speed_Racer
616,8664,2.697858815685448,Speed_Racer
616,5101,3.5979392528968965,Speed_Racer
616,3339,3.9045513518067954,Speed_Racer
616,375,3.5644223835024933,Speed_Racer
616,4115,4.355410417726755,Speed_Racer
616,2281,5.0,Speed_Racer
616,2679,2.857793113941078,Speed_Racer
616,5777,3.986511330699266,Speed_Racer
616,3554,3.1836723045337827,Speed_Racer
616,2047,3.1124945592984266,Speed_Racer
616,6057,3.3928865650238236,Speed_Racer
616,1256,2.003267458526307,Speed_Racer
617,9481,2.3892071347037636,Speed_Racer
617,1884,2.2512886226151725,Speed_Racer
617,4519,1.7459934650908022,Speed_Racer
617,9609,2.4642337443272075,Speed_Racer
617,8174,3.4059574027746837,Speed_Racer
617,1619,2.0067596643334396,Speed_Racer
617,5986,2.8450010062739346,Speed_Racer
617,5197,3.238806679171473,Speed_Racer
617,3791,2.8669551304642673,Speed_Racer
617,2003,2.407773091468305,Speed_Racer
617,6827,2.765737614856897,Speed_Racer
617,4013,2.72170076067601,Speed_Racer
617,886,3.6662528210885346,Speed_Racer
617,9910,3.3561290398329007,Speed_Racer
617,6661,2.075803954067514,Speed_Racer
617,7194,2.7680455200031346,Speed_Racer
617,8895,2.7520905609097115,Speed_Racer
617,6124,2.8239574193355708,Speed_Racer
617,6028,4.365227543264445,Speed_Racer
617,7060,3.000865655916362,Speed_Racer
617,2864,3.1551728069516836,Speed_Racer
617,6903,3.2478344687776683,Speed_Racer
617,7608,3.643164222474884,Speed_Racer
617,9375,2.3759903260733157,Speed_Racer
618,7206,4.9454643276640455,Family_Man
618,3517,3.0569399282025587,Family_Man
618,3864,4.285560051776538,Family_Man
618,8892,5.0,Family_Man
618,2280,5.0,Family_Man
618,6751,5.0,Family_Man
618,1901,3.744407776121919,Family_Man
618,8595,5.0,Family_Man
618,7634,5.0,Family_Man
618,713,4.312372159035095,Family_Man
618,377,4.20991416940112,Family_Man
618,6997,4.3577304722626735,Family_Man
618,6622,3.012485498428911,Family_Man
618,7374,3.485319731265266,Family_Man
618,6871,4.6948511974773215,Family_Man
618,2204,2.969537334909753,Family_Man
618,4831,4.779206392451102,Family_Man
618,4845,4.767442165468507,Family_Man
618,7139,5.0,Family_Man
618,1733,3.9316925285542044,Family_Man
618,1747,4.716957155958146,Family_Man
618,9393,5.0,Family_Man
618,2573,3.3989693688268012,Family_Man
619,6909,1.485764582155721,Eco_Warrior
619,2522,3.21538092649004,Eco_Warrior
619,10263,1.0306711915736275,Eco_Warrior
619,8210,1.4144647986776104,Eco_Warrior
619,5859,3.312191901423898,Eco_Warrior
619,8640,3.4384593911247237,Eco_Warrior
619,3289,3.1558284574889295,Eco_Warrior
619,2789,2.6403020274882305,Eco_Warrior
619,3006,3.318969225415386,Eco_Warrior
619,6821,1.8984261461503857,Eco_Warrior
619,4235,3.0635948521897576,Eco_Warrior
619,8712,1.8047188532318152,Eco_Warrior
619,3575,2.5545052601276144,Eco_Warrior
619,8149,3.1364594674165795,Eco_Warrior
619,8456,3.4790581698933645,Eco_Warrior
619,10072,2.6455994976229245,Eco_Warrior
619,9092,3.4100524135187156,Eco_Warrior
619,8445,3.3230583192630765,Eco_Warrior
619,9631,1.3349410721615844,Eco_Warrior
620,2566,2.723922987229452,Eco_Warrior
620,4987,1.0905795741838546,Eco_Warrior
620,3587,2.910148229495046,Eco_Warrior
620,4139,2.7158089347099845,Eco_Warrior
620,1358,2.959592716903166,Eco_Warrior
620,8906,2.5515141082687154,Eco_Warrior
620,3164,3.31627208301605,Eco_Warrior
620,6059,2.54346734393559,Eco_Warrior
620,7338,1.0,Eco_Warrior
620,541,1.0,Eco_Warrior
620,5595,3.346818459957107,Eco_Warrior
620,3598,2.8710614504159437,Eco_Warrior
620,4332,2.844330176287948,Eco_Warrior
620,9495,1.0336510883105086,Eco_Warrior
620,4668,2.6589050188087375,Eco_Warrior
620,302,3.002427602339327,Eco_Warrior
620,8944,2.6386828570239445,Eco_Warrior
620,6409,2.8825956937014023,Eco_Warrior
621,7598,4.831115907120509,Budget_Student
621,7237,5.0,Budget_Student
621,10265,4.701322169962731,Budget_Student
621,7568,3.1490474818343945,Budget_Student
621,4354,1.2766976682298612,Budget_Student
621,2517,3.6119866121007576,Budget_Student
621,572,2.977590920256585,Budget_Student
621,1589,3.0519159711875616,Budget_Student
621,9126,3.0910985377453946,Budget_Student
621,7046,3.7451315943480483,Budget_Student
621,1406,3.292657155184112,Budget_Student
621,161,1.8935406644065766,Budget_Student
621,4812,2.624166694186009,Budget_Student
621,8997,5.0,Budget_Student
621,6341,2.5145421374838923,Budget_Student
621,2337,4.773374200937395,Budget_Student
621,6228,5.0,Budget_Student
621,7153,1.9771985944892922,Budget_Student
621,9908,3.5017933260308634,Budget_Student
621,4383,2.8702647562230075,Budget_Student
622,46,4.211241537803762,Family_Man
622,2586,4.654364392329915,Family_Man
622,3376,4.705418406489382,Family_Man
622,2727,3.1085872078394985,Family_Man
622,5817,4.006857392140992,Family_Man
622,9151,3.9137082584695086,Family_Man
622,5043,3.982830836878092,Family_Man
622,9989,4.518057671685995,Family_Man
622,619,4.24752781905687,Family_Man
622,7429,4.800707442703229,Family_Man
622,9762,5.0,Family_Man
622,5438,3.073543676232248,Family_Man
622,306,3.3457595096228574,Family_Man
622,7024,4.373894717257807,Family_Man
622,4664,3.7005819580129957,Family_Man
623,3336,3.395605525536818,Speed_Racer
623,9060,2.587487177735748,Speed_Racer
623,8786,3.1128742085273666,Speed_Racer
623,5047,2.55512815612912,Speed_Racer
623,4969,5.0,Speed_Racer
623,5082,2.8164168407992545,Speed_Racer
623,939,2.943126658387341,Speed_Racer
623,3117,2.6748513933074216,Speed_Racer
623,7990,3.0091950652946373,Speed_Racer
623,5580,3.040813074183492,Speed_Racer
623,6774,2.919500850210674,Speed_Racer
623,7676,2.4203996525373976,Speed_Racer
623,8614,2.994439520185415,Speed_Racer
623,4174,3.502570186420404,Speed_Racer
623,3419,2.3096494434392985,Speed_Racer
623,10210,2.5300392109882295,Speed_Racer
623,2386,2.0157507774944357,Speed_Racer
623,9038,3.425276509096871,Speed_Racer
623,4318,2.192481597325146,Speed_Racer
623,6561,2.56771039607125,Speed_Racer
623,5710,2.6037869786095755,Speed_Racer
623,547,2.835711557536488,Speed_Racer
624,9743,2.852596983280744,Eco_Warrior
624,6504,2.5168288643334678,Eco_Warrior
624,8905,3.2800312077702407,Eco_Warrior
624,7504,2.0327922674225882,Eco_Warrior
624,3482,2.91919420312378,Eco_Warrior
624,2840,3.312878390025371,Eco_Warrior
624,6183,1.116696928028699,Eco_Warrior
624,8146,3.0721329202937877,Eco_Warrior
624,1714,2.7990466193591255,Eco_Warrior
624,9117,1.0,Eco_Warrior
624,967,1.0,Eco_Warrior
624,4201,2.608382325461747,Eco_Warrior
624,5952,2.8106525974299386,Eco_Warrior
624,3628,2.822741875251379,Eco_Warrior
624,7172,1.0964447298080218,Eco_Warrior
624,7040,2.9070987604043963,Eco_Warrior
624,2609,2.523914309735167,Eco_Warrior
624,6976,3.4978022508302486,Eco_Warrior
624,2386,2.9043333436936543,Eco_Warrior
625,6544,1.6079529162508535,Luxury_Boss
625,5881,2.1499504573214603,Luxury_Boss
625,2197,2.3725859054774836,Luxury_Boss
625,1038,2.2076625560655376,Luxury_Boss
625,3766,1.7797593702384416,Luxury_Boss
625,434,1.864265665249747,Luxury_Boss
625,3358,3.8111704700264655,Luxury_Boss
625,3030,2.4752091653548436,Luxury_Boss
625,7179,2.104296648637918,Luxury_Boss
625,8346,1.9464844298941846,Luxury_Boss
625,7335,1.6976595127269731,Luxury_Boss
625,7314,1.9121581893745425,Luxury_Boss
625,5021,1.5014445923783803,Luxury_Boss
625,1181,3.8997761409248914,Luxury_Boss
625,1994,2.1909905751918926,Luxury_Boss
625,1029,1.7160961585879793,Luxury_Boss
625,9137,1.7789372124105842,Luxury_Boss
625,7993,1.933086278411658,Luxury_Boss
626,2057,1.7451598660414323,Luxury_Boss
626,5009,2.0233729143805936,Luxury_Boss
626,1421,1.5374211044565285,Luxury_Boss
626,8865,2.3340410738736592,Luxury_Boss
626,8073,2.2308955789488314,Luxury_Boss
626,909,2.099486201089269,Luxury_Boss
626,441,1.81081529862549,Luxury_Boss
626,9646,1.902035000517851,Luxury_Boss
626,5545,3.1597369645874216,Luxury_Boss
626,4408,1.7835771549214305,Luxury_Boss
626,355,2.192230515175478,Luxury_Boss
626,7102,1.8976154473808164,Luxury_Boss
626,5702,4.8070527712578075,Luxury_Boss
626,3850,3.7391964284246297,Luxury_Boss
626,3572,1.6586067165975138,Luxury_Boss
626,944,2.5892586247594167,Luxury_Boss
626,2076,2.174805925101725,Luxury_Boss
626,3143,2.7932926546091315,Luxury_Boss
626,2974,3.195041812960011,Luxury_Boss
627,10179,1.0,Budget_Student
627,8709,5.0,Budget_Student
627,134,3.1954401389012648,Budget_Student
627,8359,3.7700757999321355,Budget_Student
627,1934,2.9410056731683474,Budget_Student
627,4188,2.70348346295423,Budget_Student
627,7159,1.7908215191168622,Budget_Student
627,8442,1.1177845954322363,Budget_Student
627,546,5.0,Budget_Student
627,174,1.0,Budget_Student
627,6716,3.0672388279062237,Budget_Student
627,8790,5.0,Budget_Student
627,4867,3.9724614990250298,Budget_Student
627,9077,1.400783776951008,Budget_Student
627,6634,3.006623458991669,Budget_Student
627,1184,5.0,Budget_Student
627,876,3.607397006261677,Budget_Student
627,5385,3.1549382284399203,Budget_Student
627,949,3.4268490432314676,Budget_Student
627,154,5.0,Budget_Student
627,8736,1.2735814556771212,Budget_Student
628,8273,5.0,Budget_Student
628,2510,4.883049957356204,Budget_Student
628,6849,3.1099839385448536,Budget_Student
628,4630,3.576976215972342,Budget_Student
628,5227,3.4885084683005214,Budget_Student
628,1055,2.9686282972326605,Budget_Student
628,323,3.451413871126943,Budget_Student
628,9844,2.892870477700984,Budget_Student
628,4758,3.144121549848565,Budget_Student
628,4234,3.313825984738595,Budget_Student
628,4667,5.0,Budget_Student
628,2712,2.6147961782840694,Budget_Student
628,9635,4.650220608593876,Budget_Student
628,5763,3.247934938351454,Budget_Student
628,10148,2.7570335832625728,Budget_Student
628,3231,5.0,Budget_Student
628,6952,3.101860013997864,Budget_Student
628,8199,5.0,Budget_Student
628,1895,5.0,Budget_Student
628,7665,5.0,Budget_Student
628,7557,3.0442308707156305,Budget_Student
629,8675,2.804487200228687,Speed_Racer
629,7806,2.4771683752687164,Speed_Racer
629,10161,3.113617990097687,Speed_Racer
629,7636,3.1666831100290347,Speed_Racer
629,2468,3.3907629610843397,Speed_Racer
629,5844,3.6151514356843952,Speed_Racer
629,4928,2.649014373779574,Speed_Racer
629,581,2.9445845301492732,Speed_Racer
629,7075,2.481347995372983,Speed_Racer
629,4771,3.4231965667020705,Speed_Racer
629,6542,2.2455873495341985,Speed_Racer
629,6865,2.0478138356559246,Speed_Racer
629,2035,3.312761143866898,Speed_Racer
629,3324,3.9316678591438317,Speed_Racer
629,6853,2.0427374893254555,Speed_Racer
629,5904,2.95551623904606,Speed_Racer
629,45,3.7772831777161193,Speed_Racer
630,2149,4.601326700220268,Budget_Student
630,4996,3.8804013348462867,Budget_Student
630,276,3.2101833202928773,Budget_Student
630,7799,4.496144892467863,Budget_Student
630,4085,4.997966251426405,Budget_Student
630,469,3.8333399364803644,Budget_Student
630,5655,2.549562122271272,Budget_Student
630,7246,5.0,Budget_Student
630,7675,2.976802490027944,Budget_Student
630,1795,2.2277213342938924,Budget_Student
630,6069,3.747629140210014,Budget_Student
630,3362,2.7232839029100013,Budget_Student
630,3817,2.5359714434227607,Budget_Student
630,6969,1.6144686532526342,Budget_Student
630,9411,5.0,Budget_Student
630,5542,1.4656549763295899,Budget_Student
630,833,2.799411004057583,Budget_Student
631,4892,4.289348086944868,Family_Man
631,4817,3.625342498277293,Family_Man
631,6884,2.603990117236944,Family_Man
631,9339,4.002173689023829,Family_Man
631,9488,3.2323790696462438,Family_Man
631,3871,5.0,Family_Man
631,1516,3.144790186429372,Family_Man
631,9134,4.210966264342551,Family_Man
631,8535,5.0,Family_Man
631,1074,3.433723576530844,Family_Man
631,3701,5.0,Family_Man
631,4095,3.3205698464218703,Family_Man
631,5211,4.801401729625427,Family_Man
631,849,3.0720349150974373,Family_Man
631,6340,1.2473426941428725,Family_Man
631,4320,4.255502867738706,Family_Man
631,2952,5.0,Family_Man
631,4116,4.869602135079873,Family_Man
632,5158,3.4935034308327833,Speed_Racer
632,7800,2.7663795109098297,Speed_Racer
632,9858,1.759042931791437,Speed_Racer
632,270,2.8737694724973624,Speed_Racer
632,4520,3.0594484242726883,Speed_Racer
632,4292,2.374079976844681,Speed_Racer
632,8645,2.5823024886820267,Speed_Racer
632,7300,2.918360264278889,Speed_Racer
632,5562,4.208209864200418,Speed_Racer
632,1088,2.8018516012720704,Speed_Racer
632,2519,3.195097910237812,Speed_Racer
632,3032,3.5385840217901863,Speed_Racer
632,5754,2.9567197212257286,Speed_Racer
632,449,3.4590552657937175,Speed_Racer
632,5371,2.7202954054296185,Speed_Racer
632,4316,2.5566189816026506,Speed_Racer
632,4023,1.9660129725191189,Speed_Racer
632,6835,3.1783938856438017,Speed_Racer
632,1844,3.0042166670720976,Speed_Racer
632,1629,5.0,Speed_Racer
632,404,5.0,Speed_Racer
632,3485,2.5907840623147167,Speed_Racer
632,1998,2.1323403054512173,Speed_Racer
633,1070,3.365601177608356,Budget_Student
633,1006,5.0,Budget_Student
633,8663,3.4536385317111318,Budget_Student
633,9786,2.859939022288885,Budget_Student
633,6042,5.0,Budget_Student
633,7970,3.408378433221933,Budget_Student
633,3169,3.184753663916738,Budget_Student
633,6524,3.437845198190824,Budget_Student
633,3556,2.7532536671511862,Budget_Student
633,6525,4.4752987664720205,Budget_Student
633,2496,3.092088220154865,Budget_Student
633,7516,3.426967794499516,Budget_Student
633,3399,3.2123250124239924,Budget_Student
633,6201,5.0,Budget_Student
633,1438,5.0,Budget_Student
633,7394,3.9804940256990173,Budget_Student
633,8611,4.714130007545729,Budget_Student
633,4598,2.7285304278890488,Budget_Student
633,1106,3.2363839389443907,Budget_Student
633,8950,3.2323915329548103,Budget_Student
633,9295,2.804362075014026,Budget_Student
634,10087,5.0,Speed_Racer
634,2976,5.0,Speed_Racer
634,6040,2.7700688414525585,Speed_Racer
634,4544,3.3624089845129843,Speed_Racer
634,8669,2.7262122562711646,Speed_Racer
634,8102,5.0,Speed_Racer
634,3423,2.708883415387981,Speed_Racer
634,5222,2.731910780462899,Speed_Racer
634,7921,2.4605075414229063,Speed_Racer
634,8225,5.0,Speed_Racer
634,4083,2.658779466831131,Speed_Racer
634,5524,3.378902917092638,Speed_Racer
634,4057,2.8543899287217736,Speed_Racer
634,2663,3.829406298989986,Speed_Racer
634,1900,3.0688765571600616,Speed_Racer
634,2691,3.0237068980442334,Speed_Racer
634,606,3.635385365828583,Speed_Racer
634,336,2.8569473257520657,Speed_Racer
635,9064,5.0,Family_Man
635,7302,4.757373026499234,Family_Man
635,3136,5.0,Family_Man
635,6235,4.027793529388661,Family_Man
635,9870,5.0,Family_Man
635,6533,4.268869915844456,Family_Man
635,3792,1.080436990352549,Family_Man
635,7612,2.918131896662184,Family_Man
635,8326,4.359386685793089,Family_Man
635,6648,3.134010767594453,Family_Man
635,9455,5.0,Family_Man
635,6386,4.624590685811687,Family_Man
635,1085,5.0,Family_Man
635,5375,4.812992825300121,Family_Man
635,6286,2.6850998968320603,Family_Man
635,8933,3.7797026018094013,Family_Man
635,17,3.423949606228799,Family_Man
635,9507,1.185225625528198,Family_Man
635,1815,4.439783659612825,Family_Man
635,3223,3.9797166987677546,Family_Man
635,1899,5.0,Family_Man
636,76,3.3227172669678,Budget_Student
636,9985,3.6520914514108496,Budget_Student
636,8905,5.0,Budget_Student
636,8719,2.645398515400111,Budget_Student
636,9153,3.6474593344940858,Budget_Student
636,8435,4.910102073766639,Budget_Student
636,6430,5.0,Budget_Student
636,5986,4.9727360491387556,Budget_Student
636,5042,4.906459102602327,Budget_Student
636,5890,3.432093914249234,Budget_Student
636,8102,2.8066614322889682,Budget_Student
636,6624,4.705956765103118,Budget_Student
636,6249,1.4728026609138354,Budget_Student
636,828,5.0,Budget_Student
636,2289,3.2296752784108227,Budget_Student
636,2695,5.0,Budget_Student
636,901,3.7637460299022156,Budget_Student
636,10051,4.894583276590158,Budget_Student
636,7865,3.690875703449863,Budget_Student
636,4496,4.384328020463589,Budget_Student
636,2688,1.4954739883322132,Budget_Student
637,4062,1.7197788415588307,Luxury_Boss
637,1000,1.5799142773008685,Luxury_Boss
637,4902,1.7836698021732582,Luxury_Boss
637,3962,1.6341212998181172,Luxury_Boss
637,10117,2.482218214304957,Luxury_Boss
637,4708,3.621487395583769,Luxury_Boss
637,699,2.229963287619794,Luxury_Boss
637,3359,2.2854046159787176,Luxury_Boss
637,1469,2.329347425281802,Luxury_Boss
637,6552,1.9224023628774147,Luxury_Boss
637,4452,1.940554029641961,Luxury_Boss
637,3421,1.9589826216632458,Luxury_Boss
637,867,2.7016996739819437,Luxury_Boss
637,10198,2.4769260968009226,Luxury_Boss
637,3525,3.8249988614870283,Luxury_Boss
637,5173,4.657534958105517,Luxury_Boss
637,3679,4.7170646974205,Luxury_Boss
637,2040,2.270473518362534,Luxury_Boss
637,5595,1.8619183970775994,Luxury_Boss
637,5310,2.494428460769404,Luxury_Boss
637,9416,2.0455705634115957,Luxury_Boss
638,934,3.771782950735197,Family_Man
638,8903,3.769681338112968,Family_Man
638,9907,4.651817375154899,Family_Man
638,505,5.0,Family_Man
638,8299,5.0,Family_Man
638,1387,3.540164998318887,Family_Man
638,5296,3.2521605991320546,Family_Man
638,9113,3.8370052820944487,Family_Man
638,8017,5.0,Family_Man
638,5745,3.6204403126689035,Family_Man
638,2270,5.0,Family_Man
638,8918,1.7881102094160755,Family_Man
638,5817,3.6781724558305537,Family_Man
638,9311,4.365993451634792,Family_Man
638,6526,5.0,Family_Man
638,7032,5.0,Family_Man
638,2342,5.0,Family_Man
639,2095,1.0189397952395525,Eco_Warrior
639,1012,2.5579689583434337,Eco_Warrior
639,8800,2.984910194533157,Eco_Warrior
639,6391,3.313779078199821,Eco_Warrior
639,4139,2.7311257288021764,Eco_Warrior
639,3767,1.0,Eco_Warrior
639,2336,3.3794447498606113,Eco_Warrior
639,6423,2.8325174092001193,Eco_Warrior
639,896,1.317014673841784,Eco_Warrior
639,2592,1.7318255287773878,Eco_Warrior
639,2607,2.7583173363715034,Eco_Warrior
639,1612,1.4436726458275766,Eco_Warrior
639,5832,2.8477604738266975,Eco_Warrior
639,373,1.0,Eco_Warrior
639,6254,3.4994253793740753,Eco_Warrior
639,3684,3.1689738154114813,Eco_Warrior
640,6980,2.9356397877621534,Budget_Student
640,3628,3.5255211379018987,Budget_Student
640,6444,3.7252970733681634,Budget_Student
640,6028,4.950370854706707,Budget_Student
640,8560,3.020908604362929,Budget_Student
640,2990,2.5522840905107875,Budget_Student
640,1417,2.5654331930513106,Budget_Student
640,2308,3.61382894453849,Budget_Student
640,1154,5.0,Budget_Student
640,5055,3.327238764447616,Budget_Student
640,3060,3.1259726323513046,Budget_Student
640,9417,3.768723186185594,Budget_Student
640,797,3.0936409466955332,Budget_Student
640,6782,5.0,Budget_Student
640,5900,3.8640449262940852,Budget_Student
640,1352,5.0,Budget_Student
640,1921,1.0,Budget_Student
641,8759,3.009676936462092,Eco_Warrior
641,5636,2.874904222270165,Eco_Warrior
641,3952,2.789669123869603,Eco_Warrior
641,7593,2.8789360433268745,Eco_Warrior
641,9980,3.071950724959479,Eco_Warrior
641,5571,2.5323204076955044,Eco_Warrior
641,62,2.1883224524298797,Eco_Warrior
641,5357,1.0,Eco_Warrior
641,83,3.042167872148212,Eco_Warrior
641,8642,4.4886978688481465,Eco_Warrior
641,1581,3.042673305357945,Eco_Warrior
641,3010,1.0,Eco_Warrior
641,8219,1.0,Eco_Warrior
641,6660,1.1227661053658915,Eco_Warrior
641,1207,1.5818955155601837,Eco_Warrior
641,4690,1.3113137258233898,Eco_Warrior
641,5390,2.915431630427335,Eco_Warrior
641,1078,3.318090769393262,Eco_Warrior
641,718,3.1567314809382347,Eco_Warrior
641,3258,2.7068288277269703,Eco_Warrior
641,6108,3.0763321737231535,Eco_Warrior
641,4973,3.445396633881336,Eco_Warrior
642,6972,3.5173633522074903,Family_Man
642,8916,5.0,Family_Man
642,2915,4.2483473165888705,Family_Man
642,4223,3.2687379061929343,Family_Man
642,793,4.208625559529111,Family_Man
642,8266,4.173938481907138,Family_Man
642,5906,5.0,Family_Man
642,5180,5.0,Family_Man
642,3918,2.543818558741514,Family_Man
642,7342,4.298255858407334,Family_Man
642,3518,3.0083166362879807,Family_Man
642,3590,2.9946762822064614,Family_Man
642,7443,3.928174031870631,Family_Man
642,9651,3.3709398403612862,Family_Man
642,9768,5.0,Family_Man
642,9579,3.007068778261352,Family_Man
642,2819,5.0,Family_Man
642,9598,4.577066332259975,Family_Man
642,1265,3.9738107133624485,Family_Man
642,4666,4.584260391575172,Family_Man
642,5104,4.9263637815595525,Family_Man
642,7966,5.0,Family_Man
642,8742,5.0,Family_Man
642,6729,2.7859914819770886,Family_Man
643,6142,4.4715917327574175,Family_Man
643,8689,4.117713175990129,Family_Man
643,2287,2.7249689764839014,Family_Man
643,3103,3.3921017697568834,Family_Man
643,6125,4.213969361195115,Family_Man
643,3379,2.5475694559919377,Family_Man
643,6214,4.749626109208319,Family_Man
643,4454,4.819847966614462,Family_Man
643,8608,4.136428103436785,Family_Man
643,765,4.926801491642053,Family_Man
643,7928,5.0,Family_Man
643,5988,4.523386902012769,Family_Man
643,3170,5.0,Family_Man
643,10136,2.7303820921239432,Family_Man
643,7268,4.082760589954405,Family_Man
643,9129,3.374283381890098,Family_Man
643,3996,4.178760606974924,Family_Man
644,9532,2.4430207551218324,Luxury_Boss
644,3996,1.974618490693965,Luxury_Boss
644,4644,2.5803126005286563,Luxury_Boss
644,4808,2.10624529106934,Luxury_Boss
644,3378,1.811457527679138,Luxury_Boss
644,699,1.8957061052280357,Luxury_Boss
644,9906,2.9685541293907116,Luxury_Boss
644,9908,2.094931459529481,Luxury_Boss
644,5236,3.1118911920347316,Luxury_Boss
644,10233,1.602711150600097,Luxury_Boss
644,3059,1.6117756012854891,Luxury_Boss
644,2096,2.2458503421545046,Luxury_Boss
644,189,1.8620646673238093,Luxury_Boss
644,3505,2.1378361985590337,Luxury_Boss
644,9192,1.9308004689167686,Luxury_Boss
644,7723,1.6077179605454939,Luxury_Boss
644,7215,4.202749434668219,Luxury_Boss
644,2577,1.9603788785153187,Luxury_Boss
644,1171,1.9066546068209276,Luxury_Boss
644,8769,1.7981834006009632,Luxury_Boss
644,1117,4.13954589140535,Luxury_Boss
644,10203,2.385135738831797,Luxury_Boss
644,6683,2.4124607909370357,Luxury_Boss
645,5787,3.9840968916975976,Luxury_Boss
645,7746,1.850871399588765,Luxury_Boss
645,1650,2.520401337910062,Luxury_Boss
645,4249,1.8214866104739091,Luxury_Boss
645,7388,2.222517694589072,Luxury_Boss
645,361,1.6179696911807517,Luxury_Boss
645,5173,4.573721134294611,Luxury_Boss
645,5938,2.2159948076535643,Luxury_Boss
645,1695,1.6581600187040588,Luxury_Boss
645,5681,1.9997355200773925,Luxury_Boss
645,428,2.0395627592792427,Luxury_Boss
645,3587,3.7230857807001465,Luxury_Boss
645,7213,2.0564318875656076,Luxury_Boss
645,477,2.464278228424202,Luxury_Boss
645,1543,2.292321356539304,Luxury_Boss
646,3177,1.8417307333848434,Luxury_Boss
646,6336,1.937891707926341,Luxury_Boss
646,8657,1.9231159052762143,Luxury_Boss
646,8265,1.594518188250432,Luxury_Boss
646,5972,2.28560091213038,Luxury_Boss
646,8999,1.503664212446345,Luxury_Boss
646,1354,2.1779604056146553,Luxury_Boss
646,3456,1.713802770567363,Luxury_Boss
646,2517,2.0034103729109325,Luxury_Boss
646,6994,1.5928592405011874,Luxury_Boss
646,5480,1.6143172479015866,Luxury_Boss
646,10089,3.213279769687201,Luxury_Boss
646,6208,4.033243835918785,Luxury_Boss
646,201,2.4293069298918315,Luxury_Boss
646,4705,1.6390060435817437,Luxury_Boss
646,7723,1.5068611676981751,Luxury_Boss
646,2858,2.219878692731386,Luxury_Boss
646,6207,1.634557247421065,Luxury_Boss
646,770,4.613855255935231,Luxury_Boss
646,7481,3.4019932981816314,Luxury_Boss
646,982,3.8947316221713724,Luxury_Boss
646,6946,5.0,Luxury_Boss
646,3654,1.6063894466594442,Luxury_Boss
647,9241,5.0,Budget_Student
647,2361,3.994852082199305,Budget_Student
647,6458,5.0,Budget_Student
647,4914,3.3955876779736798,Budget_Student
647,9067,3.7163484803667735,Budget_Student
647,10058,1.9559982787103714,Budget_Student
647,6683,3.3584126042017077,Budget_Student
647,614,5.0,Budget_Student
647,5202,3.164110597785103,Budget_Student
647,4765,2.555831165237028,Budget_Student
647,1407,4.504633632768805,Budget_Student
647,3313,3.4218496972683305,Budget_Student
647,7393,3.1243457586308847,Budget_Student
647,3509,3.589345798962306,Budget_Student
647,1779,3.930360381901205,Budget_Student
647,3118,4.368557359576729,Budget_Student
647,5199,3.8622532084419343,Budget_Student
648,7508,1.925311313127521,Family_Man
648,5838,3.968825816826288,Family_Man
648,5615,2.9914776408808255,Family_Man
648,3663,4.23018934338803,Family_Man
648,987,4.062332600795493,Family_Man
648,3524,3.408175362761582,Family_Man
648,1234,5.0,Family_Man
648,7633,5.0,Family_Man
648,2412,3.967333582045792,Family_Man
648,2466,3.0798733484512963,Family_Man
648,5126,3.4402272950832775,Family_Man
648,6384,4.635745402013532,Family_Man
648,9356,3.78693373731105,Family_Man
648,8125,4.51071333804043,Family_Man
648,6285,4.322418940660986,Family_Man
648,9236,4.458083275907747,Family_Man
648,4281,2.5675805494627406,Family_Man
648,5286,4.762254403159602,Family_Man
648,7911,4.681335878408393,Family_Man
648,3399,5.0,Family_Man
649,4669,2.0182942603934624,Luxury_Boss
649,8990,2.5634120711584485,Luxury_Boss
649,3718,1.8190883696842155,Luxury_Boss
649,10024,5.0,Luxury_Boss
649,7631,3.8434398942861394,Luxury_Boss
649,5444,2.356446154697676,Luxury_Boss
649,5976,4.296734204151623,Luxury_Boss
649,5668,2.4104726204376363,Luxury_Boss
649,3123,2.1441043131732025,Luxury_Boss
649,6986,1.85620575525625,Luxury_Boss
649,2415,2.225353907739486,Luxury_Boss
649,3478,2.4221293090323783,Luxury_Boss
649,7209,2.1791735296784456,Luxury_Boss
649,1630,2.3301453460536594,Luxury_Boss
649,5810,2.0522967587350904,Luxury_Boss
649,1798,1.7595891365629153,Luxury_Boss
649,4011,3.831961014847449,Luxury_Boss
649,279,1.9165667554041692,Luxury_Boss
650,3802,4.747202095588636,Family_Man
650,6847,5.0,Family_Man
650,1809,2.8567383693123154,Family_Man
650,3931,2.6659504998677104,Family_Man
650,8015,3.3658766941245957,Family_Man
650,6213,4.298879854575205,Family_Man
650,8613,4.333531371130061,Family_Man
650,6581,4.806116742119132,Family_Man
650,7756,3.22515501560769,Family_Man
650,8220,5.0,Family_Man
650,1951,4.540142283926025,Family_Man
650,5018,3.1468148979932495,Family_Man
650,7675,5.0,Family_Man
650,923,5.0,Family_Man
650,6576,5.0,Family_Man
650,4445,3.6783324842332394,Family_Man
651,1159,4.580236611671704,Luxury_Boss
651,4649,1.8753660630643525,Luxury_Boss
651,1779,1.7077828372559258,Luxury_Boss
651,1788,3.965275125113351,Luxury_Boss
651,4692,1.7586397981915223,Luxury_Boss
651,2442,1.5268965085591342,Luxury_Boss
651,5728,2.3505920074663798,Luxury_Boss
651,2728,2.243640775147007,Luxury_Boss
651,7197,1.91644015634438,Luxury_Boss
651,3291,2.340215249799522,Luxury_Boss
651,6498,2.2072811696170698,Luxury_Boss
651,3804,5.0,Luxury_Boss
651,6806,1.5379630142039933,Luxury_Boss
651,6539,2.251115076989917,Luxury_Boss
651,8586,2.476252739723779,Luxury_Boss
651,4693,1.8479709355991565,Luxury_Boss
651,5628,2.026482001976806,Luxury_Boss
651,4027,1.693693529232387,Luxury_Boss
651,3076,1.5882760599159038,Luxury_Boss
651,7782,2.041893088690096,Luxury_Boss
651,7059,1.7931588548031474,Luxury_Boss
651,8521,2.1691735848139557,Luxury_Boss
651,627,2.798384045350881,Luxury_Boss
652,5971,4.281272271611203,Family_Man
652,5041,3.0237725290411195,Family_Man
652,6349,3.973573862714135,Family_Man
652,8896,3.368837240713277,Family_Man
652,7899,3.988245419813368,Family_Man
652,1340,5.0,Family_Man
652,8409,4.993424985688863,Family_Man
652,9606,5.0,Family_Man
652,2679,5.0,Family_Man
652,2976,2.5905457836307972,Family_Man
652,1618,5.0,Family_Man
652,3980,4.180223206463914,Family_Man
652,8412,4.478565154633668,Family_Man
652,172,2.7825241667738254,Family_Man
652,3631,4.042114620805206,Family_Man
652,10113,2.608130192385001,Family_Man
652,6024,1.4579083222424876,Family_Man
652,9990,3.467188536093021,Family_Man
652,3134,1.284342125493447,Family_Man
653,2391,3.5908355960145766,Budget_Student
653,4712,5.0,Budget_Student
653,4790,5.0,Budget_Student
653,854,3.970882191482754,Budget_Student
653,6682,4.7401008827540405,Budget_Student
653,2285,4.895740414759177,Budget_Student
653,9203,3.36367784805767,Budget_Student
653,5590,5.0,Budget_Student
653,10015,3.8225750960814544,Budget_Student
653,1639,3.339504293299999,Budget_Student
653,1699,5.0,Budget_Student
653,6257,3.8542547533459413,Budget_Student
653,4349,3.294835898026042,Budget_Student
653,1791,4.022815905018342,Budget_Student
653,6019,5.0,Budget_Student
653,5775,5.0,Budget_Student
653,5969,3.5317006797693407,Budget_Student
653,7033,3.272174033919534,Budget_Student
653,1460,2.713247635640031,Budget_Student
653,5687,3.202165104235875,Budget_Student
653,6322,1.5567166990765329,Budget_Student
654,162,5.0,Family_Man
654,9221,3.538971732359057,Family_Man
654,6761,3.8943933018701458,Family_Man
654,2904,3.9421763467761792,Family_Man
654,8203,4.556351322142367,Family_Man
654,2054,3.800754673831312,Family_Man
654,9429,3.425861258776008,Family_Man
654,5552,3.7777460173916797,Family_Man
654,1676,2.80340754377493,Family_Man
654,9181,5.0,Family_Man
654,589,4.447251143984007,Family_Man
654,2235,4.162095613736993,Family_Man
654,3135,5.0,Family_Man
654,4709,3.2511498877124754,Family_Man
654,4550,2.6220701379940725,Family_Man
654,7267,4.626432460200766,Family_Man
654,7403,3.0756661049646103,Family_Man
654,801,3.996266138789296,Family_Man
654,1101,3.52123315902046,Family_Man
655,4542,3.423894695678492,Eco_Warrior
655,5570,1.2808536861287556,Eco_Warrior
655,3978,2.7681439417414615,Eco_Warrior
655,5986,2.880774483084313,Eco_Warrior
655,1158,2.6956199252582036,Eco_Warrior
655,7982,2.6438979172339336,Eco_Warrior
655,7445,1.0145506733143086,Eco_Warrior
655,2920,1.9640174155024002,Eco_Warrior
655,3176,2.7452897069856865,Eco_Warrior
655,7509,2.9710967119670033,Eco_Warrior
655,6291,1.5808318755594561,Eco_Warrior
655,4924,2.9378640940854197,Eco_Warrior
655,9357,3.291426482960683,Eco_Warrior
655,5306,3.1182689521447395,Eco_Warrior
655,6557,2.8087354572688548,Eco_Warrior
655,7961,1.3404483397185503,Eco_Warrior
655,1458,1.460820903709397,Eco_Warrior
655,6570,3.0214550991417113,Eco_Warrior
655,5998,2.6781575018447676,Eco_Warrior
656,4125,3.3116749610198886,Budget_Student
656,5506,1.0,Budget_Student
656,9432,5.0,Budget_Student
656,7066,1.0554396141585314,Budget_Student
656,10245,4.743305343263174,Budget_Student
656,5283,2.699549254328071,Budget_Student
656,2604,3.063072637952618,Budget_Student
656,1580,1.6333644529408384,Budget_Student
656,4594,3.407501137332311,Budget_Student
656,9618,3.3839762131772315,Budget_Student
656,1360,5.0,Budget_Student
656,2568,1.3178948901630534,Budget_Student
656,9496,2.688505096283468,Budget_Student
656,9639,3.287247545816958,Budget_Student
656,3316,2.955149734163741,Budget_Student
656,8344,3.3036142998812315,Budget_Student
657,525,3.600160050091115,Family_Man
657,3939,5.0,Family_Man
657,1577,5.0,Family_Man
657,1201,2.7858754514652855,Family_Man
657,6540,4.149187946602784,Family_Man
657,551,4.317442799213956,Family_Man
657,1856,4.443501131817487,Family_Man
657,4188,4.47655844540332,Family_Man
657,8130,3.117442096448295,Family_Man
657,8761,5.0,Family_Man
657,4182,4.447601783823954,Family_Man
657,2311,4.957799920761805,Family_Man
657,436,4.126644424857953,Family_Man
657,2042,4.519035776556413,Family_Man
657,165,4.9848118491205975,Family_Man
657,74,3.8169834716875184,Family_Man
658,9085,5.0,Speed_Racer
658,4279,2.319554559679055,Speed_Racer
658,1343,2.1148374754980304,Speed_Racer
658,4216,2.649639835167757,Speed_Racer
658,7705,2.6411440704009586,Speed_Racer
658,9753,2.4835557054609296,Speed_Racer
658,8132,3.8038380684814457,Speed_Racer
658,2004,3.1418900669092835,Speed_Racer
658,4771,3.1293282967594904,Speed_Racer
658,7085,2.169726978722123,Speed_Racer
658,8352,2.7477451165490105,Speed_Racer
658,8899,3.399495198033282,Speed_Racer
658,873,2.2390598492042386,Speed_Racer
658,9246,2.272923802741903,Speed_Racer
658,1196,3.156657661502481,Speed_Racer
658,9954,2.8088033116788993,Speed_Racer
658,5411,2.672681039021292,Speed_Racer
658,4976,3.1434659924860897,Speed_Racer
659,5767,1.7361262310033019,Luxury_Boss
659,4641,1.814435241004747,Luxury_Boss
659,9433,2.0362513867655414,Luxury_Boss
659,2577,1.7642157215089127,Luxury_Boss
659,9085,5.0,Luxury_Boss
659,4682,2.508510748460989,Luxury_Boss
659,9826,2.3354434995852564,Luxury_Boss
659,4489,2.436432536901867,Luxury_Boss
659,2079,3.046271548007637,Luxury_Boss
659,2005,3.651468189592908,Luxury_Boss
659,3586,2.6324701311909044,Luxury_Boss
659,152,1.6943317999442584,Luxury_Boss
659,7905,4.403690713382632,Luxury_Boss
659,1896,2.09207612577816,Luxury_Boss
659,7675,1.9605634641252425,Luxury_Boss
659,9261,1.5056202783956978,Luxury_Boss
659,9740,1.8703571551162423,Luxury_Boss
659,1292,2.3067029747953054,Luxury_Boss
659,4122,2.257113940603382,Luxury_Boss
659,5293,1.8034814573394502,Luxury_Boss
659,9048,2.4474648906942105,Luxury_Boss
659,7927,1.9726707053545627,Luxury_Boss
659,4629,3.2525744111664183,Luxury_Boss
659,10,3.4608911469209658,Luxury_Boss
660,5005,2.3389686259803373,Luxury_Boss
660,4359,2.194274497612033,Luxury_Boss
660,7916,2.114733179900305,Luxury_Boss
660,8227,3.451485996335321,Luxury_Boss
660,3483,2.389450686135609,Luxury_Boss
660,9258,1.6419273414278615,Luxury_Boss
660,2170,3.728058768636295,Luxury_Boss
660,9782,2.891339969757759,Luxury_Boss
660,470,3.8211813015703027,Luxury_Boss
660,760,1.660604136433036,Luxury_Boss
660,4971,2.086497819052282,Luxury_Boss
660,8361,3.6118430668552417,Luxury_Boss
660,2506,1.6572263823950548,Luxury_Boss
660,9177,2.388182264585459,Luxury_Boss
660,76,2.524605035661944,Luxury_Boss
660,8950,2.221561792801748,Luxury_Boss
660,2515,1.651479076637272,Luxury_Boss
660,6074,2.03757061778681,Luxury_Boss
660,4729,1.9932411149912967,Luxury_Boss
660,9796,2.0858527176603654,Luxury_Boss
660,9181,2.0867643988681888,Luxury_Boss
660,2613,2.2740540832490734,Luxury_Boss
660,5417,1.6091428442884277,Luxury_Boss
661,7482,5.0,Luxury_Boss
661,4724,1.868164335628184,Luxury_Boss
661,9486,1.6974297703953614,Luxury_Boss
661,8009,2.25965066870739,Luxury_Boss
661,1538,2.3370222588919667,Luxury_Boss
661,1643,3.2624212340155196,Luxury_Boss
661,4815,1.9142655106302269,Luxury_Boss
661,5976,4.469327439711649,Luxury_Boss
661,7666,2.0520828174238215,Luxury_Boss
661,9753,2.127142903538532,Luxury_Boss
661,5204,1.861545765352858,Luxury_Boss
661,4150,1.8460386998512317,Luxury_Boss
661,2978,1.8264562505230213,Luxury_Boss
661,7900,1.6865757607908614,Luxury_Boss
661,3549,2.103221234087892,Luxury_Boss
661,4952,2.4975693597222546,Luxury_Boss
661,8856,1.8470648729748702,Luxury_Boss
661,4747,2.1411314955128664,Luxury_Boss
661,4461,2.25202034558963,Luxury_Boss
661,7103,4.946476730121609,Luxury_Boss
662,4824,3.9447388314589427,Budget_Student
662,3753,3.8724876948653306,Budget_Student
662,2741,4.627434132527124,Budget_Student
662,6240,3.7422338749941177,Budget_Student
662,7701,3.9387844072666467,Budget_Student
662,2052,3.1233330871836675,Budget_Student
662,10275,3.34081706678932,Budget_Student
662,9071,5.0,Budget_Student
662,8962,3.2329575926362795,Budget_Student
662,2376,1.4541553590167928,Budget_Student
662,7089,3.395163743985445,Budget_Student
662,4744,5.0,Budget_Student
662,5087,1.7443082497161224,Budget_Student
662,3026,3.477130261046745,Budget_Student
662,8002,2.6919764186944235,Budget_Student
662,362,3.7075993250571897,Budget_Student
662,27,1.6495629951520603,Budget_Student
662,9120,3.087937191032082,Budget_Student
662,6544,4.026744445551959,Budget_Student
663,2947,2.8130397581365445,Speed_Racer
663,2017,2.9746682733543213,Speed_Racer
663,5267,3.305663523271253,Speed_Racer
663,1356,3.666555568308551,Speed_Racer
663,9688,3.252877381724776,Speed_Racer
663,3929,2.9742616593678157,Speed_Racer
663,3440,3.5003441593005116,Speed_Racer
663,6476,3.3086499557735216,Speed_Racer
663,8860,2.940518680067914,Speed_Racer
663,2329,2.9573082768571384,Speed_Racer
663,5341,3.2820341021821795,Speed_Racer
663,5053,2.6011475327848474,Speed_Racer
663,7642,3.7415145018898026,Speed_Racer
663,3711,3.41763875616779,Speed_Racer
663,3009,5.0,Speed_Racer
663,9171,2.9195739489318506,Speed_Racer
663,8002,3.1012368156973,Speed_Racer
663,2212,2.024745514407435,Speed_Racer
663,8074,5.0,Speed_Racer
664,3031,3.8648564661832214,Luxury_Boss
664,7468,1.6635207592828394,Luxury_Boss
664,4045,1.6376806654825606,Luxury_Boss
664,5187,1.9930043211851904,Luxury_Boss
664,7503,2.158216694472724,Luxury_Boss
664,886,2.291857256507364,Luxury_Boss
664,2201,2.112834788449062,Luxury_Boss
664,6391,2.4775314714781027,Luxury_Boss
664,2808,1.9232673832139775,Luxury_Boss
664,1582,2.244274544800703,Luxury_Boss
664,1273,2.384845623724921,Luxury_Boss
664,3488,5.0,Luxury_Boss
664,6502,1.8683850565121358,Luxury_Boss
664,7343,2.0415376401262053,Luxury_Boss
664,2717,3.152542865208737,Luxury_Boss
664,9391,2.4123943503889453,Luxury_Boss
664,7174,3.7246383547359807,Luxury_Boss
664,6563,1.5772979072195428,Luxury_Boss
665,6242,5.0,Family_Man
665,2982,3.41555728725861,Family_Man
665,2631,4.571031237190633,Family_Man
665,4117,4.971208059341152,Family_Man
665,4250,5.0,Family_Man
665,6391,4.033766410836181,Family_Man
665,5347,3.9066835932518247,Family_Man
665,7097,3.8600917483934643,Family_Man
665,416,5.0,Family_Man
665,1254,4.207024772006239,Family_Man
665,9650,3.364627773992284,Family_Man
665,2816,4.544690631461779,Family_Man
665,1870,4.960174251329269,Family_Man
665,3632,1.5243663268606948,Family_Man
665,9424,5.0,Family_Man
665,5562,4.4701879993812295,Family_Man
665,7608,3.5940485294443576,Family_Man
665,1829,4.332525843475545,Family_Man
665,4545,3.2524100749945735,Family_Man
665,3973,4.236716057146515,Family_Man
666,9901,3.9700027305711756,Speed_Racer
666,8688,4.684272919762816,Speed_Racer
666,9163,3.3010381717266504,Speed_Racer
666,4735,2.875459284664571,Speed_Racer
666,1672,3.465326092173112,Speed_Racer
666,3843,3.2246015162291073,Speed_Racer
666,7927,2.086893272507184,Speed_Racer
666,1847,5.0,Speed_Racer
666,710,3.2032834667638603,Speed_Racer
666,9319,2.4231108164657327,Speed_Racer
666,2744,2.6145095159059926,Speed_Racer
666,972,2.741299952480461,Speed_Racer
666,6957,2.9929641855978586,Speed_Racer
666,1311,5.0,Speed_Racer
666,1813,4.905486787313842,Speed_Racer
666,5681,2.471345343669321,Speed_Racer
666,7053,2.667035721082783,Speed_Racer
667,6435,3.220712992940247,Family_Man
667,4901,2.580114283634262,Family_Man
667,584,5.0,Family_Man
667,10040,4.011630845355427,Family_Man
667,6365,5.0,Family_Man
667,3460,4.127144742377941,Family_Man
667,6240,4.779356298678162,Family_Man
667,2196,5.0,Family_Man
667,8534,5.0,Family_Man
667,87,4.715487197453354,Family_Man
667,200,5.0,Family_Man
667,581,5.0,Family_Man
667,81,3.6539002817053348,Family_Man
667,5638,3.7778846611566257,Family_Man
667,3867,3.7850327789067397,Family_Man
667,9453,4.61393615441444,Family_Man
667,9126,5.0,Family_Man
667,7450,3.4162821894801736,Family_Man
667,2800,4.384036349292232,Family_Man
667,7402,3.9685963986647113,Family_Man
668,71,3.335946113677336,Speed_Racer
668,9943,2.3399751166537937,Speed_Racer
668,2058,3.4687775891003034,Speed_Racer
668,10147,2.6655077311221405,Speed_Racer
668,779,3.3045575168164985,Speed_Racer
668,4400,3.044876401306439,Speed_Racer
668,9270,2.5169964736950083,Speed_Racer
668,1397,3.696730048092209,Speed_Racer
668,373,2.184040993624779,Speed_Racer
668,9514,2.660807331032553,Speed_Racer
668,507,2.540476488432921,Speed_Racer
668,8038,5.0,Speed_Racer
668,6951,3.0676841905763945,Speed_Racer
668,6885,2.8203278145168276,Speed_Racer
668,868,5.0,Speed_Racer
668,5059,4.8974315097309145,Speed_Racer
669,3920,4.143673726965369,Family_Man
669,9587,4.725459431267866,Family_Man
669,9676,2.597330778589465,Family_Man
669,4230,3.1477286474877832,Family_Man
669,3583,5.0,Family_Man
669,1788,3.7030925267976844,Family_Man
669,408,4.944679023494658,Family_Man
669,3071,5.0,Family_Man
669,34,3.6758512230767577,Family_Man
669,7146,4.337167616870422,Family_Man
669,8523,2.859081031163317,Family_Man
669,729,3.219261080674254,Family_Man
669,9940,5.0,Family_Man
669,7417,2.5835202035691087,Family_Man
669,757,4.948781185112989,Family_Man
669,7356,3.8384199915284363,Family_Man
669,9663,3.3423830864000794,Family_Man
669,7638,5.0,Family_Man
669,398,5.0,Family_Man
669,7850,3.959704796295103,Family_Man
670,3120,4.10262536490394,Speed_Racer
670,7456,2.150510401263847,Speed_Racer
670,5687,3.7981578732492958,Speed_Racer
670,6318,2.585442343967697,Speed_Racer
670,7659,2.829045556408683,Speed_Racer
670,6783,2.1138339172520118,Speed_Racer
670,867,3.159369792630055,Speed_Racer
670,3637,2.9055958017190364,Speed_Racer
670,6395,3.465992559788086,Speed_Racer
670,3514,4.682621517405517,Speed_Racer
670,6277,3.0494235011658315,Speed_Racer
670,8180,2.2169412919719087,Speed_Racer
670,10001,1.789832184554541,Speed_Racer
670,5787,3.3673915608584633,Speed_Racer
670,4293,2.3010559453344235,Speed_Racer
670,5854,3.8365273052188806,Speed_Racer
670,9835,2.5665269473395407,Speed_Racer
670,2907,3.030560256959418,Speed_Racer
670,7076,3.3750788432136423,Speed_Racer
670,3395,4.3672781691063856,Speed_Racer
670,3664,5.0,Speed_Racer
670,4796,2.7214197807448164,Speed_Racer
670,3122,5.0,Speed_Racer
670,5649,3.7220781648511587,Speed_Racer
671,5679,4.90419613745302,Family_Man
671,4996,5.0,Family_Man
671,9621,5.0,Family_Man
671,1715,4.9807237987241475,Family_Man
671,4642,5.0,Family_Man
671,7868,5.0,Family_Man
671,4208,5.0,Family_Man
671,4568,3.4475837614602933,Family_Man
671,7544,5.0,Family_Man
671,5313,2.8983768888132064,Family_Man
671,6290,2.7157225695977196,Family_Man
671,4392,4.32486781208209,Family_Man
671,7827,2.5752296337292675,Family_Man
671,8919,4.989734520995711,Family_Man
671,8661,4.203786093173099,Family_Man
671,7074,3.590663059333075,Family_Man
671,1583,4.893271160255751,Family_Man
671,999,4.456336436943709,Family_Man
671,9750,5.0,Family_Man
672,9889,5.0,Family_Man
672,83,5.0,Family_Man
672,9940,5.0,Family_Man
672,9454,4.667717716505149,Family_Man
672,8050,3.780293799903381,Family_Man
672,5804,5.0,Family_Man
672,3518,2.609639946088193,Family_Man
672,4583,2.5636320904617866,Family_Man
672,8307,3.188839251707667,Family_Man
672,5783,5.0,Family_Man
672,7228,5.0,Family_Man
672,6763,5.0,Family_Man
672,328,5.0,Family_Man
672,7360,4.077962131706378,Family_Man
672,8250,5.0,Family_Man
672,6076,4.1079046654155364,Family_Man
673,3972,4.411843935224111,Speed_Racer
673,1298,2.8894542820688875,Speed_Racer
673,896,3.1996689331207513,Speed_Racer
673,7302,2.8287407389676793,Speed_Racer
673,9928,2.3473187159980338,Speed_Racer
673,6160,3.0958416107175366,Speed_Racer
673,1781,2.200292206136586,Speed_Racer
673,1257,3.425912557587031,Speed_Racer
673,9527,5.0,Speed_Racer
673,1361,3.7633460957823717,Speed_Racer
673,8674,2.5029288793899234,Speed_Racer
673,8393,3.3177923763440322,Speed_Racer
673,3601,5.0,Speed_Racer
673,8338,2.582206908270044,Speed_Racer
673,8908,3.9709963515344446,Speed_Racer
674,9696,4.663669322066716,Family_Man
674,5119,5.0,Family_Man
674,7171,4.61730436208347,Family_Man
674,7484,4.503827803643776,Family_Man
674,396,5.0,Family_Man
674,3445,4.785516990017032,Family_Man
674,8273,4.147626920603438,Family_Man
674,329,3.9492780335424302,Family_Man
674,5087,4.1936177150534455,Family_Man
674,10258,5.0,Family_Man
674,2501,3.524699949549544,Family_Man
674,5411,4.9192118446546615,Family_Man
674,566,3.4517229404916296,Family_Man
674,2266,5.0,Family_Man
674,4013,5.0,Family_Man
674,1133,4.231860153375024,Family_Man
674,5669,5.0,Family_Man
674,109,4.464456085883718,Family_Man
675,1349,2.122038770705447,Luxury_Boss
675,9232,2.301949278290776,Luxury_Boss
675,5837,2.4603487594900932,Luxury_Boss
675,1056,2.3872211258769642,Luxury_Boss
675,7106,2.7180220227904197,Luxury_Boss
675,9662,1.53583082957349,Luxury_Boss
675,8738,1.5183753115388683,Luxury_Boss
675,3161,1.5379865379463087,Luxury_Boss
675,7293,1.602563172279454,Luxury_Boss
675,6254,1.6060971229766605,Luxury_Boss
675,9633,2.3883561832853313,Luxury_Boss
675,7552,1.6797998686476847,Luxury_Boss
675,1485,4.019477698076001,Luxury_Boss
675,2613,1.7625399223879774,Luxury_Boss
675,3491,2.074745050839596,Luxury_Boss
675,3905,1.7913287185718194,Luxury_Boss
675,6808,2.2943006271625546,Luxury_Boss
675,4567,2.1440423412443925,Luxury_Boss
676,5000,4.139914578464661,Family_Man
676,4490,5.0,Family_Man
676,9963,4.544533561932013,Family_Man
676,6701,3.6703623855931284,Family_Man
676,9616,1.2962609705266979,Family_Man
676,10024,4.889040779699515,Family_Man
676,7514,5.0,Family_Man
676,1247,3.179592409448111,Family_Man
676,4043,4.626619998641386,Family_Man
676,479,3.9528836654540362,Family_Man
676,2785,3.7214640186626236,Family_Man
676,9588,5.0,Family_Man
676,7139,5.0,Family_Man
676,9088,5.0,Family_Man
676,3100,3.4159268945992434,Family_Man
676,4435,3.1466540208367126,Family_Man
676,9441,3.8093404500435786,Family_Man
676,524,4.492758297940698,Family_Man
676,1072,4.472670500004744,Family_Man
676,9887,5.0,Family_Man
676,10200,5.0,Family_Man
677,3007,2.9313449436034813,Budget_Student
677,2482,3.0488744201060816,Budget_Student
677,9893,1.6028222557645235,Budget_Student
677,3105,1.393512990898023,Budget_Student
677,3425,1.9388684143865857,Budget_Student
677,2110,5.0,Budget_Student
677,7401,2.824626495158343,Budget_Student
677,1292,4.973045488265556,Budget_Student
677,6011,3.7008061650419104,Budget_Student
677,5675,3.951844595764374,Budget_Student
677,274,3.548613551151821,Budget_Student
677,3066,3.704487951852059,Budget_Student
677,6337,5.0,Budget_Student
677,8729,3.361622447313165,Budget_Student
677,4654,5.0,Budget_Student
677,9401,3.751731457738075,Budget_Student
677,5400,4.768032048517836,Budget_Student
677,2185,3.533714929973772,Budget_Student
677,6701,3.0807435007524298,Budget_Student
677,2195,2.87789548748472,Budget_Student
677,8836,5.0,Budget_Student
677,4381,3.335233366312494,Budget_Student
678,1650,4.368436428491304,Family_Man
678,9137,3.623387516713176,Family_Man
678,2110,3.562530182075759,Family_Man
678,9472,3.027692067962775,Family_Man
678,1647,5.0,Family_Man
678,6375,4.896685467354007,Family_Man
678,9718,2.6910647167231145,Family_Man
678,5560,3.643121058658213,Family_Man
678,6443,3.2975851284880866,Family_Man
678,1021,5.0,Family_Man
678,986,4.009259791298049,Family_Man
678,2005,5.0,Family_Man
678,943,4.344226947008235,Family_Man
678,1555,4.071837556071088,Family_Man
678,1473,4.0892298417994875,Family_Man
678,10198,5.0,Family_Man
678,6044,3.185995830893977,Family_Man
679,45,3.4345371300198244,Family_Man
679,4124,4.406249656353085,Family_Man
679,7125,2.6217608906141305,Family_Man
679,5047,3.606879774043005,Family_Man
679,6695,1.1396141707340317,Family_Man
679,9459,3.544139444978307,Family_Man
679,3898,2.62588445138573,Family_Man
679,3201,5.0,Family_Man
679,2522,4.486114521826401,Family_Man
679,2753,3.5551107628938152,Family_Man
679,7124,2.778164403246752,Family_Man
679,5645,4.305561882639242,Family_Man
679,8688,4.252133171476877,Family_Man
679,737,4.614319205410832,Family_Man
679,7286,4.318111679404142,Family_Man
679,6224,4.325830415021055,Family_Man
679,3939,5.0,Family_Man
679,1079,5.0,Family_Man
679,9770,3.802489634412066,Family_Man
679,8700,4.858724730877139,Family_Man
680,1691,3.186747053751878,Budget_Student
680,6459,5.0,Budget_Student
680,10027,2.6912384439188264,Budget_Student
680,8838,2.991396381959647,Budget_Student
680,8383,3.178536218277875,Budget_Student
680,9287,5.0,Budget_Student
680,3707,5.0,Budget_Student
680,387,3.974376044700726,Budget_Student
680,4379,3.8027924311070387,Budget_Student
680,7818,2.7200605127406687,Budget_Student
680,276,3.906054719434652,Budget_Student
680,637,3.40297975596577,Budget_Student
680,1762,4.324573185725192,Budget_Student
680,1818,5.0,Budget_Student
680,8891,3.3514686032732914,Budget_Student
680,5697,5.0,Budget_Student
680,8348,3.7003778888467913,Budget_Student
680,9953,3.5537997265967682,Budget_Student
680,5078,4.634389406289061,Budget_Student
680,6368,3.210018520137968,Budget_Student
681,9921,3.098102359547285,Eco_Warrior
681,2057,2.619351534240911,Eco_Warrior
681,2197,1.0,Eco_Warrior
681,4917,1.0,Eco_Warrior
681,7945,1.0,Eco_Warrior
681,7729,1.3793466775418792,Eco_Warrior
681,6713,1.222891754677863,Eco_Warrior
681,1922,3.106191722301169,Eco_Warrior
681,1455,2.6291383044401693,Eco_Warrior
681,4135,2.709710488042997,Eco_Warrior
681,5619,2.7677913251749757,Eco_Warrior
681,5851,2.964781762231155,Eco_Warrior
681,4043,3.3355774671205918,Eco_Warrior
681,8644,1.423698064956139,Eco_Warrior
681,2093,2.1033902779158895,Eco_Warrior
681,946,2.9806572972802567,Eco_Warrior
681,8948,3.496858787596261,Eco_Warrior
681,10058,4.237603732844295,Eco_Warrior
681,8972,2.4185127147824823,Eco_Warrior
681,7742,1.0,Eco_Warrior
681,10203,3.0134533027594714,Eco_Warrior
681,4598,1.244645054126977,Eco_Warrior
681,2703,2.2386819763898136,Eco_Warrior
682,1579,3.3890484720283975,Budget_Student
682,8324,2.869318689527538,Budget_Student
682,8665,3.457982413410806,Budget_Student
682,5126,1.75315308024607,Budget_Student
682,5605,1.0343097442041533,Budget_Student
682,3530,5.0,Budget_Student
682,1294,5.0,Budget_Student
682,4128,2.837497137007874,Budget_Student
682,8017,2.6520631800660475,Budget_Student
682,6564,3.912516063077455,Budget_Student
682,1874,3.8295816842138275,Budget_Student
682,1359,5.0,Budget_Student
682,2127,5.0,Budget_Student
682,3314,3.3747737721256557,Budget_Student
682,6439,3.11734540282864,Budget_Student
682,5518,5.0,Budget_Student
682,2927,4.523904661958165,Budget_Student
682,7393,3.700902260369098,Budget_Student
682,5644,3.99489763570897,Budget_Student
682,8146,5.0,Budget_Student
683,5343,3.7702332057156074,Family_Man
683,9957,5.0,Family_Man
683,242,4.881622510525821,Family_Man
683,1425,5.0,Family_Man
683,2297,4.770256305113557,Family_Man
683,10,4.478435662606492,Family_Man
683,1897,4.096013349199078,Family_Man
683,498,2.9601868585240116,Family_Man
683,3474,4.123972528154109,Family_Man
683,3347,5.0,Family_Man
683,4358,4.481832649526178,Family_Man
683,7665,3.7666403875819205,Family_Man
683,2479,4.5032656602037315,Family_Man
683,2649,3.9421207761493413,Family_Man
683,8854,4.996906140440119,Family_Man
683,3641,4.45293692101121,Family_Man
683,7335,3.404902205186227,Family_Man
683,8539,4.833791524978797,Family_Man
683,9618,5.0,Family_Man
683,2891,5.0,Family_Man
684,2416,2.536308811220276,Eco_Warrior
684,8009,2.8403292443289314,Eco_Warrior
684,539,2.594177189509409,Eco_Warrior
684,5637,2.6954090786612332,Eco_Warrior
684,8539,2.9174309719375926,Eco_Warrior
684,8281,2.9910753773574563,Eco_Warrior
684,4511,1.097278870687704,Eco_Warrior
684,9096,2.5517448569587935,Eco_Warrior
684,7352,1.132745079636289,Eco_Warrior
684,4669,2.2050025861510374,Eco_Warrior
684,4181,1.0,Eco_Warrior
684,2690,3.4819565412721474,Eco_Warrior
684,574,1.0,Eco_Warrior
684,8445,2.6292109263340393,Eco_Warrior
684,9471,3.269437440485335,Eco_Warrior
684,3467,4.46210962230748,Eco_Warrior
684,2132,1.3473477767638915,Eco_Warrior
685,6797,1.0,Eco_Warrior
685,7431,1.9374081127551719,Eco_Warrior
685,5153,1.0,Eco_Warrior
685,4923,3.7397237019113794,Eco_Warrior
685,7178,3.253893594067742,Eco_Warrior
685,10232,3.450568958971969,Eco_Warrior
685,3324,1.0,Eco_Warrior
685,7947,2.62222697332293,Eco_Warrior
685,7124,3.0453308366847063,Eco_Warrior
685,5595,3.1681997780425624,Eco_Warrior
685,9511,3.331927131668088,Eco_Warrior
685,8497,1.0,Eco_Warrior
685,2045,1.0977401827838618,Eco_Warrior
685,8917,1.0,Eco_Warrior
685,6290,3.1803626051893708,Eco_Warrior
685,5499,2.772430597602919,Eco_Warrior
685,649,3.019374311155266,Eco_Warrior
685,5854,3.4975499772718517,Eco_Warrior
685,9930,2.57269256994381,Eco_Warrior
685,7173,1.0,Eco_Warrior
686,4865,2.328953158103131,Luxury_Boss
686,9752,2.0615530408716136,Luxury_Boss
686,5414,3.5375095919211166,Luxury_Boss
686,8415,3.1092979816813897,Luxury_Boss
686,5729,1.6548287906563668,Luxury_Boss
686,7056,2.3288081297481753,Luxury_Boss
686,8215,1.9688371631922204,Luxury_Boss
686,9638,2.1546059057982205,Luxury_Boss
686,7796,1.8425088610537599,Luxury_Boss
686,665,2.212629035411651,Luxury_Boss
686,710,3.9121110790240547,Luxury_Boss
686,7141,2.201232101099169,Luxury_Boss
686,10141,1.851941230156,Luxury_Boss
686,198,1.566740172305426,Luxury_Boss
686,1661,4.533103035487204,Luxury_Boss
686,1353,1.6597658455665676,Luxury_Boss
686,4513,2.0722480732076707,Luxury_Boss
686,9656,1.9068903566720805,Luxury_Boss
687,983,1.907592714867068,Luxury_Boss
687,8685,4.250305104514495,Luxury_Boss
687,3666,1.9180188764556807,Luxury_Boss
687,1429,1.8435987001777627,Luxury_Boss
687,5765,2.749002442563098,Luxury_Boss
687,6109,2.9569326437881065,Luxury_Boss
687,9945,2.2867633975966632,Luxury_Boss
687,8138,2.231100783431259,Luxury_Boss
687,2438,1.5199141398393468,Luxury_Boss
687,347,4.993825651547311,Luxury_Boss
687,2843,2.471239913149372,Luxury_Boss
687,4308,3.322840703179775,Luxury_Boss
687,8014,5.0,Luxury_Boss
687,460,2.0436917888028567,Luxury_Boss
687,216,1.8318773130066364,Luxury_Boss
687,2321,2.4975860531953757,Luxury_Boss
687,7484,4.329589842918169,Luxury_Boss
687,8531,2.2971791251399316,Luxury_Boss
687,648,1.5387663519126895,Luxury_Boss
687,6044,2.2831510507624415,Luxury_Boss
688,7175,3.719325307855048,Luxury_Boss
688,392,1.5496355131919293,Luxury_Boss
688,10238,1.829242486561285,Luxury_Boss
688,10060,5.0,Luxury_Boss
688,4615,4.17758670263836,Luxury_Boss
688,4460,4.1586602776936,Luxury_Boss
688,5361,2.1841455716133913,Luxury_Boss
688,2909,1.786733671356586,Luxury_Boss
688,1366,2.118319327152414,Luxury_Boss
688,2320,4.11203282952223,Luxury_Boss
688,5011,2.429401694432932,Luxury_Boss
688,2422,2.066989127485927,Luxury_Boss
688,6590,1.8469870232320178,Luxury_Boss
688,4377,2.2718158908600907,Luxury_Boss
688,1673,4.990898016983434,Luxury_Boss
688,2947,2.131426685245835,Luxury_Boss
688,5695,1.9229045902431103,Luxury_Boss
688,391,2.053502069349141,Luxury_Boss
689,9447,3.6596697374852805,Budget_Student
689,8844,3.9352471067949955,Budget_Student
689,294,2.2118068429480537,Budget_Student
689,8849,3.6368886122475956,Budget_Student
689,2929,3.5589892716513205,Budget_Student
689,7804,2.622181741851328,Budget_Student
689,7423,3.9926254881272545,Budget_Student
689,5153,5.0,Budget_Student
689,4114,2.6103290653798927,Budget_Student
689,6592,5.0,Budget_Student
689,3115,3.3810214651956216,Budget_Student
689,9279,3.8960949943162797,Budget_Student
689,8545,3.2022385068036225,Budget_Student
689,3849,3.9057526041308983,Budget_Student
689,8595,3.31387956512478,Budget_Student
689,1484,3.4158785698726284,Budget_Student
689,4014,5.0,Budget_Student
690,3854,5.0,Family_Man
690,5505,4.426820636381618,Family_Man
690,163,3.90956877888713,Family_Man
690,9139,3.0706652830398453,Family_Man
690,4612,4.038778139029468,Family_Man
690,1010,3.039799057276823,Family_Man
690,4516,5.0,Family_Man
690,1098,4.395491277695882,Family_Man
690,4384,5.0,Family_Man
690,1084,2.928255608326747,Family_Man
690,3398,5.0,Family_Man
690,2161,4.469286272371094,Family_Man
690,3816,5.0,Family_Man
690,7169,1.1775521967302627,Family_Man
690,1325,4.178930638543051,Family_Man
691,6198,4.9912304947785895,Family_Man
691,8247,4.134681122256515,Family_Man
691,3421,2.563349317476001,Family_Man
691,7553,4.258592829105182,Family_Man
691,9606,5.0,Family_Man
691,4477,3.3440484204530976,Family_Man
691,8362,5.0,Family_Man
691,7768,5.0,Family_Man
691,8724,2.805895256017294,Family_Man
691,3395,2.7959030191431635,Family_Man
691,3057,5.0,Family_Man
691,2454,5.0,Family_Man
691,2163,4.804057330145921,Family_Man
691,2167,4.763426069487871,Family_Man
691,435,4.212558396934954,Family_Man
692,9769,2.346123997215645,Speed_Racer
692,4290,3.3995261354748263,Speed_Racer
692,5516,2.709644321861407,Speed_Racer
692,9523,3.2723120275808095,Speed_Racer
692,6532,2.6468291057828908,Speed_Racer
692,4569,2.840488006096116,Speed_Racer
692,3317,3.7437844286764848,Speed_Racer
692,1102,3.2243916755163005,Speed_Racer
692,8955,5.0,Speed_Racer
692,3529,3.423562653631544,Speed_Racer
692,297,3.9163587521758343,Speed_Racer
692,3288,2.0873092360275454,Speed_Racer
692,5399,2.68736984013047,Speed_Racer
692,6013,3.9271494358496524,Speed_Racer
692,9544,4.930779858450656,Speed_Racer
692,4793,1.9058158352846721,Speed_Racer
692,5347,2.104601826539567,Speed_Racer
692,5224,2.6125337306701955,Speed_Racer
692,9109,3.2807712951355463,Speed_Racer
692,9952,2.7568609148864076,Speed_Racer
692,7510,2.486905732552184,Speed_Racer
692,10275,3.588256280930949,Speed_Racer
693,9935,3.4015263042821893,Eco_Warrior
693,7050,2.557470314081452,Eco_Warrior
693,6971,3.322700210283988,Eco_Warrior
693,9825,2.9739691328152023,Eco_Warrior
693,2505,2.9871091863439325,Eco_Warrior
693,10046,2.8855861336800466,Eco_Warrior
693,3864,1.638263801065369,Eco_Warrior
693,9008,3.4811648540284525,Eco_Warrior
693,2100,1.3472341888570643,Eco_Warrior
693,5190,1.1264711622303194,Eco_Warrior
693,7777,1.0,Eco_Warrior
693,8044,2.9562611435284967,Eco_Warrior
693,1743,2.6637823120987107,Eco_Warrior
693,1498,1.4904750377833282,Eco_Warrior
693,5669,1.4770116137235063,Eco_Warrior
693,3107,2.4550552938616264,Eco_Warrior
693,3224,2.6586145337124574,Eco_Warrior
693,3417,2.964740603159876,Eco_Warrior
693,7732,3.3084871332677093,Eco_Warrior
693,9548,2.463933463593966,Eco_Warrior
693,1622,3.1369457678123736,Eco_Warrior
693,9063,2.6489669916308913,Eco_Warrior
693,9590,1.0618119264431058,Eco_Warrior
693,574,1.0703610977503337,Eco_Warrior
694,3675,5.0,Family_Man
694,3090,4.198902924242486,Family_Man
694,3492,2.7629032381207432,Family_Man
694,5754,5.0,Family_Man
694,3546,3.274621090482247,Family_Man
694,6358,4.719590991304271,Family_Man
694,1562,4.524288378130921,Family_Man
694,1638,2.674435582835847,Family_Man
694,5341,5.0,Family_Man
694,3820,3.1581734423087844,Family_Man
694,8950,5.0,Family_Man
694,3621,4.156510697341699,Family_Man
694,3511,4.25395604277737,Family_Man
694,8903,4.047032549839232,Family_Man
694,689,3.6653191914932375,Family_Man
694,9875,4.083388363566645,Family_Man
695,1944,3.4659909086911185,Family_Man
695,6219,4.714646526338562,Family_Man
695,8387,4.066486567223701,Family_Man
695,7168,5.0,Family_Man
695,4151,4.263345804860597,Family_Man
695,9417,3.165402902265968,Family_Man
695,4212,4.984744085664702,Family_Man
695,7182,3.7371823492174414,Family_Man
695,710,5.0,Family_Man
695,2553,5.0,Family_Man
695,9295,2.6043398871255303,Family_Man
695,1764,5.0,Family_Man
695,1554,3.7977120885137925,Family_Man
695,9048,5.0,Family_Man
695,2314,4.29084014547295,Family_Man
695,7663,4.399263145810145,Family_Man
695,5489,2.6185921215317447,Family_Man
695,955,3.201168252097604,Family_Man
695,3986,5.0,Family_Man
696,8650,3.4837367821140055,Eco_Warrior
696,5836,1.0,Eco_Warrior
696,4120,2.746086975599256,Eco_Warrior
696,4858,2.6243786228957555,Eco_Warrior
696,5231,1.178235597863953,Eco_Warrior
696,5215,1.0,Eco_Warrior
696,6038,1.0,Eco_Warrior
696,6920,3.4677930811250697,Eco_Warrior
696,6098,1.0356319372764964,Eco_Warrior
696,5144,3.8744213612057976,Eco_Warrior
696,3826,1.53124955009796,Eco_Warrior
696,4539,3.0298287109600577,Eco_Warrior
696,6721,2.921365118030376,Eco_Warrior
696,4855,1.0,Eco_Warrior
696,6923,3.194661312999691,Eco_Warrior
696,2666,1.4511434807103725,Eco_Warrior
697,1803,3.5235813806439373,Budget_Student
697,5890,3.0773579595791865,Budget_Student
697,510,3.4317078257535116,Budget_Student
697,5711,5.0,Budget_Student
697,5032,3.839284100224618,Budget_Student
697,4817,5.0,Budget_Student
697,9913,5.0,Budget_Student
697,7715,3.404351716664466,Budget_Student
697,4643,3.6576792649332193,Budget_Student
697,8620,3.8853246132794856,Budget_Student
697,7217,5.0,Budget_Student
697,6640,5.0,Budget_Student
697,3621,1.3350837899508905,Budget_Student
697,6254,3.1924179946697775,Budget_Student
697,9193,3.437471911149513,Budget_Student
697,3087,4.748098583897123,Budget_Student
697,8020,3.8040530169963778,Budget_Student
697,3705,3.001411886530501,Budget_Student
697,3684,2.6864194407697206,Budget_Student
697,9860,5.0,Budget_Student
697,4068,1.0,Budget_Student
697,9336,5.0,Budget_Student
698,1582,3.767655324409444,Family_Man
698,5755,4.842952637831153,Family_Man
698,7659,5.0,Family_Man
698,7747,3.028786111408723,Family_Man
698,6050,4.129951619524577,Family_Man
698,8243,5.0,Family_Man
698,10162,3.3553381279355725,Family_Man
698,4574,3.688972286776714,Family_Man
698,3296,4.7156887997186505,Family_Man
698,6073,3.495410767008111,Family_Man
698,9866,4.420274445504387,Family_Man
698,2865,3.025801071064319,Family_Man
698,1532,3.819878554510102,Family_Man
698,6025,4.022473481735485,Family_Man
698,401,5.0,Family_Man
698,10032,4.949764755441245,Family_Man
699,4246,3.207970600509903,Family_Man
699,6594,3.4577242677268565,Family_Man
699,3463,3.886314102927867,Family_Man
699,9664,4.691864028582407,Family_Man
699,889,5.0,Family_Man
699,3716,4.810005810081741,Family_Man
699,7332,4.7852708394342605,Family_Man
699,6343,4.124423216216872,Family_Man
699,6465,5.0,Family_Man
699,2915,4.767433173002114,Family_Man
699,6053,4.547262518834099,Family_Man
699,7637,5.0,Family_Man
699,8832,3.089146879762453,Family_Man
699,6730,4.0479615060339835,Family_Man
699,4279,4.226657918978656,Family_Man
699,6130,4.621885145144433,Family_Man
699,9570,4.85651618613888,Family_Man
699,3591,3.1853721951159364,Family_Man
700,6682,2.0408645329356823,Luxury_Boss
700,3695,1.6195846076424316,Luxury_Boss
700,3927,1.689003360242602,Luxury_Boss
700,4668,2.1590080357433985,Luxury_Boss
700,3820,2.10014228405217,Luxury_Boss
700,921,2.087596771165165,Luxury_Boss
700,7969,1.9488279575461573,Luxury_Boss
700,6681,1.518462046059616,Luxury_Boss
700,198,1.6722313929773571,Luxury_Boss
700,9904,2.1048220330419536,Luxury_Boss
700,6396,1.8854998197727353,Luxury_Boss
700,9252,1.5816672591198602,Luxury_Boss
700,861,3.984849765448874,Luxury_Boss
700,9804,1.755630228066873,Luxury_Boss
700,6881,2.496595297146516,Luxury_Boss
700,9487,4.1905495766274985,Luxury_Boss
700,5757,1.6530619031020848,Luxury_Boss
701,2455,2.3831805659809415,Luxury_Boss
701,6751,2.6896381131199902,Luxury_Boss
701,4435,2.405523708630262,Luxury_Boss
701,6393,2.2832444022058835,Luxury_Boss
701,2213,1.5983241382557836,Luxury_Boss
701,8868,2.3998183073402304,Luxury_Boss
701,8664,1.9306280917237033,Luxury_Boss
701,492,1.8240810279486879,Luxury_Boss
701,8469,2.398846722567007,Luxury_Boss
701,985,1.7735794662980164,Luxury_Boss
701,1005,2.03919044775645,Luxury_Boss
701,1577,4.991047764787444,Luxury_Boss
701,2490,2.1857310918413617,Luxury_Boss
701,7992,1.5189258062857554,Luxury_Boss
701,2689,2.2925207347189773,Luxury_Boss
701,6083,1.8042757035732935,Luxury_Boss
701,5161,1.6548697867481335,Luxury_Boss
701,9783,3.787512498448397,Luxury_Boss
701,9622,1.6814350529940663,Luxury_Boss
701,1123,2.332998212361706,Luxury_Boss
701,5418,2.408437654111847,Luxury_Boss
702,9558,2.9531302180401937,Speed_Racer
702,5177,2.0529379991710193,Speed_Racer
702,252,3.6247042598725026,Speed_Racer
702,1478,2.9946588441004476,Speed_Racer
702,5970,2.48474973562995,Speed_Racer
702,7248,5.0,Speed_Racer
702,9858,2.4445860508522603,Speed_Racer
702,2308,2.044323727441515,Speed_Racer
702,4647,2.826230438947142,Speed_Racer
702,6612,3.2153796128581837,Speed_Racer
702,7425,2.2314956425701036,Speed_Racer
702,8917,3.0889431316189766,Speed_Racer
702,4186,5.0,Speed_Racer
702,2839,2.5057809112594684,Speed_Racer
702,1901,2.905789514195905,Speed_Racer
702,8540,4.633320200672625,Speed_Racer
702,7831,3.469475941259802,Speed_Racer
702,146,3.979006766033637,Speed_Racer
702,804,3.1039008903833194,Speed_Racer
702,410,2.3125784158294245,Speed_Racer
702,3476,3.171269814625411,Speed_Racer
702,6730,2.3693672645416513,Speed_Racer
702,6339,2.9828014431086576,Speed_Racer
703,5087,4.98649820890502,Luxury_Boss
703,8339,1.894819576440045,Luxury_Boss
703,7317,1.788226096084153,Luxury_Boss
703,1681,2.0505848855321105,Luxury_Boss
703,1862,1.9713733043997088,Luxury_Boss
703,1472,1.794005910375454,Luxury_Boss
703,7736,2.949803226786954,Luxury_Boss
703,971,3.265320937788668,Luxury_Boss
703,2200,2.1818057442003767,Luxury_Boss
703,5846,1.89530657902236,Luxury_Boss
703,4924,2.203331692609225,Luxury_Boss
703,6888,2.1265025317173305,Luxury_Boss
703,6193,1.9998853961439524,Luxury_Boss
703,475,2.0380743841742235,Luxury_Boss
703,3609,2.2966144376303856,Luxury_Boss
703,6593,2.1386540036193336,Luxury_Boss
703,3561,1.5200127341779073,Luxury_Boss
703,4532,2.0620929806677237,Luxury_Boss
703,525,1.7414937993423287,Luxury_Boss
703,3135,1.8566737652906287,Luxury_Boss
703,4242,2.4501014919240163,Luxury_Boss
703,1991,3.5435041861236742,Luxury_Boss
703,521,1.6715384656003887,Luxury_Boss
704,3,4.175677398197072,Eco_Warrior
704,8500,3.3953472196102705,Eco_Warrior
704,7141,3.113407947103212,Eco_Warrior
704,6411,1.4481594788469203,Eco_Warrior
704,9659,1.0484781707751636,Eco_Warrior
704,3787,3.01313350176214,Eco_Warrior
704,6790,2.8738289185598487,Eco_Warrior
704,6213,2.951045593290125,Eco_Warrior
704,6994,1.0,Eco_Warrior
704,10249,3.0635781058362586,Eco_Warrior
704,8539,3.178917063773743,Eco_Warrior
704,4512,1.08947084249345,Eco_Warrior
704,3902,1.5228040679936066,Eco_Warrior
704,6908,3.379943718536821,Eco_Warrior
704,6611,2.8682962872384756,Eco_Warrior
704,2707,1.0,Eco_Warrior
704,2675,1.0,Eco_Warrior
705,76,3.141235798764241,Budget_Student
705,5165,4.675250890396319,Budget_Student
705,3733,3.472223237246931,Budget_Student
705,9149,3.563999274699359,Budget_Student
705,474,5.0,Budget_Student
705,9338,3.397829287900646,Budget_Student
705,4540,5.0,Budget_Student
705,7102,3.817632086060321,Budget_Student
705,9975,3.652729362866289,Budget_Student
705,1242,3.948334834295938,Budget_Student
705,5510,3.8686290649323283,Budget_Student
705,498,5.0,Budget_Student
705,9886,5.0,Budget_Student
705,6352,5.0,Budget_Student
705,10073,5.0,Budget_Student
705,3816,3.2805226702313046,Budget_Student
705,6147,5.0,Budget_Student
705,4043,3.2338221307053927,Budget_Student
705,6825,3.2618693622634276,Budget_Student
706,1458,3.3613049882252257,Speed_Racer
706,7752,2.382460605983235,Speed_Racer
706,812,3.6438657530679857,Speed_Racer
706,3439,3.0614207569245595,Speed_Racer
706,5312,4.1317967686843655,Speed_Racer
706,1261,3.1598241619360885,Speed_Racer
706,5041,2.7036238375935033,Speed_Racer
706,5633,3.131894230793246,Speed_Racer
706,3360,2.9212817346035784,Speed_Racer
706,946,2.829280368432565,Speed_Racer
706,6858,3.027087299146368,Speed_Racer
706,6269,3.4173762832040073,Speed_Racer
706,903,3.7284980209502234,Speed_Racer
706,10173,2.4738967452353333,Speed_Racer
706,677,3.4918166385031095,Speed_Racer
706,4041,2.816069243277592,Speed_Racer
706,2793,3.8690529515995093,Speed_Racer
706,10063,3.122429855880073,Speed_Racer
706,9536,3.751358444600803,Speed_Racer
706,4821,5.0,Speed_Racer
707,1501,5.0,Family_Man
707,3082,5.0,Family_Man
707,9882,3.4250292570764613,Family_Man
707,6163,5.0,Family_Man
707,9776,4.2823118420977275,Family_Man
707,3655,3.661771675697385,Family_Man
707,1053,2.8961850804611693,Family_Man
707,6328,4.857782932307704,Family_Man
707,3184,2.6878500634613163,Family_Man
707,471,4.028286340575674,Family_Man
707,7498,2.9244647161819506,Family_Man
707,3334,5.0,Family_Man
707,3203,4.161457714815522,Family_Man
707,7209,4.349082511369809,Family_Man
707,3332,3.673362700658936,Family_Man
707,5361,4.131477439513346,Family_Man
707,2303,3.0054308470486797,Family_Man
707,5553,5.0,Family_Man
707,3950,3.9045385377687154,Family_Man
708,6705,4.5794514495009375,Family_Man
708,3942,3.942471464897023,Family_Man
708,4801,2.7171085835962985,Family_Man
708,7203,3.781753456021756,Family_Man
708,6169,4.43868081733006,Family_Man
708,4362,4.0493649519571475,Family_Man
708,1184,5.0,Family_Man
708,3289,3.312882709751219,Family_Man
708,7610,4.506503969821759,Family_Man
708,6407,5.0,Family_Man
708,5298,5.0,Family_Man
708,5637,4.4354266677516865,Family_Man
708,1363,3.2287795698715795,Family_Man
708,3255,5.0,Family_Man
708,6558,4.78654769270661,Family_Man
708,3567,3.2515926925813208,Family_Man
708,245,5.0,Family_Man
708,8373,3.0184572954565176,Family_Man
708,8864,2.514253018058323,Family_Man
708,1720,4.183332761610335,Family_Man
708,10009,4.6246570397307805,Family_Man
709,5760,2.9520643290297457,Eco_Warrior
709,8940,2.995997610886751,Eco_Warrior
709,4102,3.4069227760701124,Eco_Warrior
709,2313,3.123214021767139,Eco_Warrior
709,2792,2.869140189700207,Eco_Warrior
709,1190,2.9605796434140412,Eco_Warrior
709,781,2.9688667987786546,Eco_Warrior
709,225,2.735173687556785,Eco_Warrior
709,9774,1.0751934056329575,Eco_Warrior
709,3406,1.0399759872828773,Eco_Warrior
709,4292,1.0,Eco_Warrior
709,2021,2.767526233028481,Eco_Warrior
709,535,1.2508738556463652,Eco_Warrior
709,3685,3.217342534449541,Eco_Warrior
709,1139,2.9670526585129693,Eco_Warrior
709,10284,3.310704211675583,Eco_Warrior
709,3575,3.157776811969917,Eco_Warrior
710,4941,5.0,Budget_Student
710,7875,4.090353314817978,Budget_Student
710,5187,3.7726406045247014,Budget_Student
710,9476,3.3479544697075374,Budget_Student
710,9540,2.97993350152562,Budget_Student
710,2092,1.1260816335557642,Budget_Student
710,4689,2.628178515683241,Budget_Student
710,6519,3.8523742465125452,Budget_Student
710,2075,3.289871690649721,Budget_Student
710,1713,5.0,Budget_Student
710,7778,5.0,Budget_Student
710,5,3.2077476002364644,Budget_Student
710,2840,3.0751768412126705,Budget_Student
710,9103,1.6877371893774398,Budget_Student
710,8185,3.975143441922533,Budget_Student
710,4361,3.4183903873357036,Budget_Student
710,2159,1.0051456607625329,Budget_Student
710,7567,5.0,Budget_Student
710,5665,3.152964502386572,Budget_Student
710,1476,3.0626316920766814,Budget_Student
710,8112,3.1364989094156774,Budget_Student
710,1914,2.758320130405756,Budget_Student
710,3964,5.0,Budget_Student
710,7963,3.9726339015172205,Budget_Student
711,6643,2.392530616918739,Luxury_Boss
711,4343,3.574784396767355,Luxury_Boss
711,5661,1.816181286923718,Luxury_Boss
711,9945,2.0190130343888653,Luxury_Boss
711,2093,2.1285632741098457,Luxury_Boss
711,3658,1.5041556961681715,Luxury_Boss
711,9677,1.9934521017711178,Luxury_Boss
711,5157,4.507977411398881,Luxury_Boss
711,3261,2.641426646431833,Luxury_Boss
711,7602,2.3000828693039193,Luxury_Boss
711,8429,2.1463643300041393,Luxury_Boss
711,5438,2.145458382545706,Luxury_Boss
711,1777,3.600720063495501,Luxury_Boss
711,7448,3.044246700546578,Luxury_Boss
711,8854,2.1376018495708253,Luxury_Boss
711,6519,1.6419345282882079,Luxury_Boss
712,8059,2.603545921996908,Speed_Racer
712,6484,2.167544835752917,Speed_Racer
712,485,3.1865888505928206,Speed_Racer
712,3211,3.0125074321181335,Speed_Racer
712,3533,4.18505930930586,Speed_Racer
712,1547,2.735240600602614,Speed_Racer
712,3003,3.2699629867875273,Speed_Racer
712,8298,3.1072358923999577,Speed_Racer
712,7761,2.713764362797889,Speed_Racer
712,8177,3.0363462077094785,Speed_Racer
712,6937,4.927016220777105,Speed_Racer
712,8939,3.4258669617720057,Speed_Racer
712,6316,3.0579240922711852,Speed_Racer
712,9414,2.370271408015758,Speed_Racer
712,3692,2.206807167821147,Speed_Racer
712,10050,2.140995611582383,Speed_Racer
713,4295,4.671827819889048,Family_Man
713,293,1.4213364638992785,Family_Man
713,492,3.506798609896518,Family_Man
713,1386,3.9921888575948326,Family_Man
713,7005,3.5998221107235833,Family_Man
713,10186,2.658250699520093,Family_Man
713,5627,2.6101677773498775,Family_Man
713,14,4.538064924554735,Family_Man
713,3777,3.885184272121049,Family_Man
713,2506,3.4432877544348535,Family_Man
713,6281,3.3950432416483722,Family_Man
713,2797,3.3517229515530707,Family_Man
713,6094,5.0,Family_Man
713,9447,2.7774515807779974,Family_Man
713,4398,4.248776401789497,Family_Man
713,7170,5.0,Family_Man
713,3632,1.9357621542816488,Family_Man
713,7147,3.414744354778147,Family_Man
713,6674,4.233295597151408,Family_Man
713,7943,3.6667092171231643,Family_Man
713,8375,1.9261683568910222,Family_Man
713,5669,5.0,Family_Man
713,8832,3.828438396131748,Family_Man
714,6158,3.0015140926344066,Family_Man
714,2819,5.0,Family_Man
714,7599,3.7852161634800123,Family_Man
714,1368,4.086713365282433,Family_Man
714,6791,5.0,Family_Man
714,9205,4.808565516571993,Family_Man
714,2928,5.0,Family_Man
714,8059,4.488022369233622,Family_Man
714,8184,5.0,Family_Man
714,5727,5.0,Family_Man
714,5611,3.5238204087760256,Family_Man
714,3931,3.238415697509074,Family_Man
714,81,3.5391711801072,Family_Man
714,9671,3.885055645586123,Family_Man
714,152,5.0,Family_Man
714,7552,3.3601399636032965,Family_Man
715,4739,3.2525424562882095,Eco_Warrior
715,2429,1.3457773609523285,Eco_Warrior
715,1532,2.634262058092738,Eco_Warrior
715,1713,2.85406456387774,Eco_Warrior
715,3858,2.828425829467743,Eco_Warrior
715,8597,2.769119400700632,Eco_Warrior
715,1801,3.286162595851985,Eco_Warrior
715,8390,3.2749178277492734,Eco_Warrior
715,3393,2.993081011260011,Eco_Warrior
715,8012,2.756510827850196,Eco_Warrior
715,7883,1.7289535094148827,Eco_Warrior
715,1746,3.0293335710655436,Eco_Warrior
715,5824,1.2180102725001483,Eco_Warrior
715,7495,3.0914911392152993,Eco_Warrior
715,9779,2.7147633660401844,Eco_Warrior
715,5516,2.6413853954545297,Eco_Warrior
715,3105,1.9654385920495823,Eco_Warrior
715,769,3.1342249975257106,Eco_Warrior
715,9836,1.3143581084642504,Eco_Warrior
715,5797,3.3748331092478105,Eco_Warrior
715,2755,1.0,Eco_Warrior
715,8926,2.9734652841997384,Eco_Warrior
715,1324,3.361119134059305,Eco_Warrior
716,4367,4.463238218353831,Family_Man
716,3340,5.0,Family_Man
716,2237,3.9140227384299244,Family_Man
716,6412,3.6628433729080503,Family_Man
716,4131,5.0,Family_Man
716,4166,4.599824427166406,Family_Man
716,10230,3.7125463849577796,Family_Man
716,4632,3.833381473106409,Family_Man
716,2176,4.069436077781095,Family_Man
716,4483,5.0,Family_Man
716,788,2.714378525233617,Family_Man
716,917,3.5819433877225126,Family_Man
716,2162,5.0,Family_Man
716,6145,5.0,Family_Man
716,2865,2.9545831062311847,Family_Man
716,5291,4.519741818739805,Family_Man
717,4208,4.587121647762858,Luxury_Boss
717,2087,1.8501812477118822,Luxury_Boss
717,2543,3.9426217967828445,Luxury_Boss
717,4260,2.3344617075430225,Luxury_Boss
717,8344,1.5852477414902815,Luxury_Boss
717,4726,2.136265925045015,Luxury_Boss
717,451,2.039527082517217,Luxury_Boss
717,6294,2.1544512154961186,Luxury_Boss
717,8996,1.9609318712585004,Luxury_Boss
717,822,2.3724374176911063,Luxury_Boss
717,9647,2.3299955972149466,Luxury_Boss
717,8921,1.6057215594664134,Luxury_Boss
717,4378,1.9033027769124917,Luxury_Boss
717,9387,2.823042025104704,Luxury_Boss
717,9008,2.1843821985693195,Luxury_Boss
717,2650,1.8857654718396994,Luxury_Boss
717,6767,1.682181767399638,Luxury_Boss
717,3219,3.114696055934719,Luxury_Boss
717,5802,1.8015863598630428,Luxury_Boss
717,8072,2.169626857408636,Luxury_Boss
717,492,1.5315945779373035,Luxury_Boss
718,9076,2.9396383963762855,Speed_Racer
718,4632,2.466856598964708,Speed_Racer
718,1273,3.0172039645745934,Speed_Racer
718,8595,3.107407302370821,Speed_Racer
718,5096,3.270342300572651,Speed_Racer
718,2955,2.2625574979233742,Speed_Racer
718,6222,2.7450330118832666,Speed_Racer
718,7776,4.922130653093954,Speed_Racer
718,3597,4.941325344895128,Speed_Racer
718,6748,3.465643517987854,Speed_Racer
718,3776,3.125375060780377,Speed_Racer
718,6691,2.869207998207105,Speed_Racer
718,7703,1.7101858649252244,Speed_Racer
718,9404,3.476288997405024,Speed_Racer
718,8696,2.286260886440167,Speed_Racer
718,7801,3.8340291450099473,Speed_Racer
718,5269,2.639913968860246,Speed_Racer
718,9103,5.0,Speed_Racer
718,4719,3.4206152658123226,Speed_Racer
719,6843,4.651211440003866,Budget_Student
719,5782,1.0,Budget_Student
719,9750,5.0,Budget_Student
719,727,3.6397265092831486,Budget_Student
719,1449,2.567942404915151,Budget_Student
719,5290,2.502559863548732,Budget_Student
719,7356,5.0,Budget_Student
719,5036,2.7011029151058574,Budget_Student
719,8141,5.0,Budget_Student
719,3088,2.716528203994602,Budget_Student
719,4195,2.753964788195179,Budget_Student
719,9948,3.924462877618725,Budget_Student
719,475,4.9990553128599995,Budget_Student
719,2733,3.2915297457156782,Budget_Student
719,5771,5.0,Budget_Student
719,1751,4.625529240590227,Budget_Student
719,245,1.9335311341002104,Budget_Student
719,5767,2.710348950699394,Budget_Student
719,5506,1.0,Budget_Student
719,5965,1.2232628730869775,Budget_Student
719,4770,3.522425715569417,Budget_Student
720,2493,1.0,Budget_Student
720,10106,3.287903228617959,Budget_Student
720,5417,2.717217333281734,Budget_Student
720,854,3.853947312196308,Budget_Student
720,3732,1.0,Budget_Student
720,3968,3.4947197951342552,Budget_Student
720,6362,1.0,Budget_Student
720,9599,3.335741903882183,Budget_Student
720,6779,3.773700698863542,Budget_Student
720,10159,3.7818279342037853,Budget_Student
720,8193,3.935400682536541,Budget_Student
720,3186,3.988858579957123,Budget_Student
720,4642,3.444371197719388,Budget_Student
720,2443,2.5773088056636806,Budget_Student
720,4660,3.5467861833992473,Budget_Student
720,4674,1.77806168675746,Budget_Student
720,8854,3.815032480485196,Budget_Student
721,9582,3.269952630495196,Eco_Warrior
721,2318,3.1750676424607227,Eco_Warrior
721,8263,2.885910811642681,Eco_Warrior
721,9767,3.2969270997957647,Eco_Warrior
721,3163,2.581574637092497,Eco_Warrior
721,5688,1.1572218437528077,Eco_Warrior
721,4653,2.875914708868403,Eco_Warrior
721,5662,3.3626914482157524,Eco_Warrior
721,4130,3.190795663456276,Eco_Warrior
721,4182,1.150569004871846,Eco_Warrior
721,9107,3.357157421537421,Eco_Warrior
721,5536,1.0939235303293686,Eco_Warrior
721,6183,1.316544808537071,Eco_Warrior
721,5645,3.4682380413166634,Eco_Warrior
721,200,3.346322997063432,Eco_Warrior
721,1828,1.0,Eco_Warrior
721,5456,1.011446601302071,Eco_Warrior
721,7342,1.0,Eco_Warrior
722,802,1.6911895514876831,Family_Man
722,9428,5.0,Family_Man
722,3909,2.889457723887399,Family_Man
722,1049,3.094937806336277,Family_Man
722,5313,3.18077106969627,Family_Man
722,7643,2.782502618613959,Family_Man
722,3617,3.6540194554719716,Family_Man
722,4537,2.99326113880492,Family_Man
722,9805,4.003474943150524,Family_Man
722,145,5.0,Family_Man
722,5333,2.7820348813518474,Family_Man
722,3369,3.4882146710013906,Family_Man
722,7730,4.6417760497273015,Family_Man
722,1476,5.0,Family_Man
722,5237,4.651769200086026,Family_Man
722,1590,4.24388822983229,Family_Man
722,8069,4.304158770195336,Family_Man
722,5601,4.403830175210592,Family_Man
722,5750,3.9025667132174866,Family_Man
722,3209,5.0,Family_Man
722,8140,5.0,Family_Man
722,3188,5.0,Family_Man
722,9294,4.49231266597773,Family_Man
723,4128,3.140512622839283,Eco_Warrior
723,9436,1.2655184667555575,Eco_Warrior
723,3685,2.9150575907525678,Eco_Warrior
723,392,2.6221592040269215,Eco_Warrior
723,6409,2.9818015011562986,Eco_Warrior
723,291,3.530226258380509,Eco_Warrior
723,2386,2.5909520439069125,Eco_Warrior
723,4519,2.0941336416674616,Eco_Warrior
723,10024,1.0,Eco_Warrior
723,730,1.832113808472155,Eco_Warrior
723,6217,1.0,Eco_Warrior
723,2150,1.0,Eco_Warrior
723,6446,3.121541637530029,Eco_Warrior
723,7207,1.426620037899538,Eco_Warrior
723,4718,3.1934921961091227,Eco_Warrior
723,9714,2.89786895859633,Eco_Warrior
723,8790,2.8359828204129123,Eco_Warrior
723,9764,3.3014346825860734,Eco_Warrior
723,4820,2.875219890547446,Eco_Warrior
723,8017,1.0,Eco_Warrior
723,7017,2.8983233025452826,Eco_Warrior
723,3578,2.57965729609517,Eco_Warrior
723,1392,3.0492102060599864,Eco_Warrior
724,6183,5.0,Luxury_Boss
724,3315,1.7098708303362307,Luxury_Boss
724,3796,1.5779799983076797,Luxury_Boss
724,3036,2.0821702606861727,Luxury_Boss
724,1010,1.6160347735796672,Luxury_Boss
724,4372,1.7541077994871639,Luxury_Boss
724,367,1.6725467295719914,Luxury_Boss
724,3240,2.4746241194594356,Luxury_Boss
724,5652,1.8158549994601554,Luxury_Boss
724,6057,2.8515955977025738,Luxury_Boss
724,3292,1.524724540544356,Luxury_Boss
724,5816,3.303060794781638,Luxury_Boss
724,3733,2.4773733914727636,Luxury_Boss
724,7761,1.597360612193793,Luxury_Boss
724,7543,2.1323260919542126,Luxury_Boss
724,8266,1.596632214291422,Luxury_Boss
724,3727,2.0319943201334487,Luxury_Boss
724,9656,1.783813290168439,Luxury_Boss
724,2920,4.710624031972633,Luxury_Boss
724,5002,1.8702682628222003,Luxury_Boss
724,7038,1.9172306896558047,Luxury_Boss
724,8735,2.19907289856815,Luxury_Boss
725,5687,1.3948859798052906,Eco_Warrior
725,8005,3.3744195831424384,Eco_Warrior
725,4024,1.2763031866577221,Eco_Warrior
725,3349,3.1115007680525446,Eco_Warrior
725,2978,2.700493005404277,Eco_Warrior
725,4009,2.9327371921921923,Eco_Warrior
725,8798,1.0379675419287828,Eco_Warrior
725,1867,2.708461140537628,Eco_Warrior
725,4211,1.0,Eco_Warrior
725,6491,2.7626200407421204,Eco_Warrior
725,9074,2.5538815477062227,Eco_Warrior
725,6037,2.590776673368597,Eco_Warrior
725,10073,2.5682087303355408,Eco_Warrior
725,5294,1.2667684226107632,Eco_Warrior
725,4397,3.025943076737952,Eco_Warrior
725,3033,3.2098561344959684,Eco_Warrior
725,430,1.0,Eco_Warrior
725,7228,2.729682507846495,Eco_Warrior
726,5052,1.9290800738716127,Luxury_Boss
726,4215,1.510154920636958,Luxury_Boss
726,923,2.717573806680526,Luxury_Boss
726,133,1.9461519620096404,Luxury_Boss
726,6563,2.390388489115577,Luxury_Boss
726,1495,2.049535958321859,Luxury_Boss
726,7078,1.562130790376128,Luxury_Boss
726,1684,2.4821637885652903,Luxury_Boss
726,3350,2.4307926370907564,Luxury_Boss
726,3901,2.79786426009873,Luxury_Boss
726,3376,4.080332718025167,Luxury_Boss
726,8918,4.11385747811936,Luxury_Boss
726,6282,2.9763810937710717,Luxury_Boss
726,1773,1.8577208016054296,Luxury_Boss
726,9414,2.1815055423695537,Luxury_Boss
726,3219,3.4033532530148527,Luxury_Boss
726,5113,1.6523019769755907,Luxury_Boss
726,3200,3.8886055933097894,Luxury_Boss
726,10159,2.002314403055838,Luxury_Boss
727,7282,3.0269025113138692,Eco_Warrior
727,971,1.0,Eco_Warrior
727,2490,2.9865620436927127,Eco_Warrior
727,2779,2.0145422046603816,Eco_Warrior
727,1218,2.98054112050381,Eco_Warrior
727,891,2.8417457972449616,Eco_Warrior
727,567,2.44948085190577,Eco_Warrior
727,7338,1.13608084890264,Eco_Warrior
727,7297,3.429325934359606,Eco_Warrior
727,174,3.1514670725825122,Eco_Warrior
727,4323,1.0,Eco_Warrior
727,7098,3.9257177878460965,Eco_Warrior
727,5242,2.516477730764235,Eco_Warrior
727,5676,2.8103866382029623,Eco_Warrior
727,4747,1.0094507752902486,Eco_Warrior
727,584,3.3151734998683433,Eco_Warrior
728,1951,2.6224172010029765,Eco_Warrior
728,4345,3.254805064496145,Eco_Warrior
728,7731,3.283902280262674,Eco_Warrior
728,891,2.8208491538444225,Eco_Warrior
728,9858,3.2582103847167785,Eco_Warrior
728,849,2.554294574633275,Eco_Warrior
728,1021,3.1989851897717587,Eco_Warrior
728,9000,1.1635247650500724,Eco_Warrior
728,997,1.2454766192981377,Eco_Warrior
728,3034,1.0,Eco_Warrior
728,9706,2.3073733730697947,Eco_Warrior
728,4255,1.0324304665038824,Eco_Warrior
728,9266,2.787661832422012,Eco_Warrior
728,2034,2.9086583620003292,Eco_Warrior
728,8797,3.1578576237025047,Eco_Warrior
728,9267,2.7226504350664595,Eco_Warrior
728,6539,1.0,Eco_Warrior
728,9300,1.5831184363467545,Eco_Warrior
728,10138,3.0347073233737425,Eco_Warrior
729,7077,5.0,Budget_Student
729,370,3.847119040938706,Budget_Student
729,3848,4.9084128397448765,Budget_Student
729,6348,3.4664034499924434,Budget_Student
729,4532,3.53253559169488,Budget_Student
729,2008,4.762144838063838,Budget_Student
729,1701,1.0,Budget_Student
729,3186,3.379936324310456,Budget_Student
729,9665,3.1095850532057,Budget_Student
729,10278,5.0,Budget_Student
729,3700,5.0,Budget_Student
729,9401,3.9123924968560964,Budget_Student
729,1173,4.632965475919412,Budget_Student
729,7557,2.923919573883291,Budget_Student
729,7113,3.0560579325095474,Budget_Student
729,4993,1.4703857773689593,Budget_Student
729,3868,5.0,Budget_Student
729,1448,3.498244613472655,Budget_Student
729,7932,2.634723900731302,Budget_Student
729,1252,3.1096072967302115,Budget_Student
730,1173,1.8179836805826008,Luxury_Boss
730,3468,1.6074623811925242,Luxury_Boss
730,1554,2.30384318122919,Luxury_Boss
730,6888,2.274734575056705,Luxury_Boss
730,5599,2.9261501075137994,Luxury_Boss
730,2001,2.1082253590533186,Luxury_Boss
730,3578,2.1460579504352757,Luxury_Boss
730,6015,1.855336168314103,Luxury_Boss
730,6603,3.142169624107505,Luxury_Boss
730,10200,2.1574873329972224,Luxury_Boss
730,131,1.7734927405287801,Luxury_Boss
730,4241,4.946250744542622,Luxury_Boss
730,10059,1.9300855897423697,Luxury_Boss
730,7510,1.922314188686793,Luxury_Boss
730,8865,2.4990519600262164,Luxury_Boss
730,7160,1.8071075203069773,Luxury_Boss
730,4840,1.5633044664743225,Luxury_Boss
730,10092,1.7047066011526997,Luxury_Boss
730,1829,2.3480267103168178,Luxury_Boss
730,4975,2.0341652222966764,Luxury_Boss
730,4513,1.559541271705787,Luxury_Boss
730,4051,4.0731723841314,Luxury_Boss
730,140,3.357702670051611,Luxury_Boss
730,7427,2.222061825137031,Luxury_Boss
731,1054,4.684498919407719,Luxury_Boss
731,2197,2.1930966732300656,Luxury_Boss
731,6278,2.3907079621542415,Luxury_Boss
731,6691,2.229836268332592,Luxury_Boss
731,1872,2.909450959136407,Luxury_Boss
731,5942,2.0086200112657027,Luxury_Boss
731,94,1.5232224571857857,Luxury_Boss
731,6553,1.788282831809495,Luxury_Boss
731,9077,5.0,Luxury_Boss
731,4293,1.9694680660552375,Luxury_Boss
731,4227,2.3325816268478348,Luxury_Boss
731,4061,2.012709069693499,Luxury_Boss
731,7503,2.3662991036033256,Luxury_Boss
731,6026,2.450351304557855,Luxury_Boss
731,4407,1.6668942216899985,Luxury_Boss
731,4004,2.4439184155516935,Luxury_Boss
731,4397,2.4751422401336782,Luxury_Boss
731,5412,2.452326693026011,Luxury_Boss
731,8625,2.0990554233625325,Luxury_Boss
732,7317,1.7069640314431656,Luxury_Boss
732,9823,5.0,Luxury_Boss
732,1994,1.7614059530030062,Luxury_Boss
732,5211,2.807073549114723,Luxury_Boss
732,8515,1.7479562520947405,Luxury_Boss
732,1720,2.124605912545468,Luxury_Boss
732,98,2.8724824830782274,Luxury_Boss
732,7530,2.110380782618087,Luxury_Boss
732,2494,2.2071757601996493,Luxury_Boss
732,3177,1.8507648069986131,Luxury_Boss
732,45,2.12634260713003,Luxury_Boss
732,1154,2.1232639938346503,Luxury_Boss
732,8998,2.2679819629632236,Luxury_Boss
732,162,4.862474664095439,Luxury_Boss
732,9896,2.0996758823319506,Luxury_Boss
732,5083,2.497311024641263,Luxury_Boss
732,6686,3.1595201508800805,Luxury_Boss
732,2912,1.5209252673574658,Luxury_Boss
732,5045,2.457555110545951,Luxury_Boss
733,1710,3.758491115723196,Budget_Student
733,8059,3.472175930641411,Budget_Student
733,4788,1.8407669348428686,Budget_Student
733,7182,5.0,Budget_Student
733,10198,3.241308982683299,Budget_Student
733,4882,3.16338793320735,Budget_Student
733,10259,3.829957760791008,Budget_Student
733,981,1.0,Budget_Student
733,9002,3.9776119637739025,Budget_Student
733,4292,3.0039359318673204,Budget_Student
733,9798,2.813438325739881,Budget_Student
733,6216,3.448127128979852,Budget_Student
733,4630,4.029352351164088,Budget_Student
733,3790,2.8885422756354515,Budget_Student
733,1173,4.554788237832997,Budget_Student
733,4920,5.0,Budget_Student
733,5745,2.6726958894162003,Budget_Student
733,8004,5.0,Budget_Student
733,295,2.9784213284687033,Budget_Student
733,9897,5.0,Budget_Student
733,6013,3.1148618607426766,Budget_Student
733,746,4.477983885821298,Budget_Student
733,9894,5.0,Budget_Student
733,5125,3.4160545275741154,Budget_Student
734,10265,3.7249942504869025,Speed_Racer
734,8499,2.2311908727819683,Speed_Racer
734,8459,2.164651212245415,Speed_Racer
734,445,3.4580563842801975,Speed_Racer
734,6394,4.04079680039183,Speed_Racer
734,7796,2.180721161758614,Speed_Racer
734,8480,1.742057822434479,Speed_Racer
734,3432,3.312402677735276,Speed_Racer
734,1378,3.398428117519316,Speed_Racer
734,2223,2.3621925296546964,Speed_Racer
734,20,3.583505776939852,Speed_Racer
734,4430,3.417122957094559,Speed_Racer
734,7521,2.006455504039816,Speed_Racer
734,3904,2.5348978126509234,Speed_Racer
734,9073,3.0302400203348157,Speed_Racer
735,10114,5.0,Budget_Student
735,9968,5.0,Budget_Student
735,10260,3.2577070472286653,Budget_Student
735,7388,4.944537576961824,Budget_Student
735,2289,2.6563001932968566,Budget_Student
735,2605,3.329725098017684,Budget_Student
735,3769,5.0,Budget_Student
735,1353,3.1733901616509255,Budget_Student
735,9404,4.925617975993937,Budget_Student
735,1122,5.0,Budget_Student
735,2567,1.0,Budget_Student
735,4057,5.0,Budget_Student
735,228,3.413967671181771,Budget_Student
735,252,3.232653542131563,Budget_Student
735,438,5.0,Budget_Student
735,7558,4.539790818436657,Budget_Student
736,5413,3.822438178462761,Speed_Racer
736,2796,2.3873298317155314,Speed_Racer
736,7281,2.7616885660389983,Speed_Racer
736,1814,3.299634442001163,Speed_Racer
736,2185,3.5634792701343225,Speed_Racer
736,9474,3.0884386358549976,Speed_Racer
736,9831,2.3896657295293906,Speed_Racer
736,7087,3.678599628937903,Speed_Racer
736,3115,2.0902087584500144,Speed_Racer
736,7969,2.0498153193221906,Speed_Racer
736,4181,1.939230859503788,Speed_Racer
736,6005,2.821784015058824,Speed_Racer
736,9030,2.6866520295147027,Speed_Racer
736,6730,2.641832598717021,Speed_Racer
736,6662,3.0118305290584084,Speed_Racer
736,7171,3.655693903433295,Speed_Racer
736,6554,3.4125141560130814,Speed_Racer
736,212,3.1190792861112278,Speed_Racer
736,4400,2.505861554713321,Speed_Racer
737,8807,1.1519105829723282,Budget_Student
737,1077,1.1612639804617093,Budget_Student
737,2178,5.0,Budget_Student
737,7092,3.009479825945787,Budget_Student
737,4797,5.0,Budget_Student
737,10114,5.0,Budget_Student
737,6209,5.0,Budget_Student
737,568,3.804322770103368,Budget_Student
737,8650,3.425549285249725,Budget_Student
737,3804,1.4416518557171498,Budget_Student
737,2593,3.6435551943877575,Budget_Student
737,5573,3.356704498115475,Budget_Student
737,1360,5.0,Budget_Student
737,6764,3.0074609154450522,Budget_Student
737,2100,3.4055497768541905,Budget_Student
737,7466,3.3366581618408566,Budget_Student
738,10057,2.9057978256368946,Budget_Student
738,8924,3.2632754897923095,Budget_Student
738,5009,3.7933064757038784,Budget_Student
738,9865,4.991915677287731,Budget_Student
738,4273,3.577683291667625,Budget_Student
738,1599,2.985057789975601,Budget_Student
738,5395,3.2079122769689787,Budget_Student
738,557,1.6239738131831214,Budget_Student
738,2772,3.846421313627579,Budget_Student
738,9648,2.790930910296979,Budget_Student
738,3706,1.2417933088190143,Budget_Student
738,9140,3.4262243269518877,Budget_Student
738,9200,3.461128077964759,Budget_Student
738,2417,4.69783673569006,Budget_Student
738,5657,3.206669934134357,Budget_Student
738,3429,3.0182034989518147,Budget_Student
738,5945,1.0,Budget_Student
738,5816,1.0,Budget_Student
738,2319,5.0,Budget_Student
738,9689,1.189574613190306,Budget_Student
739,5202,4.7204899099646935,Family_Man
739,7900,3.3872638682257064,Family_Man
739,8474,3.343047022649917,Family_Man
739,7186,3.7123114378159445,Family_Man
739,7175,5.0,Family_Man
739,450,4.427631362997336,Family_Man
739,9619,2.9023862376060046,Family_Man
739,3017,5.0,Family_Man
739,9848,5.0,Family_Man
739,10198,5.0,Family_Man
739,5186,2.6988980664596767,Family_Man
739,9321,5.0,Family_Man
739,2803,4.938101587843372,Family_Man
739,2878,3.940905291831588,Family_Man
739,2013,4.496317742895478,Family_Man
739,3871,5.0,Family_Man
739,539,4.02049872152384,Family_Man
739,7520,4.903046153539425,Family_Man
739,3074,5.0,Family_Man
739,9168,3.424484625913214,Family_Man
739,2549,3.036606347289472,Family_Man
739,1472,2.636092685136115,Family_Man
739,5593,5.0,Family_Man
740,8088,1.444099554952013,Family_Man
740,663,4.194915241662869,Family_Man
740,2130,4.022168658915983,Family_Man
740,1138,3.7085703470290774,Family_Man
740,2472,2.6031237055723047,Family_Man
740,7338,5.0,Family_Man
740,657,2.7821175615398896,Family_Man
740,3961,4.934548109326763,Family_Man
740,9312,4.173235928472817,Family_Man
740,11,3.3480243370918443,Family_Man
740,9285,5.0,Family_Man
740,3262,5.0,Family_Man
740,1819,2.5922629584909904,Family_Man
740,521,2.8483502562027363,Family_Man
740,7169,1.7947815778784846,Family_Man
740,8800,5.0,Family_Man
740,4899,3.084909299514272,Family_Man
740,855,5.0,Family_Man
740,1714,3.0725411678076804,Family_Man
741,8678,2.6838083368335104,Speed_Racer
741,5017,4.50646580253893,Speed_Racer
741,967,5.0,Speed_Racer
741,4237,2.3733252256078643,Speed_Racer
741,3210,1.9603445525143584,Speed_Racer
741,4691,3.49300893652276,Speed_Racer
741,9663,2.706833595898467,Speed_Racer
741,6060,2.089689292999464,Speed_Racer
741,9152,3.05890286227032,Speed_Racer
741,2309,2.748347136815127,Speed_Racer
741,8664,2.0783763730440685,Speed_Racer
741,33,3.49882171407946,Speed_Racer
741,7832,3.3248963437779033,Speed_Racer
741,2258,3.312216891950947,Speed_Racer
741,9694,3.8389570611051766,Speed_Racer
741,2424,2.6037382738804187,Speed_Racer
742,1867,5.0,Speed_Racer
742,4450,2.7708485447921096,Speed_Racer
742,9928,1.9135826942805338,Speed_Racer
742,5747,1.8062086602622518,Speed_Racer
742,8250,3.106368985730724,Speed_Racer
742,10004,2.9239632883854574,Speed_Racer
742,4657,3.624793719279851,Speed_Racer
742,3859,3.4960954427135644,Speed_Racer
742,8104,2.9795613007456025,Speed_Racer
742,2875,2.2822396460512526,Speed_Racer
742,9192,2.645722420394857,Speed_Racer
742,10200,3.072702467606724,Speed_Racer
742,8836,3.7976802861121146,Speed_Racer
742,5073,3.3235502559652828,Speed_Racer
742,8500,3.2276164002419745,Speed_Racer
742,7105,2.456001585562632,Speed_Racer
742,7879,3.747434426726725,Speed_Racer
742,3445,3.690910679679664,Speed_Racer
742,8886,3.2013181481206825,Speed_Racer
742,7243,3.0177422755775467,Speed_Racer
742,2682,3.4725908190385737,Speed_Racer
742,6110,2.9985508282113806,Speed_Racer
742,6843,3.5291170681975994,Speed_Racer
743,2615,3.051504663855207,Luxury_Boss
743,2084,4.84307587475515,Luxury_Boss
743,7041,3.0350365129757946,Luxury_Boss
743,8266,1.6018815801779982,Luxury_Boss
743,9807,1.771292493453986,Luxury_Boss
743,831,3.9749508658573167,Luxury_Boss
743,10246,4.919552959537392,Luxury_Boss
743,1558,2.381222497396876,Luxury_Boss
743,7085,1.7976100774270112,Luxury_Boss
743,8698,2.256085037224715,Luxury_Boss
743,8391,1.6742150680503973,Luxury_Boss
743,7,3.83676624226982,Luxury_Boss
743,9493,2.4860695607050576,Luxury_Boss
743,2359,1.7653109385185384,Luxury_Boss
743,4624,2.079633201955244,Luxury_Boss
744,5349,3.0835934777145173,Speed_Racer
744,1694,2.0655276205277535,Speed_Racer
744,8527,2.5110472050495334,Speed_Racer
744,6046,2.4235926578461235,Speed_Racer
744,345,3.1170061094258537,Speed_Racer
744,9622,2.3533480454415834,Speed_Racer
744,9843,2.654319251296525,Speed_Racer
744,6228,2.8764365182921336,Speed_Racer
744,8258,2.768310713347484,Speed_Racer
744,464,2.557838200938188,Speed_Racer
744,7758,2.5946607248746503,Speed_Racer
744,1695,2.96646006532093,Speed_Racer
744,912,4.931792050055919,Speed_Racer
744,3371,1.5416186512687657,Speed_Racer
744,10116,3.5260855249996665,Speed_Racer
744,2315,3.188124810547361,Speed_Racer
744,94,2.3133262381699073,Speed_Racer
744,6961,2.8428605957452975,Speed_Racer
744,1357,3.432421063156157,Speed_Racer
744,10003,4.3949984119457,Speed_Racer
745,5795,3.052463859201356,Speed_Racer
745,8142,2.0295159219374335,Speed_Racer
745,2256,2.032870936861629,Speed_Racer
745,6712,2.4557846456320687,Speed_Racer
745,1742,3.1448573491130634,Speed_Racer
745,7931,2.925782196427388,Speed_Racer
745,3323,2.483219007997294,Speed_Racer
745,9759,3.253529530793621,Speed_Racer
745,4220,2.3807994159942787,Speed_Racer
745,9935,2.773759801153429,Speed_Racer
745,9009,5.0,Speed_Racer
745,8642,2.5504324330738517,Speed_Racer
745,7918,3.6626054427436654,Speed_Racer
745,5374,2.4720590367566713,Speed_Racer
745,9769,2.1538514752613693,Speed_Racer
745,9693,3.670266281325267,Speed_Racer
745,7858,3.8423811738930675,Speed_Racer
746,6901,3.124433652718066,Eco_Warrior
746,3391,2.8570110915728613,Eco_Warrior
746,2159,3.1644056933127955,Eco_Warrior
746,824,3.3211326001789807,Eco_Warrior
746,8608,3.299283485540862,Eco_Warrior
746,7642,2.7030187273853366,Eco_Warrior
746,4677,3.0535656832600093,Eco_Warrior
746,557,1.2562731272657284,Eco_Warrior
746,4093,2.836443147112133,Eco_Warrior
746,6136,3.0866312915784735,Eco_Warrior
746,3058,2.8734107086809852,Eco_Warrior
746,5428,1.0,Eco_Warrior
746,5917,2.9850572938529623,Eco_Warrior
746,9025,2.2697329971772895,Eco_Warrior
746,430,1.489112850449311,Eco_Warrior
746,8919,2.9167581260194977,Eco_Warrior
746,667,1.2556138114730762,Eco_Warrior
746,5610,1.845431470866537,Eco_Warrior
747,8595,1.3153032193598502,Eco_Warrior
747,1469,3.175490936320026,Eco_Warrior
747,484,2.8602089117959237,Eco_Warrior
747,5009,3.4577286324722665,Eco_Warrior
747,3221,2.831152401736198,Eco_Warrior
747,246,3.326670788379338,Eco_Warrior
747,9340,2.9033963514336434,Eco_Warrior
747,6603,2.5287691891995,Eco_Warrior
747,2771,3.19441743650781,Eco_Warrior
747,5974,3.3922663822354497,Eco_Warrior
747,4902,3.401218474351019,Eco_Warrior
747,1053,3.229811735221176,Eco_Warrior
747,662,3.171150664526375,Eco_Warrior
747,1792,1.0,Eco_Warrior
747,4641,3.4708852154145675,Eco_Warrior
747,7351,3.2357363315600813,Eco_Warrior
747,8770,2.7613667260617505,Eco_Warrior
747,2803,3.1520444193876442,Eco_Warrior
747,5065,3.4073720445040125,Eco_Warrior
747,1916,3.3204711757095304,Eco_Warrior
747,3958,2.5432346741284864,Eco_Warrior
747,8517,2.8405367809407998,Eco_Warrior
747,3125,4.155019529017622,Eco_Warrior
748,3193,3.3375381211829835,Eco_Warrior
748,4004,2.8003525579472086,Eco_Warrior
748,6500,3.1307145400745022,Eco_Warrior
748,8546,3.2366079277576083,Eco_Warrior
748,5775,2.522336877853518,Eco_Warrior
748,921,2.950563828528977,Eco_Warrior
748,8309,2.6155663386888546,Eco_Warrior
748,2548,2.5642905951356356,Eco_Warrior
748,6689,1.0,Eco_Warrior
748,1361,2.930120452521403,Eco_Warrior
748,1798,2.9431155811248018,Eco_Warrior
748,6088,2.7833946525062365,Eco_Warrior
748,5858,3.125175753416366,Eco_Warrior
748,119,1.0,Eco_Warrior
748,5731,3.1800930669557026,Eco_Warrior
748,9400,3.0482836773516087,Eco_Warrior
748,627,1.4035932902228938,Eco_Warrior
748,9829,3.03300160558436,Eco_Warrior
748,3338,3.1814868077402974,Eco_Warrior
748,1758,2.5526026945756612,Eco_Warrior
749,7760,3.043816188009634,Budget_Student
749,2181,5.0,Budget_Student
749,5665,2.5677041787939374,Budget_Student
749,9584,5.0,Budget_Student
749,8664,5.0,Budget_Student
749,9751,3.386692481150156,Budget_Student
749,5958,5.0,Budget_Student
749,9924,5.0,Budget_Student
749,3998,3.0275039835079713,Budget_Student
749,7712,3.3727758322523607,Budget_Student
749,2103,3.222069959497328,Budget_Student
749,9264,2.958732236995884,Budget_Student
749,416,3.337693202553198,Budget_Student
749,2324,3.183858664158726,Budget_Student
749,4428,2.6966790144032506,Budget_Student
749,1107,3.3540347839506692,Budget_Student
749,6653,5.0,Budget_Student
749,10040,1.1477142272643457,Budget_Student
750,4664,4.711314941645677,Budget_Student
750,850,3.652864394903622,Budget_Student
750,1177,5.0,Budget_Student
750,6534,5.0,Budget_Student
750,6633,4.093397587369471,Budget_Student
750,9220,2.8307025966299277,Budget_Student
750,4134,4.551756969839288,Budget_Student
750,5036,3.0178388942314105,Budget_Student
750,7238,3.4117833943987748,Budget_Student
750,9910,3.1943860962518915,Budget_Student
750,6506,2.772115785647797,Budget_Student
750,2736,3.289765179582502,Budget_Student
750,1351,2.845593351652524,Budget_Student
750,7401,2.6912413487100157,Budget_Student
750,1870,3.658362246732006,Budget_Student
750,7078,5.0,Budget_Student
750,4191,5.0,Budget_Student
750,3842,2.9074759017199603,Budget_Student
750,849,3.384446569447154,Budget_Student
750,2109,5.0,Budget_Student
750,7351,2.8715832716131637,Budget_Student
750,5089,4.661039760033139,Budget_Student
751,8679,3.63310136449222,Budget_Student
751,9652,5.0,Budget_Student
751,892,4.340360957279097,Budget_Student
751,9339,5.0,Budget_Student
751,5168,3.036880445530776,Budget_Student
751,9365,2.6161011276281303,Budget_Student
751,5598,3.3266310096751517,Budget_Student
751,10015,3.1589851955192687,Budget_Student
751,1663,4.920154047989587,Budget_Student
751,2820,5.0,Budget_Student
751,1293,3.820403784009331,Budget_Student
751,2314,5.0,Budget_Student
751,325,1.9249220703928622,Budget_Student
751,6729,3.0076704889632215,Budget_Student
751,2980,3.126652572665047,Budget_Student
751,4685,2.9890862910768883,Budget_Student
751,7146,3.314389949355048,Budget_Student
751,4098,4.050290471363471,Budget_Student
751,8541,2.799955139672163,Budget_Student
751,4218,3.0964685124632814,Budget_Student
751,1119,2.5547547313301573,Budget_Student
751,10139,3.487070763178548,Budget_Student
752,4230,2.8653714004048276,Eco_Warrior
752,1316,2.8115694774574163,Eco_Warrior
752,7351,2.9066459503778153,Eco_Warrior
752,2607,3.023993304565809,Eco_Warrior
752,555,2.7993590981531913,Eco_Warrior
752,3727,3.4251497467714596,Eco_Warrior
752,3329,2.559931456375481,Eco_Warrior
752,7233,4.184024571836734,Eco_Warrior
752,8841,3.694963101262853,Eco_Warrior
752,2522,2.652415876049157,Eco_Warrior
752,7878,1.3699007838420665,Eco_Warrior
752,7514,2.996474010412733,Eco_Warrior
752,7078,2.877345616057366,Eco_Warrior
752,2909,2.6890738386375825,Eco_Warrior
752,3514,3.011793814199395,Eco_Warrior
752,6384,2.4212412543973914,Eco_Warrior
752,4131,1.136455475416287,Eco_Warrior
753,2397,5.0,Family_Man
753,7416,3.9142055218396026,Family_Man
753,3762,3.8068459846070826,Family_Man
753,3398,5.0,Family_Man
753,9986,4.826642527523645,Family_Man
753,5972,3.953503192210107,Family_Man
753,3405,5.0,Family_Man
753,8796,4.08863906957201,Family_Man
753,4227,5.0,Family_Man
753,1862,4.26649201756975,Family_Man
753,617,4.021551784852012,Family_Man
753,3718,4.468606914954309,Family_Man
753,7821,5.0,Family_Man
753,8671,4.7988769301363225,Family_Man
753,5137,4.136743416193025,Family_Man
753,6363,5.0,Family_Man
753,3804,4.7703049914329645,Family_Man
753,501,4.5511396413268494,Family_Man
754,5527,3.3144902522041577,Eco_Warrior
754,7431,1.830404879332713,Eco_Warrior
754,8793,3.351471247019045,Eco_Warrior
754,7805,1.0,Eco_Warrior
754,939,2.700903963445315,Eco_Warrior
754,915,3.3282151095905212,Eco_Warrior
754,1679,3.2464227660047675,Eco_Warrior
754,9824,3.167116580165472,Eco_Warrior
754,6288,3.384776232651579,Eco_Warrior
754,3898,3.148988805788498,Eco_Warrior
754,10029,2.7213676259391684,Eco_Warrior
754,837,1.0,Eco_Warrior
754,2884,3.2548613744597197,Eco_Warrior
754,1074,1.336475762098027,Eco_Warrior
754,1238,1.2208491681206988,Eco_Warrior
754,2880,1.4444919596476415,Eco_Warrior
754,3252,3.2358684414700383,Eco_Warrior
754,8633,2.9938655910212058,Eco_Warrior
754,2953,2.7689056505459,Eco_Warrior
754,3540,2.6338726100381007,Eco_Warrior
755,1552,1.9134488677378374,Luxury_Boss
755,1842,2.262322583147095,Luxury_Boss
755,5864,2.216210272073182,Luxury_Boss
755,10250,4.963092634354345,Luxury_Boss
755,2551,2.2849582114414346,Luxury_Boss
755,4154,3.162862887367264,Luxury_Boss
755,1851,1.7827606397861455,Luxury_Boss
755,8578,2.060752296207495,Luxury_Boss
755,6593,1.8732209656871386,Luxury_Boss
755,3874,1.5597693572028866,Luxury_Boss
755,5896,2.028906286575323,Luxury_Boss
755,3616,2.3480941544685776,Luxury_Boss
755,5172,2.3422361081420386,Luxury_Boss
755,3903,1.8108276535288597,Luxury_Boss
755,941,3.252173594384062,Luxury_Boss
755,7981,2.88848970741363,Luxury_Boss
755,1126,1.6716367794532117,Luxury_Boss
755,4438,2.221226644031496,Luxury_Boss
755,9862,2.164065938639582,Luxury_Boss
755,1512,4.183236318048002,Luxury_Boss
755,5039,3.264889928270053,Luxury_Boss
755,1530,4.501204667915132,Luxury_Boss
756,3841,1.0,Eco_Warrior
756,1777,3.2732339127919294,Eco_Warrior
756,9887,2.548026774011709,Eco_Warrior
756,6167,2.826160442588203,Eco_Warrior
756,9273,3.4593492403759,Eco_Warrior
756,9735,3.4184567170929463,Eco_Warrior
756,9662,2.8543897998215715,Eco_Warrior
756,2643,2.8609681988250584,Eco_Warrior
756,9201,3.090708920461765,Eco_Warrior
756,6430,1.3362705545061466,Eco_Warrior
756,6136,2.518241481740501,Eco_Warrior
756,5238,1.0,Eco_Warrior
756,754,3.4109623153831867,Eco_Warrior
756,459,1.3880169729764429,Eco_Warrior
756,6425,1.7919943817070736,Eco_Warrior
756,3613,3.146576166430374,Eco_Warrior
756,3993,1.0,Eco_Warrior
756,3407,1.0,Eco_Warrior
757,290,4.420009260965016,Family_Man
757,4361,4.430499833258315,Family_Man
757,2950,4.90551055123367,Family_Man
757,4308,5.0,Family_Man
757,6343,4.466617568854708,Family_Man
757,10177,5.0,Family_Man
757,6077,5.0,Family_Man
757,4713,4.696352749311979,Family_Man
757,5717,4.090423048164449,Family_Man
757,2656,5.0,Family_Man
757,9821,4.193682841072901,Family_Man
757,9696,4.026283519066831,Family_Man
757,8551,5.0,Family_Man
757,4476,4.398575867326904,Family_Man
757,7485,3.564760340809751,Family_Man
757,96,5.0,Family_Man
757,8708,3.0624768998737397,Family_Man
757,4504,2.6028764896043834,Family_Man
757,4459,3.716225191273946,Family_Man
757,4102,3.09874589717011,Family_Man
757,10199,2.3264763109996753,Family_Man
758,8868,3.0705400628130852,Eco_Warrior
758,6050,3.309073354653722,Eco_Warrior
758,2567,1.4093743406673394,Eco_Warrior
758,7343,2.874128607079592,Eco_Warrior
758,5659,1.652453351214538,Eco_Warrior
758,9386,3.215319754367861,Eco_Warrior
758,2818,1.321079380578736,Eco_Warrior
758,610,2.3097219642364486,Eco_Warrior
758,3754,2.8085597354629126,Eco_Warrior
758,4731,2.272546750546015,Eco_Warrior
758,7999,1.9561220271458986,Eco_Warrior
758,9616,1.0,Eco_Warrior
758,9706,2.178150780545542,Eco_Warrior
758,373,1.0,Eco_Warrior
758,7182,1.2693317673601046,Eco_Warrior
758,8917,1.0,Eco_Warrior
758,7557,3.364533750027167,Eco_Warrior
758,8441,2.643124170166645,Eco_Warrior
759,2396,2.0571143156215896,Luxury_Boss
759,1992,1.8052935162909791,Luxury_Boss
759,1441,2.397381524277101,Luxury_Boss
759,10006,2.1169948932189913,Luxury_Boss
759,375,1.6525666214965509,Luxury_Boss
759,5155,3.0747688916971008,Luxury_Boss
759,1506,2.134477092694782,Luxury_Boss
759,9370,3.6461689608334362,Luxury_Boss
759,3160,2.4462469572442243,Luxury_Boss
759,6750,2.2589505673407544,Luxury_Boss
759,1094,2.150837493114844,Luxury_Boss
759,9281,2.066432642698731,Luxury_Boss
759,8036,1.617609412750685,Luxury_Boss
759,9847,3.72014253854123,Luxury_Boss
759,8072,1.5716087607662648,Luxury_Boss
759,2382,1.5174615319228573,Luxury_Boss
759,4526,2.3305767026753195,Luxury_Boss
760,4832,4.48730835953539,Family_Man
760,6850,3.1571235858465934,Family_Man
760,9251,3.7860980030549682,Family_Man
760,3517,3.191937751581748,Family_Man
760,2756,4.093121561643117,Family_Man
760,8605,4.969103377278811,Family_Man
760,8892,5.0,Family_Man
760,2810,4.312719939243922,Family_Man
760,6138,4.884544937775923,Family_Man
760,2613,4.594637360653896,Family_Man
760,1590,4.314692707322528,Family_Man
760,3784,3.5732939294447563,Family_Man
760,2433,4.038440946391293,Family_Man
760,3232,4.132907189205389,Family_Man
760,3389,3.3965036405496107,Family_Man
760,1891,5.0,Family_Man
760,4387,5.0,Family_Man
760,9023,4.703411492759852,Family_Man
760,5919,4.33080106408813,Family_Man
760,9503,2.78468095820353,Family_Man
761,9302,1.0,Budget_Student
761,636,3.8976209594369653,Budget_Student
761,4195,2.856990576377138,Budget_Student
761,3108,3.426890411298266,Budget_Student
761,3228,3.7940097897312137,Budget_Student
761,8880,2.7388086250806376,Budget_Student
761,2685,2.7936685710254334,Budget_Student
761,10129,3.638198451975671,Budget_Student
761,2970,1.280090827175236,Budget_Student
761,5181,3.2724540721149515,Budget_Student
761,2613,5.0,Budget_Student
761,7375,5.0,Budget_Student
761,9003,4.876642562049688,Budget_Student
761,3311,1.2368804827072115,Budget_Student
761,1032,3.2847464789073024,Budget_Student
761,1601,3.0735679120848194,Budget_Student
761,1793,2.7467670146531313,Budget_Student
762,8573,3.8980046691120207,Budget_Student
762,4957,1.1970459033731213,Budget_Student
762,7129,3.9934564793354177,Budget_Student
762,6466,3.281992401609176,Budget_Student
762,1905,4.655753713380658,Budget_Student
762,8554,5.0,Budget_Student
762,5450,3.2483232026790416,Budget_Student
762,8092,3.160261547441014,Budget_Student
762,76,3.1648241222707787,Budget_Student
762,9758,3.634995891875988,Budget_Student
762,3697,1.0230674017488115,Budget_Student
762,2246,5.0,Budget_Student
762,9062,5.0,Budget_Student
762,4523,5.0,Budget_Student
762,676,3.3599714638389275,Budget_Student
762,3321,4.03390549649066,Budget_Student
762,435,2.5227603861490593,Budget_Student
763,5816,1.186715064011079,Budget_Student
763,3261,5.0,Budget_Student
763,7383,3.4141364587149003,Budget_Student
763,813,3.133683669702651,Budget_Student
763,7716,4.803047435622041,Budget_Student
763,34,5.0,Budget_Student
763,919,5.0,Budget_Student
763,1603,3.6520184297001146,Budget_Student
763,6379,3.759105302899697,Budget_Student
763,207,3.256556142014749,Budget_Student
763,6576,3.938145989833577,Budget_Student
763,2538,1.6440828179447529,Budget_Student
763,1495,3.161216618147875,Budget_Student
763,7666,2.726388234096441,Budget_Student
763,9174,3.9717326346057424,Budget_Student
763,9522,4.9856912201347505,Budget_Student
763,2516,1.131731842307486,Budget_Student
763,3508,3.4263589803682737,Budget_Student
763,4691,3.061919479586134,Budget_Student
764,6945,4.760746787107492,Budget_Student
764,5414,3.0002676171295883,Budget_Student
764,2540,5.0,Budget_Student
764,6848,3.0172350830094175,Budget_Student
764,273,1.9040863317163963,Budget_Student
764,1368,2.713947299760881,Budget_Student
764,9088,2.6618046216685745,Budget_Student
764,4428,2.7101760396744754,Budget_Student
764,238,4.717686298864614,Budget_Student
764,4988,2.7933966226672933,Budget_Student
764,363,5.0,Budget_Student
764,3941,5.0,Budget_Student
764,1744,3.4444932026643023,Budget_Student
764,2118,3.3509916108577618,Budget_Student
764,367,2.8718746528417207,Budget_Student
764,1047,5.0,Budget_Student
764,5913,4.3732520239839054,Budget_Student
764,754,3.6747109161266316,Budget_Student
764,993,5.0,Budget_Student
764,5898,5.0,Budget_Student
764,2753,5.0,Budget_Student
764,5735,3.1654126161840415,Budget_Student
764,6663,4.589141850345836,Budget_Student
764,1273,4.98513501847707,Budget_Student
765,4102,5.0,Budget_Student
765,3927,3.6251422628052294,Budget_Student
765,3922,5.0,Budget_Student
765,886,5.0,Budget_Student
765,5472,2.5252705592650857,Budget_Student
765,4999,3.1845217001080792,Budget_Student
765,3123,5.0,Budget_Student
765,8825,3.31736558056378,Budget_Student
765,8815,3.611190469288218,Budget_Student
765,6390,2.2554344816402603,Budget_Student
765,10016,4.957538171688407,Budget_Student
765,8467,2.6606277358834567,Budget_Student
765,9309,1.1546262984886015,Budget_Student
765,6966,1.4882452421716938,Budget_Student
765,8985,3.4025536109636136,Budget_Student
765,1784,2.5404844644565983,Budget_Student
765,9396,3.301736725680109,Budget_Student
765,7458,2.55970481310763,Budget_Student
765,8780,1.8850082857311612,Budget_Student
765,2955,2.5233479658215017,Budget_Student
765,6432,3.6543956224541496,Budget_Student
765,2332,3.1714110808840754,Budget_Student
765,98,3.067059037634893,Budget_Student
766,7659,2.5335940077784973,Speed_Racer
766,2822,2.2541442745954954,Speed_Racer
766,6382,4.5747028409624235,Speed_Racer
766,9378,2.9626163591385852,Speed_Racer
766,939,2.993711396475157,Speed_Racer
766,9391,3.972659252094969,Speed_Racer
766,8562,3.408216325115329,Speed_Racer
766,1143,2.707315637646704,Speed_Racer
766,1555,3.3683811557619667,Speed_Racer
766,3308,3.021587263071663,Speed_Racer
766,2780,3.2915496493461562,Speed_Racer
766,4082,2.513776321347013,Speed_Racer
766,831,1.5268058579996047,Speed_Racer
766,9800,2.6052441959862405,Speed_Racer
766,5727,2.5534620854365873,Speed_Racer
766,1144,2.9405583365004992,Speed_Racer
766,6266,3.484537191360169,Speed_Racer
766,8977,3.318533569396155,Speed_Racer
766,10233,2.514613336847424,Speed_Racer
767,863,1.6757680792619343,Luxury_Boss
767,3469,3.731617555534173,Luxury_Boss
767,136,2.784654601125029,Luxury_Boss
767,2132,4.127447742270583,Luxury_Boss
767,3517,2.0872101513088097,Luxury_Boss
767,77,2.5617137956718428,Luxury_Boss
767,7033,1.833061297710255,Luxury_Boss
767,4968,1.9442923928392615,Luxury_Boss
767,2774,3.7900463517473906,Luxury_Boss
767,7096,2.0186690644413128,Luxury_Boss
767,6229,2.3208777500230124,Luxury_Boss
767,7252,1.8371952602800252,Luxury_Boss
767,7852,1.9577378570010706,Luxury_Boss
767,9195,2.190196310437162,Luxury_Boss
767,573,1.702008296757864,Luxury_Boss
767,6035,2.3723196677711904,Luxury_Boss
767,9555,2.032505107151729,Luxury_Boss
767,6955,3.429479811848281,Luxury_Boss
767,8465,1.5246300860717685,Luxury_Boss
768,8946,3.5373512491569903,Budget_Student
768,6128,3.4713076609842863,Budget_Student
768,4306,5.0,Budget_Student
768,1421,5.0,Budget_Student
768,1003,3.3319464148334506,Budget_Student
768,5785,2.8848776107655714,Budget_Student
768,7028,5.0,Budget_Student
768,5542,1.0291194635418877,Budget_Student
768,7195,3.502557078359838,Budget_Student
768,4590,5.0,Budget_Student
768,9225,3.1707600261161164,Budget_Student
768,5783,3.2296011575272923,Budget_Student
768,2407,5.0,Budget_Student
768,875,3.27318147937547,Budget_Student
768,345,4.868131681623705,Budget_Student
768,907,5.0,Budget_Student
768,5795,3.655812475425781,Budget_Student
768,982,2.739271571667847,Budget_Student
768,4892,4.782232944057321,Budget_Student
768,10203,2.90119954820623,Budget_Student
769,5783,2.887038996173794,Eco_Warrior
769,913,1.0,Eco_Warrior
769,3184,1.1882887212094904,Eco_Warrior
769,525,1.090756202025112,Eco_Warrior
769,7005,3.38631413727808,Eco_Warrior
769,7802,1.0,Eco_Warrior
769,6917,1.0,Eco_Warrior
769,9396,2.894878987294518,Eco_Warrior
769,6640,2.658442137822616,Eco_Warrior
769,6201,3.249829924793673,Eco_Warrior
769,5697,3.10998523261504,Eco_Warrior
769,4099,2.326424998645434,Eco_Warrior
769,4675,1.0,Eco_Warrior
769,5371,3.209680601980678,Eco_Warrior
769,689,2.8638384503960945,Eco_Warrior
769,1799,3.094288104799354,Eco_Warrior
769,7971,3.399447899993635,Eco_Warrior
769,3144,3.3391699720702155,Eco_Warrior
769,3539,2.518971174814696,Eco_Warrior
769,674,3.055540094692795,Eco_Warrior
769,3728,1.0,Eco_Warrior
770,3714,3.0857348167666583,Budget_Student
770,246,3.5676307967033054,Budget_Student
770,902,3.633662700793372,Budget_Student
770,2682,3.1888813022471045,Budget_Student
770,4498,2.5182616340985273,Budget_Student
770,4178,5.0,Budget_Student
770,3087,5.0,Budget_Student
770,6781,5.0,Budget_Student
770,4862,3.5503044366101704,Budget_Student
770,6954,3.0269337636236875,Budget_Student
770,1223,3.3065683436993503,Budget_Student
770,1032,3.199701041724481,Budget_Student
770,709,5.0,Budget_Student
770,32,3.1031015669995288,Budget_Student
770,8816,4.973355947034297,Budget_Student
770,3292,5.0,Budget_Student
770,8344,3.485652557520892,Budget_Student
770,3143,2.3836585236942294,Budget_Student
770,2574,2.861940473824172,Budget_Student
770,7761,3.576925966688448,Budget_Student
770,1561,2.851381136913795,Budget_Student
771,3296,4.974081056965486,Family_Man
771,8195,2.9766936782353923,Family_Man
771,6041,3.4799322902345433,Family_Man
771,5916,5.0,Family_Man
771,9910,2.7703923750613084,Family_Man
771,9335,5.0,Family_Man
771,2741,4.071805866438889,Family_Man
771,8424,2.7091276250849265,Family_Man
771,3240,4.94030731292166,Family_Man
771,7027,1.0177031555929446,Family_Man
771,1487,5.0,Family_Man
771,4435,3.16468202166286,Family_Man
771,3863,4.270678703228795,Family_Man
771,9065,4.637820535873651,Family_Man
771,9903,4.4127528522636075,Family_Man
771,3010,4.440293707953501,Family_Man
771,5671,3.831264943821465,Family_Man
771,7543,2.86582951684274,Family_Man
772,7557,2.722679782869669,Budget_Student
772,7034,3.4569619195331986,Budget_Student
772,9827,1.0987322882500057,Budget_Student
772,4785,2.8614297394744574,Budget_Student
772,877,2.6831591719860457,Budget_Student
772,9195,3.252297400609679,Budget_Student
772,3804,1.448247257548247,Budget_Student
772,8790,5.0,Budget_Student
772,6109,3.092969106327116,Budget_Student
772,2260,3.798992528128859,Budget_Student
772,7567,5.0,Budget_Student
772,5815,1.0208121450469687,Budget_Student
772,4196,1.0,Budget_Student
772,849,3.192814489539562,Budget_Student
772,1438,4.7518988335804,Budget_Student
773,7889,2.941597952615254,Luxury_Boss
773,2314,2.0990589155623587,Luxury_Boss
773,3338,3.443477857452227,Luxury_Boss
773,7617,1.5476744654777477,Luxury_Boss
773,4746,2.0681961540425315,Luxury_Boss
773,9082,2.3147526668147815,Luxury_Boss
773,3119,1.8671763503002625,Luxury_Boss
773,3663,2.2660830310351856,Luxury_Boss
773,5404,2.3095184018315877,Luxury_Boss
773,2229,2.3957565989372167,Luxury_Boss
773,3481,2.005882882488358,Luxury_Boss
773,6307,2.0264008514533094,Luxury_Boss
773,4183,2.481596987629135,Luxury_Boss
773,10190,2.1851442146753888,Luxury_Boss
773,4184,2.4842453751697007,Luxury_Boss
773,907,1.6913033778126803,Luxury_Boss
773,5002,2.3094940339017254,Luxury_Boss
773,5956,5.0,Luxury_Boss
773,7694,2.436841283089111,Luxury_Boss
773,7320,1.9332746911154506,Luxury_Boss
774,2527,3.0186036607613325,Eco_Warrior
774,731,3.398094987726062,Eco_Warrior
774,1590,1.0,Eco_Warrior
774,8979,2.1105272831768866,Eco_Warrior
774,5697,2.6685716052904502,Eco_Warrior
774,4422,1.4623032536004819,Eco_Warrior
774,7032,3.1654301007938104,Eco_Warrior
774,9632,3.3029253596138837,Eco_Warrior
774,7733,3.100180266151608,Eco_Warrior
774,3338,2.507368123188945,Eco_Warrior
774,7560,3.3830162543885676,Eco_Warrior
774,127,3.4151473258438965,Eco_Warrior
774,7839,3.473991327589818,Eco_Warrior
774,2337,2.8833452482023634,Eco_Warrior
774,8340,3.3545171063911767,Eco_Warrior
774,7951,2.9617254812192213,Eco_Warrior
774,4323,1.0,Eco_Warrior
774,9362,3.3100767607152313,Eco_Warrior
774,5528,3.1396636011521406,Eco_Warrior
774,3299,2.5432181041785356,Eco_Warrior
774,9059,3.115558538141973,Eco_Warrior
774,7204,2.992367412366776,Eco_Warrior
774,1378,1.0,Eco_Warrior
774,6212,3.029084384344756,Eco_Warrior
775,8483,3.7575096997090855,Luxury_Boss
775,1189,2.1299742026627086,Luxury_Boss
775,6591,1.5654491970898943,Luxury_Boss
775,8884,3.063949067689377,Luxury_Boss
775,4301,3.792360483893998,Luxury_Boss
775,9138,2.586119584771874,Luxury_Boss
775,5323,1.9311815632369327,Luxury_Boss
775,8671,2.0641252816955786,Luxury_Boss
775,4315,2.1679217159713504,Luxury_Boss
775,1487,5.0,Luxury_Boss
775,5730,2.400317811258759,Luxury_Boss
775,4092,5.0,Luxury_Boss
775,7969,2.2060018635010197,Luxury_Boss
775,4081,1.970730599565282,Luxury_Boss
775,2725,2.2456684273012204,Luxury_Boss
775,4139,1.9588859487590438,Luxury_Boss
775,10274,2.288269073691714,Luxury_Boss
775,8999,2.1500570579024822,Luxury_Boss
775,8818,2.4913893047333917,Luxury_Boss
776,9797,1.3683476415357734,Eco_Warrior
776,1277,3.426935392103935,Eco_Warrior
776,5599,2.915246345260946,Eco_Warrior
776,9480,2.9637989005653056,Eco_Warrior
776,9258,3.498228109470632,Eco_Warrior
776,5724,1.979738814488529,Eco_Warrior
776,2523,3.049127025638986,Eco_Warrior
776,1752,1.0,Eco_Warrior
776,7929,4.255042130331846,Eco_Warrior
776,2815,2.97709371436911,Eco_Warrior
776,5072,3.2583491201806685,Eco_Warrior
776,6097,2.1355756019334127,Eco_Warrior
776,7839,3.3842742676983786,Eco_Warrior
776,7859,1.1469304538844538,Eco_Warrior
776,6184,1.0,Eco_Warrior
776,4837,3.04791176774527,Eco_Warrior
776,3663,2.8922612849898237,Eco_Warrior
777,5379,3.351922951619094,Speed_Racer
777,3832,2.9098636265909694,Speed_Racer
777,8840,2.9322320860270463,Speed_Racer
777,470,3.483397059701496,Speed_Racer
777,5509,2.4904773263974445,Speed_Racer
777,6053,2.5813951404924764,Speed_Racer
777,2720,2.7019413780949844,Speed_Racer
777,8371,3.5951594124896737,Speed_Racer
777,4993,3.186800940515141,Speed_Racer
777,4368,2.7473020768913683,Speed_Racer
777,4715,3.5080207816072875,Speed_Racer
777,1645,3.5808945500962617,Speed_Racer
777,3882,2.2561669602899608,Speed_Racer
777,9393,2.783554808567436,Speed_Racer
777,3122,5.0,Speed_Racer
778,3765,4.535567086518947,Speed_Racer
778,8374,3.2376457791304056,Speed_Racer
778,8012,3.0766226497163673,Speed_Racer
778,3221,4.749254855160578,Speed_Racer
778,1247,4.900195144647101,Speed_Racer
778,3121,2.9525175970737143,Speed_Racer
778,913,4.1487903753911715,Speed_Racer
778,6626,3.1406868028520107,Speed_Racer
778,3646,3.6511379884565405,Speed_Racer
778,3936,4.287300304901913,Speed_Racer
778,622,5.0,Speed_Racer
778,6772,2.2235985015567405,Speed_Racer
778,48,3.499262660929727,Speed_Racer
778,7715,3.8124371871896687,Speed_Racer
778,7671,2.973093858708422,Speed_Racer
778,6009,3.2275192237462536,Speed_Racer
778,6713,3.0608163923397282,Speed_Racer
778,885,3.8172539533578704,Speed_Racer
778,4288,2.0039357235901747,Speed_Racer
778,3177,2.073512887255199,Speed_Racer
779,6039,5.0,Family_Man
779,8819,5.0,Family_Man
779,9622,3.507171126489764,Family_Man
779,592,4.209364241859551,Family_Man
779,8423,5.0,Family_Man
779,6309,5.0,Family_Man
779,601,4.035008788814764,Family_Man
779,7419,5.0,Family_Man
779,4732,5.0,Family_Man
779,7790,4.958103525391074,Family_Man
779,1440,4.408806847624014,Family_Man
779,4220,4.932403069429593,Family_Man
779,7258,3.253135929732487,Family_Man
779,1809,2.831620633995148,Family_Man
779,6903,4.19097768218669,Family_Man
779,2581,5.0,Family_Man
779,8829,5.0,Family_Man
779,10110,5.0,Family_Man
779,9269,4.3767833031264205,Family_Man
779,8997,5.0,Family_Man
780,9895,5.0,Family_Man
780,5220,4.337033814281945,Family_Man
780,3019,4.8551491123204675,Family_Man
780,857,4.496832973386389,Family_Man
780,7670,3.2616329208771226,Family_Man
780,3592,3.982160170653284,Family_Man
780,913,4.1539116672697105,Family_Man
780,4158,4.385168954071602,Family_Man
780,1128,3.9651405289808155,Family_Man
780,3925,4.152636111503333,Family_Man
780,1752,4.475151876339986,Family_Man
780,2604,4.6401013004446625,Family_Man
780,9314,4.140661549335826,Family_Man
780,6173,4.450654789656239,Family_Man
780,3941,4.69765038149028,Family_Man
780,1440,4.0927308240561535,Family_Man
780,9065,4.750874391296002,Family_Man
780,1652,4.312574843514814,Family_Man
780,3307,4.1015720824385316,Family_Man
780,4403,3.4460925676061342,Family_Man
780,7791,4.016857795050859,Family_Man
780,3865,5.0,Family_Man
780,2407,5.0,Family_Man
781,3837,1.0,Eco_Warrior
781,4889,3.444165782936048,Eco_Warrior
781,9053,2.6064647769442226,Eco_Warrior
781,4582,3.3157178467041457,Eco_Warrior
781,9469,1.4407797988263582,Eco_Warrior
781,2957,2.838998401545235,Eco_Warrior
781,9523,2.7128932648070556,Eco_Warrior
781,3384,1.092122438670497,Eco_Warrior
781,7263,2.6066982995996923,Eco_Warrior
781,2731,3.0943985798645244,Eco_Warrior
781,1367,2.703063963917954,Eco_Warrior
781,4400,1.0,Eco_Warrior
781,8376,1.9858501056544453,Eco_Warrior
781,9983,3.0148423568344738,Eco_Warrior
781,9449,3.2854767501373683,Eco_Warrior
781,9424,1.4490644140696762,Eco_Warrior
781,9970,3.2457952318065844,Eco_Warrior
782,1274,5.0,Family_Man
782,6981,3.700575943462452,Family_Man
782,5766,5.0,Family_Man
782,1987,2.8436604899768096,Family_Man
782,6480,1.1612260387498248,Family_Man
782,5655,4.646178353001547,Family_Man
782,7704,4.326613923603627,Family_Man
782,4718,4.1044769143693465,Family_Man
782,7044,2.7635740518351843,Family_Man
782,8944,2.5623460426909546,Family_Man
782,8134,4.390253406141441,Family_Man
782,100,5.0,Family_Man
782,3497,4.975895264598756,Family_Man
782,8172,5.0,Family_Man
782,4368,3.454099371489008,Family_Man
782,7098,4.464645163201283,Family_Man
782,201,4.136648207358554,Family_Man
782,8222,3.383700282897169,Family_Man
782,10175,5.0,Family_Man
782,1560,4.467481727697738,Family_Man
782,7430,4.35468835145059,Family_Man
782,6285,4.073065869362039,Family_Man
782,4028,5.0,Family_Man
783,5299,5.0,Budget_Student
783,1155,5.0,Budget_Student
783,10092,4.698035561022224,Budget_Student
783,1412,1.681843169216223,Budget_Student
783,7731,3.9263450005688374,Budget_Student
783,5143,2.9046061609130525,Budget_Student
783,8773,4.912168028555298,Budget_Student
783,6522,1.0,Budget_Student
783,8783,5.0,Budget_Student
783,694,1.832303149900897,Budget_Student
783,6275,4.999986727676917,Budget_Student
783,4256,5.0,Budget_Student
783,2691,5.0,Budget_Student
783,1878,2.8614860399824007,Budget_Student
783,4974,3.417721832825798,Budget_Student
784,4057,3.236054671996908,Family_Man
784,6668,5.0,Family_Man
784,10053,2.9027774866193807,Family_Man
784,6091,5.0,Family_Man
784,6418,4.9697827118827975,Family_Man
784,3392,1.3294692402220183,Family_Man
784,2121,4.22727133010563,Family_Man
784,6030,3.2666627062354796,Family_Man
784,10127,4.097365971580774,Family_Man
784,2015,4.954099966839252,Family_Man
784,3986,5.0,Family_Man
784,9841,4.281532095311093,Family_Man
784,6944,4.33070610806649,Family_Man
784,3173,4.352891456620837,Family_Man
784,1130,5.0,Family_Man
784,412,4.2928702966201815,Family_Man
784,949,4.207561930429058,Family_Man
784,1824,2.9374100484286227,Family_Man
785,3666,3.0902383109256872,Speed_Racer
785,6790,3.6605352669333158,Speed_Racer
785,9286,4.2301877474731775,Speed_Racer
785,5641,4.2006839847565365,Speed_Racer
785,7697,2.7903380520674976,Speed_Racer
785,609,4.39125210535369,Speed_Racer
785,7882,5.0,Speed_Racer
785,4460,3.8801606654921015,Speed_Racer
785,1045,2.2308069648244238,Speed_Racer
785,8171,3.820141951118512,Speed_Racer
785,1774,5.0,Speed_Racer
785,8929,3.124094752181771,Speed_Racer
785,3042,3.8601852750672743,Speed_Racer
785,9620,3.3827874287995185,Speed_Racer
785,1672,3.4555271158826626,Speed_Racer
785,2896,3.1860020958805526,Speed_Racer
785,4997,2.4758039259901716,Speed_Racer
785,8094,2.5502095721125153,Speed_Racer
785,1151,3.999692750569241,Speed_Racer
785,6042,2.3686420038295157,Speed_Racer
785,6719,3.135315699778908,Speed_Racer
786,2415,3.979146572820383,Budget_Student
786,4400,3.0373395081994525,Budget_Student
786,5064,5.0,Budget_Student
786,6705,4.787797835381972,Budget_Student
786,3271,1.2504956632993285,Budget_Student
786,6382,1.0,Budget_Student
786,9912,3.2967903057771943,Budget_Student
786,5131,3.1580774595433136,Budget_Student
786,596,3.1843134684737846,Budget_Student
786,616,3.0604623232726085,Budget_Student
786,2302,3.874213879949731,Budget_Student
786,9737,1.850035143119428,Budget_Student
786,1038,3.301855832916605,Budget_Student
786,2837,4.813415854314036,Budget_Student
786,5062,1.0,Budget_Student
786,3885,5.0,Budget_Student
786,9898,2.523577604237981,Budget_Student
786,6932,5.0,Budget_Student
786,8322,4.509156978007329,Budget_Student
786,1964,2.6558893420821033,Budget_Student
787,10042,3.737937277774804,Speed_Racer
787,257,3.251760689783816,Speed_Racer
787,6852,3.890451811060711,Speed_Racer
787,111,2.117193697932233,Speed_Racer
787,1145,3.514604300672203,Speed_Racer
787,2832,2.8632757317339568,Speed_Racer
787,932,2.858961951396498,Speed_Racer
787,5379,3.379765838119927,Speed_Racer
787,4289,5.0,Speed_Racer
787,7889,3.7377782878865338,Speed_Racer
787,1488,2.637015100905603,Speed_Racer
787,3146,3.240349920225002,Speed_Racer
787,2669,2.801335175227525,Speed_Racer
787,4388,3.408804314787425,Speed_Racer
787,5691,3.1175158340384206,Speed_Racer
787,8949,2.8269624916793354,Speed_Racer
787,8647,2.8229559896247243,Speed_Racer
787,3655,2.1129750341304394,Speed_Racer
787,423,2.914441407472442,Speed_Racer
787,10237,3.053931747325934,Speed_Racer
787,9993,5.0,Speed_Racer
787,5825,2.5610828752327284,Speed_Racer
787,4748,2.1194920443981706,Speed_Racer
788,1646,1.2366149541880893,Eco_Warrior
788,6249,1.022801523494174,Eco_Warrior
788,6101,2.98965116488085,Eco_Warrior
788,6181,3.408618481381299,Eco_Warrior
788,8181,2.9637858280215927,Eco_Warrior
788,6197,1.0,Eco_Warrior
788,3246,3.1981563371127235,Eco_Warrior
788,8598,1.0,Eco_Warrior
788,6053,1.0189695810684214,Eco_Warrior
788,2541,1.0377576084330467,Eco_Warrior
788,5471,1.0,Eco_Warrior
788,9921,2.5779429644857648,Eco_Warrior
788,4929,3.389722107889962,Eco_Warrior
788,2122,1.4759714655290987,Eco_Warrior
788,3790,3.172028140736784,Eco_Warrior
788,4329,3.3397837224219966,Eco_Warrior
788,1474,3.2789756792670683,Eco_Warrior
788,2539,3.0181116219868196,Eco_Warrior
788,7987,2.969667291276941,Eco_Warrior
788,1764,3.423175749468526,Eco_Warrior
788,4858,3.261588831813084,Eco_Warrior
788,8857,1.0,Eco_Warrior
789,7390,2.1759456714601555,Luxury_Boss
789,803,2.3616857546531227,Luxury_Boss
789,4687,2.1494544981960053,Luxury_Boss
789,4519,1.762159027251058,Luxury_Boss
789,2105,2.181900379445262,Luxury_Boss
789,2181,1.7275257272001356,Luxury_Boss
789,2489,2.09963409968637,Luxury_Boss
789,4799,1.9226998586213777,Luxury_Boss
789,633,2.865346067517267,Luxury_Boss
789,7890,2.3572598951414254,Luxury_Boss
789,2237,3.888003644461479,Luxury_Boss
789,2526,1.9569663991870838,Luxury_Boss
789,5639,2.092696816481822,Luxury_Boss
789,7305,2.1240884366325448,Luxury_Boss
789,9307,1.8784275536029984,Luxury_Boss
789,9646,1.8664315648461534,Luxury_Boss
789,3035,1.6287587123152674,Luxury_Boss
789,3992,3.567325968517434,Luxury_Boss
789,7066,5.0,Luxury_Boss
789,94,2.135245497154555,Luxury_Boss
789,1107,3.596645461612635,Luxury_Boss
790,7672,1.5585251054714604,Luxury_Boss
790,9328,4.4323271152473875,Luxury_Boss
790,1897,3.8688158990918913,Luxury_Boss
790,1195,5.0,Luxury_Boss
790,6098,2.326092189097638,Luxury_Boss
790,4875,2.2537715784317287,Luxury_Boss
790,3346,3.916723837007066,Luxury_Boss
790,7784,1.6264962506485805,Luxury_Boss
790,8135,2.1427472052362857,Luxury_Boss
790,2678,1.5350314183196792,Luxury_Boss
790,802,4.760067218833324,Luxury_Boss
790,207,2.15975328587537,Luxury_Boss
790,4333,2.4178393363018835,Luxury_Boss
790,7405,2.1285757195883854,Luxury_Boss
790,7215,4.279091671176049,Luxury_Boss
790,653,2.492932022109371,Luxury_Boss
790,7600,2.4395626498659784,Luxury_Boss
790,8786,2.098166016336157,Luxury_Boss
790,4936,3.8590632948207317,Luxury_Boss
790,5268,2.3111856522501433,Luxury_Boss
790,7278,1.816869707523803,Luxury_Boss
790,3417,1.5288228499575347,Luxury_Boss
790,310,1.561482384036188,Luxury_Boss
791,8880,2.504999301744241,Eco_Warrior
791,2740,3.363917078775061,Eco_Warrior
791,2221,1.0,Eco_Warrior
791,5506,1.596898756304887,Eco_Warrior
791,2780,3.0643216326685003,Eco_Warrior
791,2227,2.955656785512653,Eco_Warrior
791,7262,2.949041462579928,Eco_Warrior
791,9803,1.0,Eco_Warrior
791,1023,2.7349384769272405,Eco_Warrior
791,1754,2.736561055251043,Eco_Warrior
791,649,2.8586643268845795,Eco_Warrior
791,7757,3.332431624715684,Eco_Warrior
791,8071,2.7509654245224606,Eco_Warrior
791,4481,1.042125488359754,Eco_Warrior
791,8886,1.1494684553634826,Eco_Warrior
791,9962,3.1174279444846578,Eco_Warrior
792,407,4.930741455124453,Family_Man
792,7958,2.5373962142322983,Family_Man
792,422,4.393238833696257,Family_Man
792,9903,3.746743858734703,Family_Man
792,9463,3.5652228948115194,Family_Man
792,5598,5.0,Family_Man
792,3589,3.7465515896365194,Family_Man
792,9994,3.420938444127496,Family_Man
792,8978,4.706517206190027,Family_Man
792,429,4.159776948112807,Family_Man
792,8927,4.2761670826866025,Family_Man
792,3355,5.0,Family_Man
792,4540,3.99361249290735,Family_Man
792,2333,3.6399148855054597,Family_Man
792,10223,3.9734035633034672,Family_Man
792,6710,5.0,Family_Man
792,8265,2.6414353818545306,Family_Man
793,2774,4.378078973115113,Luxury_Boss
793,1202,1.827968520776893,Luxury_Boss
793,62,2.499008602147576,Luxury_Boss
793,9158,2.0280598027050565,Luxury_Boss
793,9663,1.975745158358842,Luxury_Boss
793,9163,3.8873538197467914,Luxury_Boss
793,5866,2.9647523572278827,Luxury_Boss
793,1886,2.2812557357773287,Luxury_Boss
793,3161,1.5638390425480369,Luxury_Boss
793,3338,3.3632150792066504,Luxury_Boss
793,9588,4.018782390390631,Luxury_Boss
793,7284,2.781287630437209,Luxury_Boss
793,7368,3.4321635774230774,Luxury_Boss
793,3847,2.762355194200767,Luxury_Boss
793,9664,1.881366220829297,Luxury_Boss
793,3016,4.5869156763632954,Luxury_Boss
793,5552,1.6135878459751845,Luxury_Boss
793,7268,2.952007611781667,Luxury_Boss
793,2236,1.8233934945911392,Luxury_Boss
793,1313,4.619585975472432,Luxury_Boss
793,2080,1.7558190546915364,Luxury_Boss
794,2560,2.6964484622420946,Eco_Warrior
794,6353,2.7410942336726745,Eco_Warrior
794,5988,3.3507811117793858,Eco_Warrior
794,8569,3.339937291039412,Eco_Warrior
794,2459,1.2505218521742247,Eco_Warrior
794,5796,1.0665486431196003,Eco_Warrior
794,161,3.4009862846840404,Eco_Warrior
794,9581,3.39225682187266,Eco_Warrior
794,618,1.9906252984504103,Eco_Warrior
794,2245,2.7206116361703296,Eco_Warrior
794,1503,2.6473187885635587,Eco_Warrior
794,342,3.321003484759704,Eco_Warrior
794,6653,1.0,Eco_Warrior
794,2548,3.087806418869751,Eco_Warrior
794,4730,3.133443845432599,Eco_Warrior
795,9463,2.8060022692765356,Eco_Warrior
795,7747,3.135165969734869,Eco_Warrior
795,913,1.133068248621332,Eco_Warrior
795,2998,1.517607950304587,Eco_Warrior
795,3119,1.675530376065115,Eco_Warrior
795,8703,2.5894452755515287,Eco_Warrior
795,5381,3.090754217539982,Eco_Warrior
795,3328,2.5115020147166724,Eco_Warrior
795,8807,1.0,Eco_Warrior
795,3847,3.3947000699160625,Eco_Warrior
795,8415,1.4932361395892106,Eco_Warrior
795,2151,1.3033899478637565,Eco_Warrior
795,8445,3.3484250558914423,Eco_Warrior
795,4372,3.1404517738626416,Eco_Warrior
795,8881,2.729379616108042,Eco_Warrior
795,7967,3.4161254173837805,Eco_Warrior
795,7155,3.074172936859021,Eco_Warrior
795,5800,3.26544828322523,Eco_Warrior
795,4654,2.540643244639766,Eco_Warrior
795,6919,1.2291438566453814,Eco_Warrior
795,9694,3.1812454951930302,Eco_Warrior
795,3969,1.0,Eco_Warrior
795,10210,2.7492046637067458,Eco_Warrior
796,6432,3.308681827159241,Budget_Student
796,5601,3.670736870879086,Budget_Student
796,9123,3.9643533476813775,Budget_Student
796,2989,3.750925148646302,Budget_Student
796,3226,5.0,Budget_Student
796,4659,4.96755530266245,Budget_Student
796,7950,3.32464779902668,Budget_Student
796,6700,3.398085286207687,Budget_Student
796,6528,5.0,Budget_Student
796,6365,5.0,Budget_Student
796,6006,3.1410644641143555,Budget_Student
796,2256,3.2893578996730275,Budget_Student
796,5352,3.2216327656695354,Budget_Student
796,3675,5.0,Budget_Student
796,6200,3.145980322482547,Budget_Student
796,9781,3.1422615314950546,Budget_Student
796,7033,3.1435540408330795,Budget_Student
796,6586,2.504746198833885,Budget_Student
796,5261,3.6996280711842227,Budget_Student
796,9497,2.7035261563987376,Budget_Student
796,10035,1.9918544088375691,Budget_Student
796,1743,2.9881750960294573,Budget_Student
796,3903,5.0,Budget_Student
797,3587,3.8901673750975387,Luxury_Boss
797,9216,4.084957317819055,Luxury_Boss
797,5858,1.9469663396502155,Luxury_Boss
797,896,2.4161342980347613,Luxury_Boss
797,2808,2.3598833835912947,Luxury_Boss
797,3021,3.5284401450009395,Luxury_Boss
797,8635,1.6563003115382164,Luxury_Boss
797,8875,2.020212063932986,Luxury_Boss
797,9712,3.5338408416383316,Luxury_Boss
797,4731,2.148485987670614,Luxury_Boss
797,6493,1.6272797243236568,Luxury_Boss
797,3414,1.5656248167266398,Luxury_Boss
797,73,1.6349605662113817,Luxury_Boss
797,8712,4.200595397899686,Luxury_Boss
797,6324,1.926828299939754,Luxury_Boss
797,6300,2.406525808147017,Luxury_Boss
797,9315,2.492330333771369,Luxury_Boss
797,3019,2.09021677109723,Luxury_Boss
797,9242,2.33422636082194,Luxury_Boss
797,2073,3.251952045084777,Luxury_Boss
797,6335,1.8125147675896556,Luxury_Boss
798,2399,1.6383830996484297,Luxury_Boss
798,4816,4.601521030339398,Luxury_Boss
798,1887,1.6772565995579007,Luxury_Boss
798,8604,1.7366502472769905,Luxury_Boss
798,1115,2.8897653577579376,Luxury_Boss
798,6930,2.212010107704206,Luxury_Boss
798,4896,2.476822955538778,Luxury_Boss
798,8889,1.7696963159337726,Luxury_Boss
798,8403,1.510204706691701,Luxury_Boss
798,10021,2.4917455334301692,Luxury_Boss
798,445,2.019868158299081,Luxury_Boss
798,9934,1.6690987536812418,Luxury_Boss
798,2855,2.1755112219952792,Luxury_Boss
798,1978,2.697923743360981,Luxury_Boss
798,6229,1.531099035209511,Luxury_Boss
798,2407,1.724228030152717,Luxury_Boss
798,8576,2.2459578630286052,Luxury_Boss
798,2212,2.095615654321212,Luxury_Boss
798,2558,1.8110927345654324,Luxury_Boss
798,9439,3.427591739985972,Luxury_Boss
799,9802,2.6224571222929387,Speed_Racer
799,6459,3.1969249291716597,Speed_Racer
799,2275,5.0,Speed_Racer
799,9130,3.0985048443238594,Speed_Racer
799,6637,2.6662150249740963,Speed_Racer
799,2398,2.4597175790480206,Speed_Racer
799,8992,3.2792687592482705,Speed_Racer
799,7958,3.2960474725969027,Speed_Racer
799,9799,3.434918834975278,Speed_Racer
799,7701,3.074275955403136,Speed_Racer
799,3688,1.7543497482861534,Speed_Racer
799,1679,3.4197915547127344,Speed_Racer
799,7138,4.792167356374197,Speed_Racer
799,3662,3.122572009280044,Speed_Racer
799,4371,4.434593129616032,Speed_Racer
799,4163,3.3531252273086873,Speed_Racer
799,1585,2.005112182283054,Speed_Racer
799,7472,2.6041427347223256,Speed_Racer
799,6863,1.8070229954360328,Speed_Racer
799,3220,3.090719666822388,Speed_Racer
800,936,5.0,Budget_Student
800,7991,2.8362090426121482,Budget_Student
800,2122,2.9715837505683624,Budget_Student
800,10251,2.9832442894638107,Budget_Student
800,6621,3.8627881725828743,Budget_Student
800,461,2.5045849097376336,Budget_Student
800,2182,3.9479472672460103,Budget_Student
800,3805,5.0,Budget_Student
800,9519,1.1835241549312383,Budget_Student
800,10145,3.0493072698219597,Budget_Student
800,8551,2.881422672309348,Budget_Student
800,29,4.609882989150947,Budget_Student
800,1322,5.0,Budget_Student
800,435,3.188327116605219,Budget_Student
800,3491,3.8334437058806703,Budget_Student
800,8394,3.341362049849487,Budget_Student
800,1849,5.0,Budget_Student
800,9914,4.995979507781907,Budget_Student
800,5358,2.826301688275005,Budget_Student
800,7928,3.1066514551633304,Budget_Student
800,9244,3.6827893511056486,Budget_Student
800,9125,5.0,Budget_Student
801,9932,1.9225019396559997,Luxury_Boss
801,5867,2.3606399550926,Luxury_Boss
801,1539,1.560518957224136,Luxury_Boss
801,5882,5.0,Luxury_Boss
801,4115,1.8217846435561091,Luxury_Boss
801,8906,2.134637533980766,Luxury_Boss
801,2364,3.1134239473843253,Luxury_Boss
801,1220,3.748103642135885,Luxury_Boss
801,1236,1.766657715214222,Luxury_Boss
801,8738,2.119926409409741,Luxury_Boss
801,1024,1.533091885730761,Luxury_Boss
801,9616,5.0,Luxury_Boss
801,3294,1.775221513789083,Luxury_Boss
801,1066,4.348520704199073,Luxury_Boss
801,8427,2.1454001092795374,Luxury_Boss
802,2416,2.9699632254944204,Eco_Warrior
802,5611,2.639584058127314,Eco_Warrior
802,9778,3.396853511733873,Eco_Warrior
802,596,1.4601860818565702,Eco_Warrior
802,8194,3.0065670915941136,Eco_Warrior
802,1604,1.0773067677814756,Eco_Warrior
802,3727,3.058027593018578,Eco_Warrior
802,10169,2.200177496060756,Eco_Warrior
802,7744,1.0674143414673873,Eco_Warrior
802,8489,1.484513153880587,Eco_Warrior
802,3129,2.912999909913882,Eco_Warrior
802,2034,3.389542747573411,Eco_Warrior
802,4333,3.1041633840407643,Eco_Warrior
802,8992,2.706419617710324,Eco_Warrior
802,4793,2.5353301035995504,Eco_Warrior
802,6451,3.012422627196752,Eco_Warrior
802,9278,3.2161735094002752,Eco_Warrior
802,10170,1.4156876109837713,Eco_Warrior
802,6687,2.8811342671791236,Eco_Warrior
803,6922,5.0,Family_Man
803,1517,5.0,Family_Man
803,1216,5.0,Family_Man
803,201,4.37495997949766,Family_Man
803,6769,4.7474453095776346,Family_Man
803,1912,3.0686055306726727,Family_Man
803,6653,4.92927966562888,Family_Man
803,1604,5.0,Family_Man
803,9796,4.690676448550482,Family_Man
803,67,3.235161916669152,Family_Man
803,1555,4.054500033860657,Family_Man
803,6139,4.032493217937224,Family_Man
803,8888,4.5430223532368155,Family_Man
803,9878,4.540436436985948,Family_Man
803,190,4.227370222466019,Family_Man
803,8467,3.6246144146506594,Family_Man
803,2443,4.7278548426931115,Family_Man
803,9082,3.0810860075572957,Family_Man
803,1239,3.689780970189446,Family_Man
803,8929,5.0,Family_Man
803,8210,5.0,Family_Man
803,8256,3.6365583113286504,Family_Man
804,8858,4.4457215103304994,Family_Man
804,7716,5.0,Family_Man
804,6160,5.0,Family_Man
804,923,5.0,Family_Man
804,4469,2.616126765515879,Family_Man
804,4490,5.0,Family_Man
804,1863,4.784806418726611,Family_Man
804,1425,5.0,Family_Man
804,2472,3.4559488841357187,Family_Man
804,495,4.031388559903937,Family_Man
804,3492,3.2735122336706493,Family_Man
804,7265,5.0,Family_Man
804,3760,4.133291138311134,Family_Man
804,6626,4.418886157449473,Family_Man
804,4180,3.754360599730154,Family_Man
804,9567,3.5528136038221607,Family_Man
805,5379,1.5389922133547262,Luxury_Boss
805,7271,1.8888512055730777,Luxury_Boss
805,9538,3.359014495939265,Luxury_Boss
805,813,2.5329192133822866,Luxury_Boss
805,2554,2.3567578848758597,Luxury_Boss
805,7821,1.8211371359065491,Luxury_Boss
805,8257,2.195911997534831,Luxury_Boss
805,786,4.401889395515445,Luxury_Boss
805,5087,4.9271783635247015,Luxury_Boss
805,271,1.6854748461960951,Luxury_Boss
805,8356,2.0139892609724264,Luxury_Boss
805,9742,2.4763079431116406,Luxury_Boss
805,7530,1.795231148392098,Luxury_Boss
805,2341,3.6582329031149636,Luxury_Boss
805,3020,3.971310216640223,Luxury_Boss
805,7584,2.3308341700779613,Luxury_Boss
805,3474,4.879215212073977,Luxury_Boss
805,9005,1.609299493895664,Luxury_Boss
805,1274,1.72703464154963,Luxury_Boss
805,687,2.3131566515775255,Luxury_Boss
805,5089,2.2364744794469713,Luxury_Boss
806,6179,3.437158030082628,Speed_Racer
806,5639,3.209499007996256,Speed_Racer
806,1269,5.0,Speed_Racer
806,5789,2.4199877402667154,Speed_Racer
806,8253,3.2010651807197474,Speed_Racer
806,2819,3.0332477662030124,Speed_Racer
806,632,4.358457461761239,Speed_Racer
806,6365,2.699205526649793,Speed_Racer
806,8184,3.485545662085112,Speed_Racer
806,4021,5.0,Speed_Racer
806,3871,3.498781370794887,Speed_Racer
806,8265,2.9160913263164687,Speed_Racer
806,2905,3.1502438488233224,Speed_Racer
806,1911,2.9016319776395276,Speed_Racer
806,10097,3.236171145207597,Speed_Racer
806,8954,2.5053225842971902,Speed_Racer
806,6048,3.3064773787964308,Speed_Racer
806,8298,2.884652350625304,Speed_Racer
806,675,2.446226606194579,Speed_Racer
806,376,3.0952044380778783,Speed_Racer
806,3172,1.7484977863424982,Speed_Racer
807,799,5.0,Family_Man
807,4790,4.220911337819132,Family_Man
807,6669,4.670618115852342,Family_Man
807,3091,4.498455951253354,Family_Man
807,8527,5.0,Family_Man
807,1795,3.4118139565348296,Family_Man
807,7413,4.336140658943105,Family_Man
807,2245,5.0,Family_Man
807,152,5.0,Family_Man
807,7394,4.308519113121945,Family_Man
807,1843,4.574486395690405,Family_Man
807,653,3.098096934707641,Family_Man
807,3970,4.245044860465543,Family_Man
807,2064,5.0,Family_Man
807,430,5.0,Family_Man
807,1141,4.383315718221619,Family_Man
807,4965,5.0,Family_Man
807,10210,4.957602478740542,Family_Man
807,9775,5.0,Family_Man
807,8163,5.0,Family_Man
807,5037,5.0,Family_Man
807,7546,5.0,Family_Man
807,1517,5.0,Family_Man
807,10150,3.075703587862228,Family_Man
808,9992,1.7121179328221285,Speed_Racer
808,3711,2.8369055356459754,Speed_Racer
808,3411,2.5000524086394367,Speed_Racer
808,1092,2.822449378186075,Speed_Racer
808,2389,4.010338575810983,Speed_Racer
808,3562,3.004079410796641,Speed_Racer
808,4020,4.466310711745915,Speed_Racer
808,5597,2.5446542738860027,Speed_Racer
808,4824,2.182225098308341,Speed_Racer
808,590,3.083886772143927,Speed_Racer
808,3546,2.917480205263791,Speed_Racer
808,7499,2.609626964363176,Speed_Racer
808,5670,4.527134611102233,Speed_Racer
808,5273,3.397824157748697,Speed_Racer
808,6173,2.855387639138376,Speed_Racer
808,7263,4.184636746673283,Speed_Racer
808,3214,3.141530029325411,Speed_Racer
808,1115,1.9254340324151453,Speed_Racer
808,8349,3.237148300525648,Speed_Racer
808,9456,3.6992281328365815,Speed_Racer
808,778,3.017135362960691,Speed_Racer
808,4143,4.706743840991565,Speed_Racer
808,898,2.0157490435974115,Speed_Racer
808,2577,3.3595430215463833,Speed_Racer
809,2791,2.685964329899746,Budget_Student
809,6316,2.9850323236996883,Budget_Student
809,4028,3.2318562548389265,Budget_Student
809,54,5.0,Budget_Student
809,6589,3.3748124091989316,Budget_Student
809,4147,1.61164502179284,Budget_Student
809,9775,2.741109244615604,Budget_Student
809,6078,2.5341842080051746,Budget_Student
809,7931,5.0,Budget_Student
809,3790,3.2325281739190714,Budget_Student
809,9021,4.885831546358018,Budget_Student
809,1271,3.3549278090457375,Budget_Student
809,358,3.4153027734520234,Budget_Student
809,3862,4.754956261184915,Budget_Student
809,2884,3.5472817020393244,Budget_Student
809,9231,2.895874430355046,Budget_Student
809,4840,3.5960936552167477,Budget_Student
809,5323,3.3553244899238126,Budget_Student
810,2858,2.764518343700991,Eco_Warrior
810,2512,3.2404054675379395,Eco_Warrior
810,6575,3.041189879817805,Eco_Warrior
810,9257,3.231270965759004,Eco_Warrior
810,3313,3.0295052891187244,Eco_Warrior
810,17,2.8356982203003245,Eco_Warrior
810,8676,3.255370928370608,Eco_Warrior
810,3253,2.975286862732018,Eco_Warrior
810,6429,3.4236271653272623,Eco_Warrior
810,3507,1.4685276018311357,Eco_Warrior
810,2650,3.326807731601062,Eco_Warrior
810,6243,1.0411984006178203,Eco_Warrior
810,3801,3.417018232613189,Eco_Warrior
810,5262,2.6841300487502067,Eco_Warrior
810,2466,3.1010059837012105,Eco_Warrior
810,2054,3.4731608129450446,Eco_Warrior
810,5374,3.0651815157781215,Eco_Warrior
810,4443,2.130590680803771,Eco_Warrior
810,1797,2.7492373246370096,Eco_Warrior
810,9902,3.321824559643536,Eco_Warrior
810,1072,3.4961019199631904,Eco_Warrior
811,4539,3.357533667930184,Family_Man
811,6364,2.60265543155466,Family_Man
811,8324,4.773183443808121,Family_Man
811,5974,5.0,Family_Man
811,7049,5.0,Family_Man
811,9700,3.0175056272117056,Family_Man
811,7754,4.297826566871509,Family_Man
811,4082,4.98879447179576,Family_Man
811,1969,4.191921675176345,Family_Man
811,3200,5.0,Family_Man
811,6215,1.2431304888207901,Family_Man
811,140,3.4112681300582395,Family_Man
811,3340,5.0,Family_Man
811,3006,3.9682947898206695,Family_Man
811,8137,2.7997442480606716,Family_Man
811,496,2.663891489151937,Family_Man
811,4310,5.0,Family_Man
811,9799,3.0681284276530927,Family_Man
812,6764,3.351931257357615,Eco_Warrior
812,111,2.7231540009703576,Eco_Warrior
812,7073,2.8606855568904157,Eco_Warrior
812,5059,3.5603727855160288,Eco_Warrior
812,1123,1.0,Eco_Warrior
812,1122,1.0,Eco_Warrior
812,3144,3.1188201322598954,Eco_Warrior
812,663,1.0,Eco_Warrior
812,7006,2.565426582108694,Eco_Warrior
812,2970,2.122243910614734,Eco_Warrior
812,2477,3.2553594873385387,Eco_Warrior
812,7078,3.268496924499682,Eco_Warrior
812,3661,3.4294641290505323,Eco_Warrior
812,2642,2.779905304394287,Eco_Warrior
812,2100,1.0,Eco_Warrior
812,5952,2.6119552441746015,Eco_Warrior
812,481,3.3081381898411495,Eco_Warrior
812,4187,3.2836007893063894,Eco_Warrior
812,3950,1.0,Eco_Warrior
813,6668,3.384315888907506,Luxury_Boss
813,2780,3.402584877285284,Luxury_Boss
813,7248,2.106285073313667,Luxury_Boss
813,8059,1.54590563429048,Luxury_Boss
813,8773,3.7123475197800504,Luxury_Boss
813,2895,2.4905853702274454,Luxury_Boss
813,4802,1.7504018020015515,Luxury_Boss
813,7806,2.4866746586915944,Luxury_Boss
813,5847,5.0,Luxury_Boss
813,7475,2.2296664887701807,Luxury_Boss
813,590,1.8141163575825314,Luxury_Boss
813,9631,2.06987759740172,Luxury_Boss
813,963,2.2439983320640415,Luxury_Boss
813,4048,3.3798487221556197,Luxury_Boss
813,5711,2.4103874653430437,Luxury_Boss
813,5146,1.6619471507660277,Luxury_Boss
814,3928,1.8395117591567045,Luxury_Boss
814,8447,1.8343958552945152,Luxury_Boss
814,7598,2.1482926204672204,Luxury_Boss
814,3989,2.50640063810804,Luxury_Boss
814,8443,2.213266194542128,Luxury_Boss
814,1072,2.422105962849928,Luxury_Boss
814,340,2.7243971008438006,Luxury_Boss
814,5506,5.0,Luxury_Boss
814,5253,1.7383173952890447,Luxury_Boss
814,7163,2.247563378790713,Luxury_Boss
814,4231,1.5989837988005249,Luxury_Boss
814,1131,3.0744791458698546,Luxury_Boss
814,9203,1.8570910081027376,Luxury_Boss
814,4400,2.1775436468964022,Luxury_Boss
814,5729,1.6284954362505868,Luxury_Boss
814,1505,2.434435967746971,Luxury_Boss
814,5008,2.452321060109708,Luxury_Boss
814,9259,1.887927245594003,Luxury_Boss
815,6608,3.6975512570596942,Budget_Student
815,2399,2.562347087267673,Budget_Student
815,1209,3.416195547052679,Budget_Student
815,8510,3.0485999645800463,Budget_Student
815,7041,2.702473395495288,Budget_Student
815,7492,3.223393668508101,Budget_Student
815,1450,2.6258973565016737,Budget_Student
815,6423,3.7316600268962095,Budget_Student
815,7237,5.0,Budget_Student
815,998,2.5075230366295496,Budget_Student
815,9406,5.0,Budget_Student
815,5021,3.300671456974319,Budget_Student
815,9800,3.7727674745830657,Budget_Student
815,4988,3.1225275553112253,Budget_Student
815,983,5.0,Budget_Student
815,4977,1.0,Budget_Student
815,2210,3.0646695577903187,Budget_Student
815,10042,4.985654546405355,Budget_Student
815,2772,3.5620462373247053,Budget_Student
816,9982,1.6388776212552791,Luxury_Boss
816,3728,1.5724004351893524,Luxury_Boss
816,9694,2.0841376392093522,Luxury_Boss
816,7897,2.2765876046862763,Luxury_Boss
816,7215,4.336711984422608,Luxury_Boss
816,5645,2.4233799984350926,Luxury_Boss
816,3653,3.8618311717709495,Luxury_Boss
816,4734,2.0663833877747315,Luxury_Boss
816,6453,2.0874503810758984,Luxury_Boss
816,3635,2.125043310506282,Luxury_Boss
816,972,2.063870865311395,Luxury_Boss
816,7798,2.015142087230966,Luxury_Boss
816,1487,4.93253908646417,Luxury_Boss
816,2159,3.2459292336237,Luxury_Boss
816,6527,1.9791611862286804,Luxury_Boss
816,2405,2.3842305882790913,Luxury_Boss
816,4954,4.793944167181771,Luxury_Boss
817,3112,5.0,Family_Man
817,10274,4.133991618513129,Family_Man
817,6043,5.0,Family_Man
817,5429,3.641230036911606,Family_Man
817,9392,4.587900399676707,Family_Man
817,8441,2.830637562212676,Family_Man
817,1407,3.2931977348908714,Family_Man
817,1276,3.7269046610396006,Family_Man
817,10169,5.0,Family_Man
817,8908,3.023036437822263,Family_Man
817,7305,5.0,Family_Man
817,1133,4.3545986868907045,Family_Man
817,3870,4.074932933654284,Family_Man
817,3723,2.6831954461503793,Family_Man
817,7670,3.268268687386362,Family_Man
817,136,5.0,Family_Man
817,2048,3.617731340651359,Family_Man
817,5638,3.554839549375025,Family_Man
817,5192,5.0,Family_Man
817,7468,4.061707975512355,Family_Man
817,2716,4.247714018798829,Family_Man
817,9291,5.0,Family_Man
818,6184,2.5094991275393337,Budget_Student
818,4029,1.7616800048371983,Budget_Student
818,7312,3.8245533450109406,Budget_Student
818,1712,5.0,Budget_Student
818,426,5.0,Budget_Student
818,8890,3.3001540131721483,Budget_Student
818,46,3.0650182114655884,Budget_Student
818,9237,3.193616480075144,Budget_Student
818,1199,3.91445956039247,Budget_Student
818,6913,3.960632962455523,Budget_Student
818,6143,3.0486447320992154,Budget_Student
818,4046,3.4304645767750577,Budget_Student
818,9893,2.0525208945613858,Budget_Student
818,2287,3.0500636129803675,Budget_Student
818,8110,3.5395483344514895,Budget_Student
818,5466,3.4384892722976397,Budget_Student
818,6266,2.81554691930908,Budget_Student
818,2133,2.8152136472934943,Budget_Student
819,2081,2.390961339099916,Speed_Racer
819,4014,3.6703232478143684,Speed_Racer
819,3523,3.9250012638538596,Speed_Racer
819,9523,2.5651542765806203,Speed_Racer
819,6706,3.4827684701447335,Speed_Racer
819,8240,3.854465514365529,Speed_Racer
819,5237,3.617193951571356,Speed_Racer
819,7072,3.3423718046717625,Speed_Racer
819,2921,5.0,Speed_Racer
819,10161,3.7318882339009236,Speed_Racer
819,8257,2.666098567491374,Speed_Racer
819,4274,2.99970757230924,Speed_Racer
819,4792,3.200621156900003,Speed_Racer
819,6135,2.857311634804052,Speed_Racer
819,5325,2.618583947947528,Speed_Racer
819,418,2.8010397730010554,Speed_Racer
819,10204,2.973510981768647,Speed_Racer
820,4560,1.8925527434684568,Speed_Racer
820,2297,3.073317561620275,Speed_Racer
820,7588,4.2433893357105115,Speed_Racer
820,852,5.0,Speed_Racer
820,6713,2.940150018654916,Speed_Racer
820,3448,2.0754476752116675,Speed_Racer
820,998,2.981779957253613,Speed_Racer
820,5179,3.7870708129234347,Speed_Racer
820,7459,3.368423221384968,Speed_Racer
820,1445,1.8908989069324118,Speed_Racer
820,663,3.1461790998507073,Speed_Racer
820,2176,2.894026945880282,Speed_Racer
820,8909,3.1065000616239486,Speed_Racer
820,3589,2.666010576470086,Speed_Racer
820,8580,3.2363719997119635,Speed_Racer
820,5852,2.0619492753128403,Speed_Racer
820,1004,2.6254899326246357,Speed_Racer
820,6986,3.3197994868775456,Speed_Racer
820,4924,3.7585698791872035,Speed_Racer
820,2596,3.355891761118431,Speed_Racer
820,2506,3.0382151716600694,Speed_Racer
821,9357,2.841258956457431,Budget_Student
821,3707,5.0,Budget_Student
821,282,3.750421719314974,Budget_Student
821,1385,2.5264564090682162,Budget_Student
821,1308,1.5071104508340267,Budget_Student
821,313,2.9364697463685774,Budget_Student
821,6380,3.646585647629324,Budget_Student
821,2358,1.6348070629775804,Budget_Student
821,7300,4.807746863704457,Budget_Student
821,5061,3.0322517854264808,Budget_Student
821,9878,3.5109664817918977,Budget_Student
821,3877,1.1209642968119864,Budget_Student
821,8220,3.47168915601016,Budget_Student
821,3430,4.904192166175562,Budget_Student
821,8827,5.0,Budget_Student
821,3146,4.617751072922358,Budget_Student
821,7133,3.211789577820698,Budget_Student
821,2466,1.6819578399875037,Budget_Student
821,5670,5.0,Budget_Student
822,1154,1.9566275333622103,Luxury_Boss
822,4036,2.47319647096417,Luxury_Boss
822,5020,2.4850821245211505,Luxury_Boss
822,4578,3.897161984133833,Luxury_Boss
822,5444,1.5761012569061794,Luxury_Boss
822,2405,2.4840023363640014,Luxury_Boss
822,3971,1.7775389475662857,Luxury_Boss
822,8979,3.7099688003683284,Luxury_Boss
822,3131,2.0862275520425797,Luxury_Boss
822,5212,1.5759801734187526,Luxury_Boss
822,9172,1.5338535352479707,Luxury_Boss
822,9517,2.322595023001499,Luxury_Boss
822,6311,3.9134689661248885,Luxury_Boss
822,4855,2.5722143738630456,Luxury_Boss
822,3161,2.0694842478365936,Luxury_Boss
822,8727,2.1281264890810796,Luxury_Boss
822,6288,2.0002663854861944,Luxury_Boss
822,4619,4.414068899368382,Luxury_Boss
822,5710,2.2229293903988308,Luxury_Boss
822,10249,3.0973466636733678,Luxury_Boss
822,8169,1.8569690849970528,Luxury_Boss
822,5028,4.521842725478843,Luxury_Boss
822,1086,1.7382679741763334,Luxury_Boss
823,2093,4.55224945627556,Budget_Student
823,5174,3.1377026990063914,Budget_Student
823,676,3.481251766232925,Budget_Student
823,1262,2.691249494650582,Budget_Student
823,5193,5.0,Budget_Student
823,5704,3.0733602980580383,Budget_Student
823,3118,4.313931344128981,Budget_Student
823,8903,1.0,Budget_Student
823,591,4.751089956993946,Budget_Student
823,2987,3.7131033138314358,Budget_Student
823,10264,4.29581593386982,Budget_Student
823,2830,5.0,Budget_Student
823,9405,2.8281885703342335,Budget_Student
823,2896,2.5942996474590267,Budget_Student
823,4978,2.6197974757115787,Budget_Student
823,1966,3.431175926805781,Budget_Student
823,2907,2.8908516911139297,Budget_Student
823,6131,5.0,Budget_Student
823,8517,2.7421651440875707,Budget_Student
823,6325,2.7738236755744308,Budget_Student
823,5691,1.0,Budget_Student
823,6317,3.883742924987282,Budget_Student
823,3012,3.222199262375857,Budget_Student
823,302,1.000687289494299,Budget_Student
824,10167,2.7663779258058785,Eco_Warrior
824,3954,2.6499797332202335,Eco_Warrior
824,3295,1.0,Eco_Warrior
824,5710,3.0249126672263573,Eco_Warrior
824,7464,3.2252959082573143,Eco_Warrior
824,4730,3.1384028431189015,Eco_Warrior
824,3768,3.0092773337692433,Eco_Warrior
824,3460,2.515199420139124,Eco_Warrior
824,9920,2.7873029455671796,Eco_Warrior
824,5458,2.748236869634482,Eco_Warrior
824,44,1.8057348498097177,Eco_Warrior
824,1762,2.5788456857144215,Eco_Warrior
824,7072,3.2483701908418543,Eco_Warrior
824,2151,1.4246826779624362,Eco_Warrior
824,918,1.9828671125096395,Eco_Warrior
824,8780,1.0,Eco_Warrior
825,5017,4.980163553003074,Speed_Racer
825,5616,5.0,Speed_Racer
825,1585,1.7244356904799831,Speed_Racer
825,8030,3.3723686272996747,Speed_Racer
825,8460,2.4518984258835275,Speed_Racer
825,9298,3.3363441015985007,Speed_Racer
825,959,2.2996487348629477,Speed_Racer
825,8222,3.6590318195821716,Speed_Racer
825,6589,2.0367157717696673,Speed_Racer
825,8299,3.2327683561117304,Speed_Racer
825,2037,2.3062749769429876,Speed_Racer
825,9151,2.869781151467782,Speed_Racer
825,4424,2.9760915313182332,Speed_Racer
825,2151,3.974728068306549,Speed_Racer
825,1465,2.369704031616581,Speed_Racer
825,6367,2.862381613894891,Speed_Racer
825,5699,3.6919932987248454,Speed_Racer
825,8704,3.280371176193304,Speed_Racer
825,8784,3.0514184447336934,Speed_Racer
825,9937,3.443512886791707,Speed_Racer
825,4990,2.4792035122533913,Speed_Racer
825,3632,5.0,Speed_Racer
825,7747,2.2455050769680653,Speed_Racer
825,6869,1.5663457977071875,Speed_Racer
826,6278,1.941039828042456,Speed_Racer
826,706,2.073068499316438,Speed_Racer
826,1384,3.208290451950851,Speed_Racer
826,7206,4.73295266010216,Speed_Racer
826,4082,2.959340028324643,Speed_Racer
826,3062,2.9209407859888774,Speed_Racer
826,7337,2.931682934177155,Speed_Racer
826,2456,2.1776018588358554,Speed_Racer
826,8550,5.0,Speed_Racer
826,9990,2.932018785855263,Speed_Racer
826,6689,2.6967444568927763,Speed_Racer
826,8904,4.886467457660803,Speed_Racer
826,6051,4.72510705499298,Speed_Racer
826,8560,3.168238477792698,Speed_Racer
826,7908,3.2171075991874716,Speed_Racer
826,3710,3.4450456986364357,Speed_Racer
826,9607,2.5387614712258317,Speed_Racer
826,9436,2.2773295077015137,Speed_Racer
827,2611,4.6964375867461285,Family_Man
827,7664,4.058082110700383,Family_Man
827,6414,5.0,Family_Man
827,1573,3.589973037177854,Family_Man
827,28,4.69891471561627,Family_Man
827,526,3.7325514838378817,Family_Man
827,4141,3.504538146009498,Family_Man
827,2248,4.903432396646633,Family_Man
827,7003,5.0,Family_Man
827,4875,5.0,Family_Man
827,5403,4.13678788396208,Family_Man
827,3242,5.0,Family_Man
827,4751,3.8243387045138277,Family_Man
827,8660,3.5042522553343236,Family_Man
827,5334,4.789480240366707,Family_Man
827,3146,5.0,Family_Man
827,9220,5.0,Family_Man
828,10009,2.2464713822015767,Luxury_Boss
828,558,2.418260533337138,Luxury_Boss
828,1842,1.674364127686919,Luxury_Boss
828,8295,1.5027771955110976,Luxury_Boss
828,8255,1.9005482097410724,Luxury_Boss
828,5787,3.3958515872686217,Luxury_Boss
828,6158,1.993099059778297,Luxury_Boss
828,6271,1.727318785377903,Luxury_Boss
828,7863,1.7201714189160437,Luxury_Boss
828,5579,1.5512115397627295,Luxury_Boss
828,5648,3.9767360361691466,Luxury_Boss
828,6856,3.0231950078599295,Luxury_Boss
828,7457,1.719312769608086,Luxury_Boss
828,6119,2.3245420755235298,Luxury_Boss
828,7182,1.5405445858438171,Luxury_Boss
828,733,1.8853191399740465,Luxury_Boss
828,172,3.460430239669357,Luxury_Boss
828,127,1.9364824229333535,Luxury_Boss
828,6245,2.2645496760190875,Luxury_Boss
828,4745,2.4654796757175834,Luxury_Boss
828,1055,1.5996370749743423,Luxury_Boss
828,9435,4.810774878230499,Luxury_Boss
828,5666,2.4098997185914417,Luxury_Boss
828,2792,1.874615187094498,Luxury_Boss
829,3596,4.660235155816222,Budget_Student
829,3405,1.2412830873965293,Budget_Student
829,5243,3.4364151186246072,Budget_Student
829,5980,5.0,Budget_Student
829,8922,3.58630860773512,Budget_Student
829,4446,5.0,Budget_Student
829,1765,3.321542650695839,Budget_Student
829,8920,2.511968513340131,Budget_Student
829,3211,3.3122880026328976,Budget_Student
829,5140,3.416187461796108,Budget_Student
829,2013,5.0,Budget_Student
829,5763,2.5285380766194803,Budget_Student
829,4585,1.1478862332512163,Budget_Student
829,8021,3.334752502130826,Budget_Student
829,9077,1.0,Budget_Student
829,7584,5.0,Budget_Student
829,1676,2.917217910181083,Budget_Student
829,4549,3.038061095228443,Budget_Student
829,1538,4.4379976715118135,Budget_Student
829,8737,2.6934107535730663,Budget_Student
830,6724,3.683666292111101,Budget_Student
830,6734,2.5478779500360145,Budget_Student
830,9925,2.65196052260705,Budget_Student
830,9250,2.6764090552339193,Budget_Student
830,7492,3.493193444580286,Budget_Student
830,6637,3.991442570880765,Budget_Student
830,5563,5.0,Budget_Student
830,560,3.2050273065977364,Budget_Student
830,4690,2.840263724765395,Budget_Student
830,2521,2.7384551071632997,Budget_Student
830,2581,3.429525839685347,Budget_Student
830,8743,4.896597094517248,Budget_Student
830,8418,5.0,Budget_Student
830,5424,2.957388486286151,Budget_Student
830,2323,4.856383162966905,Budget_Student
830,2479,4.154614998388405,Budget_Student
830,1469,5.0,Budget_Student
830,4951,4.900342676924436,Budget_Student
830,1680,1.2280183576977044,Budget_Student
830,7916,3.0414340308260317,Budget_Student
830,1614,4.007551689784383,Budget_Student
831,5661,5.0,Budget_Student
831,4489,3.5760463121334163,Budget_Student
831,5104,4.258149760219868,Budget_Student
831,6980,2.574195002079798,Budget_Student
831,5878,4.726863767087518,Budget_Student
831,7637,3.8556100131879023,Budget_Student
831,5345,1.814000815527465,Budget_Student
831,8084,1.6799028129861675,Budget_Student
831,6132,3.535503380736421,Budget_Student
831,8665,2.972166415961861,Budget_Student
831,3177,2.5350365590091632,Budget_Student
831,7821,3.5330949927995725,Budget_Student
831,2558,3.2954696023326706,Budget_Student
831,1036,3.8119849241129193,Budget_Student
831,7568,3.7889606420057573,Budget_Student
831,6864,5.0,Budget_Student
832,2980,3.657913329239009,Family_Man
832,8941,4.253607586908917,Family_Man
832,3824,5.0,Family_Man
832,3973,4.010381612427156,Family_Man
832,1308,5.0,Family_Man
832,4290,4.132129751555226,Family_Man
832,1294,3.0626359935632164,Family_Man
832,955,2.510429588595246,Family_Man
832,517,4.081887748719891,Family_Man
832,10024,4.556718706350076,Family_Man
832,5816,4.653566440061965,Family_Man
832,659,4.7637472840258175,Family_Man
832,9621,5.0,Family_Man
832,86,2.772948221278555,Family_Man
832,10235,4.210429904619514,Family_Man
832,8671,4.511386452748671,Family_Man
832,859,3.989358173225548,Family_Man
832,883,4.370189335846298,Family_Man
832,3252,5.0,Family_Man
832,6372,4.022324747887195,Family_Man
833,3296,1.0325444379566089,Budget_Student
833,7130,2.7703588334360787,Budget_Student
833,6521,3.0831411048169395,Budget_Student
833,5383,1.0,Budget_Student
833,6635,3.1481377735105935,Budget_Student
833,3854,4.0836919882986775,Budget_Student
833,1963,5.0,Budget_Student
833,9836,5.0,Budget_Student
833,7044,5.0,Budget_Student
833,5554,3.099652909491044,Budget_Student
833,6806,2.75289398877349,Budget_Student
833,2313,3.502201395924144,Budget_Student
833,7189,5.0,Budget_Student
833,10127,1.0,Budget_Student
833,9621,5.0,Budget_Student
833,8712,3.211677758969115,Budget_Student
833,10243,5.0,Budget_Student
833,5428,5.0,Budget_Student
833,2445,5.0,Budget_Student
833,9985,3.5205975108770184,Budget_Student
834,4034,3.628364866863805,Budget_Student
834,223,3.606650723115557,Budget_Student
834,437,5.0,Budget_Student
834,46,2.8632819623628545,Budget_Student
834,5732,3.035086831584853,Budget_Student
834,7508,1.5433642420796763,Budget_Student
834,5489,3.910117128893487,Budget_Student
834,6735,5.0,Budget_Student
834,5666,5.0,Budget_Student
834,2669,4.502788940555041,Budget_Student
834,7956,2.5600377743680056,Budget_Student
834,280,4.265443118383593,Budget_Student
834,5848,4.986898071009154,Budget_Student
834,9956,2.7274005055232293,Budget_Student
834,1324,3.1940608910905235,Budget_Student
834,3881,2.956000592949219,Budget_Student
834,7694,2.735061498877404,Budget_Student
834,8990,4.901981802049925,Budget_Student
834,7605,4.920010942897469,Budget_Student
834,5741,1.9952237027994453,Budget_Student
834,6304,4.650101575615812,Budget_Student
835,9164,3.074349385716296,Eco_Warrior
835,5379,2.5658264277689877,Eco_Warrior
835,1408,3.4339862642898775,Eco_Warrior
835,2727,3.036265449122527,Eco_Warrior
835,4370,3.4992870893554806,Eco_Warrior
835,3624,3.342049475167565,Eco_Warrior
835,8471,2.7810152258996017,Eco_Warrior
835,8106,1.999322905772475,Eco_Warrior
835,4063,2.73850321699964,Eco_Warrior
835,3861,1.0013300883578058,Eco_Warrior
835,4420,3.030780980996945,Eco_Warrior
835,1589,3.2625733066414706,Eco_Warrior
835,8829,2.152515936678512,Eco_Warrior
835,8693,2.7594994339164476,Eco_Warrior
835,5577,3.4563779089963362,Eco_Warrior
835,7418,1.262022140797613,Eco_Warrior
835,6960,1.498333610248578,Eco_Warrior
835,5594,1.0,Eco_Warrior
835,5660,1.0,Eco_Warrior
835,351,1.0,Eco_Warrior
835,6459,2.6624846944102663,Eco_Warrior
835,3242,1.3548405600787645,Eco_Warrior
835,8026,3.3125540769537087,Eco_Warrior
835,8569,2.5471744046387674,Eco_Warrior
836,9813,2.154773728244693,Luxury_Boss
836,7627,2.256275955666359,Luxury_Boss
836,6193,2.4427363123105286,Luxury_Boss
836,7348,2.1555768599579768,Luxury_Boss
836,7168,2.4574133453389497,Luxury_Boss
836,8126,1.7379678588626333,Luxury_Boss
836,9686,1.7550050654786407,Luxury_Boss
836,8697,1.6777103882484798,Luxury_Boss
836,581,2.3501723901605454,Luxury_Boss
836,1077,4.555272453037118,Luxury_Boss
836,4088,3.982602200130009,Luxury_Boss
836,6377,1.9539742947619123,Luxury_Boss
836,7309,2.3597384391592877,Luxury_Boss
836,3901,2.029666916350496,Luxury_Boss
836,303,2.2181092670241984,Luxury_Boss
836,3346,3.329626770343876,Luxury_Boss
836,5234,3.979971275135176,Luxury_Boss
836,3701,1.7905103176533745,Luxury_Boss
836,4655,2.1475759906763,Luxury_Boss
836,9285,4.742534466787164,Luxury_Boss
837,2526,4.020327618172709,Family_Man
837,8352,5.0,Family_Man
837,9355,4.281374449048091,Family_Man
837,111,2.9528601708677176,Family_Man
837,9853,4.809255265158502,Family_Man
837,733,4.857286826862875,Family_Man
837,5677,3.4934358099662424,Family_Man
837,10183,4.953144416266868,Family_Man
837,2188,2.8302147153468695,Family_Man
837,10251,4.803701616003883,Family_Man
837,2217,4.119480109294401,Family_Man
837,1846,5.0,Family_Man
837,8072,5.0,Family_Man
837,8079,4.536418388604917,Family_Man
837,9411,4.020408557830899,Family_Man
837,4243,5.0,Family_Man
838,3789,1.8806393717610612,Speed_Racer
838,8663,3.1057100635391994,Speed_Racer
838,6044,3.2582374890056656,Speed_Racer
838,737,2.725531528944818,Speed_Racer
838,3911,2.659313005354824,Speed_Racer
838,2969,3.8746182569281378,Speed_Racer
838,7052,4.0470568618106055,Speed_Racer
838,5920,5.0,Speed_Racer
838,1620,2.8087603256700358,Speed_Racer
838,10168,3.888463273209144,Speed_Racer
838,4685,3.016336008392067,Speed_Racer
838,1989,4.068113995177351,Speed_Racer
838,7652,3.2127942305902133,Speed_Racer
838,905,5.0,Speed_Racer
838,7895,3.0063429540996243,Speed_Racer
838,45,3.2350041159880307,Speed_Racer
838,9063,2.323348394225475,Speed_Racer
838,498,2.3603225556050944,Speed_Racer
838,4523,2.352923757349431,Speed_Racer
838,6175,3.0182276953520883,Speed_Racer
838,8786,3.942585730086304,Speed_Racer
838,4150,3.5561816490665397,Speed_Racer
839,5855,4.62432439360064,Luxury_Boss
839,8866,2.30454780511516,Luxury_Boss
839,5742,1.7556248404177195,Luxury_Boss
839,8323,2.498350429419349,Luxury_Boss
839,2649,2.3792596146184044,Luxury_Boss
839,323,2.1602075651244883,Luxury_Boss
839,4197,2.135943088875643,Luxury_Boss
839,4558,2.832354680987167,Luxury_Boss
839,9823,5.0,Luxury_Boss
839,4012,2.4817846537978645,Luxury_Boss
839,4400,1.863827599503941,Luxury_Boss
839,961,4.621925836105785,Luxury_Boss
839,41,1.5372981332323978,Luxury_Boss
839,517,2.335138221409381,Luxury_Boss
839,7018,2.4681528676806055,Luxury_Boss
839,6754,2.1767140535250085,Luxury_Boss
839,4,2.19207468317847,Luxury_Boss
839,7717,2.503573606605346,Luxury_Boss
839,6104,2.4669741861989634,Luxury_Boss
839,6589,1.6361557337603414,Luxury_Boss
839,5955,2.2043181207487943,Luxury_Boss
840,1203,3.7239167757598493,Speed_Racer
840,9114,2.5026429906328285,Speed_Racer
840,1477,2.61563374168494,Speed_Racer
840,2386,2.6619941720034466,Speed_Racer
840,6167,5.0,Speed_Racer
840,3449,5.0,Speed_Racer
840,8500,3.872398390307945,Speed_Racer
840,9709,2.3533130303591228,Speed_Racer
840,3466,2.601165049516198,Speed_Racer
840,9781,2.229774887918476,Speed_Racer
840,2856,2.3375640508851205,Speed_Racer
840,2781,2.4025760259172158,Speed_Racer
840,4975,2.966230217414385,Speed_Racer
840,9205,2.990015764709597,Speed_Racer
840,5889,3.722337219228183,Speed_Racer
840,9145,2.608040489280266,Speed_Racer
840,7766,2.4713612645750507,Speed_Racer
840,4533,2.1936280250208933,Speed_Racer
840,9980,3.3016162245703393,Speed_Racer
841,5822,3.5188298764498303,Luxury_Boss
841,3581,1.8513305877889923,Luxury_Boss
841,3150,1.9472979943443525,Luxury_Boss
841,3279,1.6287054671453185,Luxury_Boss
841,9438,1.550669907401523,Luxury_Boss
841,2523,1.540226782011377,Luxury_Boss
841,3892,2.162796248838876,Luxury_Boss
841,9156,3.9008142360112483,Luxury_Boss
841,59,1.9583480655523022,Luxury_Boss
841,3939,3.2298311895066836,Luxury_Boss
841,4941,2.1736183471780843,Luxury_Boss
841,2854,1.9774659083427237,Luxury_Boss
841,8151,1.6853995116812222,Luxury_Boss
841,2909,1.9854664560485227,Luxury_Boss
841,5725,2.470007796259774,Luxury_Boss
841,3258,3.562942899840052,Luxury_Boss
841,7810,1.644363131399273,Luxury_Boss
841,3772,1.9877515431707706,Luxury_Boss
841,753,2.3394102247790896,Luxury_Boss
841,10230,2.1242387180564295,Luxury_Boss
842,1739,1.7307560853724526,Luxury_Boss
842,7287,2.2913191416819894,Luxury_Boss
842,8019,2.380138123991907,Luxury_Boss
842,2461,2.061703132520319,Luxury_Boss
842,3402,3.9149033422223867,Luxury_Boss
842,986,3.5812490598086404,Luxury_Boss
842,9730,1.5510837386083494,Luxury_Boss
842,8653,1.7810136201782627,Luxury_Boss
842,4017,1.993495425122605,Luxury_Boss
842,6198,3.84153548132769,Luxury_Boss
842,6431,2.287266695416046,Luxury_Boss
842,1605,1.6216544717298396,Luxury_Boss
842,3903,2.1732039501145373,Luxury_Boss
842,1196,2.810604701865486,Luxury_Boss
842,4309,3.1742360403122345,Luxury_Boss
842,8734,3.761140658158981,Luxury_Boss
842,10272,4.956324871448788,Luxury_Boss
842,9319,1.9837881868985,Luxury_Boss
842,5766,3.322344219187986,Luxury_Boss
842,3346,3.5502284492048246,Luxury_Boss
843,9989,5.0,Budget_Student
843,8483,2.896393128781287,Budget_Student
843,940,3.3650620139232794,Budget_Student
843,7372,2.6026991311207803,Budget_Student
843,4311,4.979198839773846,Budget_Student
843,2365,1.6530561838270585,Budget_Student
843,3534,1.8258065757329365,Budget_Student
843,8717,3.7028991853700686,Budget_Student
843,6730,3.881285902046096,Budget_Student
843,9122,5.0,Budget_Student
843,6143,3.302009564734342,Budget_Student
843,3182,5.0,Budget_Student
843,7735,3.8511792335350465,Budget_Student
843,6698,2.9066026372368556,Budget_Student
843,9189,5.0,Budget_Student
843,588,3.340577349778327,Budget_Student
843,8966,3.1632275459242085,Budget_Student
843,10249,4.809754758835069,Budget_Student
843,1371,3.1761372029915145,Budget_Student
843,3047,5.0,Budget_Student
843,5845,3.00003025290555,Budget_Student
843,8327,5.0,Budget_Student
843,503,5.0,Budget_Student
844,9694,2.777872787035176,Eco_Warrior
844,10290,2.797576314050346,Eco_Warrior
844,7870,2.3206325362192,Eco_Warrior
844,2631,2.6526449341393143,Eco_Warrior
844,4172,3.0600918876217915,Eco_Warrior
844,9162,3.309946835709683,Eco_Warrior
844,7980,2.9667937822336796,Eco_Warrior
844,2075,2.714964083686519,Eco_Warrior
844,9469,1.0,Eco_Warrior
844,9624,2.7290763165840732,Eco_Warrior
844,5933,2.7553119446672163,Eco_Warrior
844,4178,2.9254746864011825,Eco_Warrior
844,10134,2.7968636698727836,Eco_Warrior
844,8787,2.5320463454235576,Eco_Warrior
844,10243,2.2052258543811263,Eco_Warrior
844,6856,2.654357583933811,Eco_Warrior
844,8371,2.6150764952838257,Eco_Warrior
844,6677,1.0,Eco_Warrior
844,3709,2.779354147592561,Eco_Warrior
844,5583,4.374202931237256,Eco_Warrior
844,3935,2.7403023688426975,Eco_Warrior
844,677,2.733528623526155,Eco_Warrior
844,662,3.234608786983206,Eco_Warrior
845,3772,1.608406162938306,Eco_Warrior
845,9138,3.3388631992169757,Eco_Warrior
845,4661,1.255325139056521,Eco_Warrior
845,8995,1.3706226399137642,Eco_Warrior
845,8493,3.017941647673262,Eco_Warrior
845,271,2.6607028886471653,Eco_Warrior
845,5323,1.352696092785296,Eco_Warrior
845,7105,2.6026645985069017,Eco_Warrior
845,9658,2.8051416221289482,Eco_Warrior
845,8899,1.4706278300161955,Eco_Warrior
845,8706,2.722205095639678,Eco_Warrior
845,1831,1.1868978498706486,Eco_Warrior
845,87,1.3578762055494273,Eco_Warrior
845,965,1.116794010973954,Eco_Warrior
845,7770,3.1603089335431216,Eco_Warrior
845,10203,3.4413773403986423,Eco_Warrior
845,10228,1.0527564226037116,Eco_Warrior
845,6029,3.2976523057889553,Eco_Warrior
845,4344,1.0,Eco_Warrior
846,3751,2.622419567414922,Speed_Racer
846,5087,3.6545763418388413,Speed_Racer
846,10015,2.2320837209575317,Speed_Racer
846,9320,3.4425269515727477,Speed_Racer
846,10106,3.1599736556873395,Speed_Racer
846,9945,3.322013292608501,Speed_Racer
846,8978,2.823606569894603,Speed_Racer
846,8097,2.384769620118782,Speed_Racer
846,4477,4.692803394343294,Speed_Racer
846,5761,2.9823517368900263,Speed_Racer
846,165,5.0,Speed_Racer
846,35,4.203403828961817,Speed_Racer
846,2180,2.2222769017755706,Speed_Racer
846,8177,2.8518259701180897,Speed_Racer
846,6658,2.7270843961927502,Speed_Racer
846,8822,2.8930735132011094,Speed_Racer
846,457,3.892530290706873,Speed_Racer
847,4065,1.0,Eco_Warrior
847,6320,3.19092654780603,Eco_Warrior
847,654,3.2482830268441933,Eco_Warrior
847,873,2.285796290274025,Eco_Warrior
847,4763,1.212471220486579,Eco_Warrior
847,2302,2.8326832425318313,Eco_Warrior
847,6308,1.044345164432003,Eco_Warrior
847,3969,1.3247200742293983,Eco_Warrior
847,10067,1.4475666491961796,Eco_Warrior
847,437,3.1354737771248353,Eco_Warrior
847,1182,2.437267803612143,Eco_Warrior
847,6363,3.4288426565518746,Eco_Warrior
847,4244,1.0,Eco_Warrior
847,4620,1.381986353803103,Eco_Warrior
847,6314,1.18705569804595,Eco_Warrior
847,1931,3.3871797819045986,Eco_Warrior
847,5516,2.614899986861089,Eco_Warrior
847,7682,1.354531465496064,Eco_Warrior
847,1234,1.0,Eco_Warrior
847,10060,2.977296625519383,Eco_Warrior
847,4443,2.2397964656927174,Eco_Warrior
847,9983,2.868419853565646,Eco_Warrior
847,4913,3.193002250638772,Eco_Warrior
847,7068,2.0807422319853486,Eco_Warrior
848,7503,2.2555410774199642,Luxury_Boss
848,2927,1.9922092189306466,Luxury_Boss
848,3861,1.7863318366917724,Luxury_Boss
848,8343,1.9041817906818863,Luxury_Boss
848,10187,1.560665213316624,Luxury_Boss
848,452,1.7547218302384624,Luxury_Boss
848,1672,2.408659777837351,Luxury_Boss
848,4862,1.6972111412939457,Luxury_Boss
848,9553,2.2980111147753024,Luxury_Boss
848,6897,1.6332482366784238,Luxury_Boss
848,2963,2.2945517872588823,Luxury_Boss
848,8077,1.8035070610747903,Luxury_Boss
848,8461,2.21216868171381,Luxury_Boss
848,6620,5.0,Luxury_Boss
848,5998,1.6740770033476677,Luxury_Boss
848,5201,1.988622554775778,Luxury_Boss
848,7837,2.3521425597559316,Luxury_Boss
848,4133,2.043534426546838,Luxury_Boss
848,4751,1.5923353136700134,Luxury_Boss
848,4729,2.1368611600239262,Luxury_Boss
848,7070,3.53723090305569,Luxury_Boss
848,7280,2.911115122208546,Luxury_Boss
849,7705,5.0,Budget_Student
849,9656,5.0,Budget_Student
849,2397,3.3546495936568608,Budget_Student
849,3391,5.0,Budget_Student
849,10211,3.321028001690403,Budget_Student
849,3238,2.5914092996301026,Budget_Student
849,8065,3.9136806394803085,Budget_Student
849,9184,2.8602358374535406,Budget_Student
849,7308,1.0,Budget_Student
849,2171,5.0,Budget_Student
849,6826,3.426822390421563,Budget_Student
849,7958,5.0,Budget_Student
849,2840,3.0963367009258524,Budget_Student
849,2195,2.9601213325221654,Budget_Student
849,3547,4.585405417676579,Budget_Student
849,373,2.5866014802899877,Budget_Student
849,8303,3.1159006694944265,Budget_Student
849,9204,5.0,Budget_Student
849,2248,3.997857834469781,Budget_Student
849,3507,5.0,Budget_Student
849,617,5.0,Budget_Student
849,2356,4.810635713201581,Budget_Student
849,5984,3.1156281967284993,Budget_Student
849,3895,3.5253049513581916,Budget_Student
850,8497,1.0815367692760756,Eco_Warrior
850,9529,2.590120856060593,Eco_Warrior
850,7337,1.1757531490139979,Eco_Warrior
850,7664,2.554026841327406,Eco_Warrior
850,2923,3.3512919343552263,Eco_Warrior
850,5463,1.1036572163188572,Eco_Warrior
850,1991,1.330255817987772,Eco_Warrior
850,315,1.4745617204516517,Eco_Warrior
850,6806,1.0,Eco_Warrior
850,2152,2.5899124861202423,Eco_Warrior
850,999,1.0,Eco_Warrior
850,699,2.9382369544226674,Eco_Warrior
850,6502,2.8053833154931778,Eco_Warrior
850,2555,2.5369392051832738,Eco_Warrior
850,13,3.0621528511879097,Eco_Warrior
850,6523,1.9654415126667888,Eco_Warrior
850,1619,2.784788968449444,Eco_Warrior
850,9617,1.6298609669974224,Eco_Warrior
850,556,3.3596811596757163,Eco_Warrior
851,6266,2.31275097583572,Luxury_Boss
851,8665,1.845528000199701,Luxury_Boss
851,9403,2.242319386516242,Luxury_Boss
851,9029,2.3111806151877277,Luxury_Boss
851,5713,4.828656515460684,Luxury_Boss
851,6493,1.8908457021749314,Luxury_Boss
851,9748,1.8978760996821489,Luxury_Boss
851,850,2.3667256434781825,Luxury_Boss
851,8125,1.6597774454644991,Luxury_Boss
851,4227,2.539059940575552,Luxury_Boss
851,5702,4.0750662348508815,Luxury_Boss
851,2208,3.8950603739552685,Luxury_Boss
851,2256,1.6526273275693015,Luxury_Boss
851,2157,2.4636716236199665,Luxury_Boss
851,704,1.681028827334492,Luxury_Boss
851,7136,1.6529131992508022,Luxury_Boss
851,8090,3.6687571942359742,Luxury_Boss
851,6777,1.8424074453916197,Luxury_Boss
851,1356,4.614401704111873,Luxury_Boss
851,7600,2.4704681954986043,Luxury_Boss
851,227,2.301914670596884,Luxury_Boss
852,9762,2.0743209185499834,Luxury_Boss
852,6748,2.705955900364188,Luxury_Boss
852,9881,4.060150531746725,Luxury_Boss
852,4290,2.3163573464346756,Luxury_Boss
852,8577,2.086841872830579,Luxury_Boss
852,4890,1.691847736404371,Luxury_Boss
852,2445,2.0013404088343822,Luxury_Boss
852,2527,3.212800674078855,Luxury_Boss
852,6324,1.964786509499696,Luxury_Boss
852,1171,2.3255255522708507,Luxury_Boss
852,7238,1.6581990295356024,Luxury_Boss
852,2193,2.141654351395779,Luxury_Boss
852,1820,2.0460145294563326,Luxury_Boss
852,4234,3.8690882180001145,Luxury_Boss
852,3116,2.1698402932507,Luxury_Boss
852,936,2.4593018886369302,Luxury_Boss
852,1467,1.8574364138116133,Luxury_Boss
853,4502,2.6397742154320336,Eco_Warrior
853,3954,2.9348797683536754,Eco_Warrior
853,1743,3.4676830295707486,Eco_Warrior
853,5855,1.0,Eco_Warrior
853,4257,2.963796951102161,Eco_Warrior
853,1496,1.0,Eco_Warrior
853,7933,3.481203869797185,Eco_Warrior
853,7981,1.3623873161794595,Eco_Warrior
853,3603,3.0822666977188735,Eco_Warrior
853,3738,2.5565774299106856,Eco_Warrior
853,2600,3.2887544190912874,Eco_Warrior
853,10079,1.0,Eco_Warrior
853,5579,3.0643440761881395,Eco_Warrior
853,2188,2.1950910365659384,Eco_Warrior
853,7458,2.6361520132592777,Eco_Warrior
853,2082,1.0,Eco_Warrior
853,893,3.011762077602663,Eco_Warrior
853,3552,3.320911270074139,Eco_Warrior
853,5507,1.0720974625930455,Eco_Warrior
853,5475,1.0,Eco_Warrior
853,7566,2.661461505596515,Eco_Warrior
854,1293,2.6258530850334236,Speed_Racer
854,10042,3.8250668632935545,Speed_Racer
854,4920,2.281866812645688,Speed_Racer
854,9846,3.9270924704257046,Speed_Racer
854,8110,2.1168940992777534,Speed_Racer
854,8001,5.0,Speed_Racer
854,19,2.1904640535181885,Speed_Racer
854,2923,3.058940022459273,Speed_Racer
854,4774,5.0,Speed_Racer
854,4489,1.5434679771394761,Speed_Racer
854,2558,2.789509271504553,Speed_Racer
854,9801,3.8507090382330995,Speed_Racer
854,7457,3.9040973119634743,Speed_Racer
854,5137,1.9658309053452143,Speed_Racer
854,1144,3.2448285973912823,Speed_Racer
854,6906,5.0,Speed_Racer
854,1643,2.933697370454439,Speed_Racer
854,6422,2.8404346048430753,Speed_Racer
854,2365,5.0,Speed_Racer
854,9726,3.7162232384331615,Speed_Racer
854,1132,5.0,Speed_Racer
854,5282,3.4807403352841932,Speed_Racer
854,1735,5.0,Speed_Racer
854,4081,3.461202476164507,Speed_Racer
855,242,3.3374194296456947,Budget_Student
855,5267,3.1276827516249974,Budget_Student
855,4200,3.711076668222131,Budget_Student
855,7138,1.0,Budget_Student
855,2566,2.6269701230962914,Budget_Student
855,1165,5.0,Budget_Student
855,9401,3.2244836330863365,Budget_Student
855,4496,4.252121089409876,Budget_Student
855,5845,3.5561214175641207,Budget_Student
855,9227,3.6377123160397087,Budget_Student
855,3330,5.0,Budget_Student
855,6118,5.0,Budget_Student
855,8372,3.099037982953226,Budget_Student
855,9041,3.7241542700087766,Budget_Student
855,6150,4.746725308173763,Budget_Student
855,1109,3.4930921768543697,Budget_Student
855,5391,3.8530084590908404,Budget_Student
855,130,3.1246921447863265,Budget_Student
855,2462,4.66933671706508,Budget_Student
855,2723,3.884951794579771,Budget_Student
856,5669,1.0,Eco_Warrior
856,4585,3.1563802010760633,Eco_Warrior
856,3302,2.924835532668602,Eco_Warrior
856,8639,2.401145790675917,Eco_Warrior
856,4634,1.395793755430486,Eco_Warrior
856,2181,2.1738564108960796,Eco_Warrior
856,5430,2.6585188150709906,Eco_Warrior
856,4699,1.3850846623248154,Eco_Warrior
856,4763,1.0,Eco_Warrior
856,379,2.8797314776264864,Eco_Warrior
856,7486,1.4848098279199717,Eco_Warrior
856,8027,3.245370686319858,Eco_Warrior
856,5069,2.632228190447717,Eco_Warrior
856,2364,1.4865927550291858,Eco_Warrior
856,2964,3.4881323788054557,Eco_Warrior
856,9474,2.849770019166547,Eco_Warrior
856,7351,3.449895353244375,Eco_Warrior
856,23,2.9975307558626145,Eco_Warrior
856,4848,1.2453733641135003,Eco_Warrior
856,580,3.0670909036819483,Eco_Warrior
857,793,1.5842908300438272,Luxury_Boss
857,172,3.84252878249802,Luxury_Boss
857,7796,1.7721623426818731,Luxury_Boss
857,6889,1.6867994568106148,Luxury_Boss
857,1798,2.1842095937564965,Luxury_Boss
857,3416,1.9265465327166793,Luxury_Boss
857,343,4.831833758434758,Luxury_Boss
857,7200,1.5266599406755268,Luxury_Boss
857,8833,1.6027934195830307,Luxury_Boss
857,8958,1.5004559977182685,Luxury_Boss
857,9818,2.4267632194128,Luxury_Boss
857,363,1.8581534708705578,Luxury_Boss
857,1900,2.0489954669604358,Luxury_Boss
857,9905,2.2881358351727323,Luxury_Boss
857,4323,2.4743459927286318,Luxury_Boss
857,10037,2.495601995411829,Luxury_Boss
857,8757,4.338474082028942,Luxury_Boss
857,1001,2.044219100671851,Luxury_Boss
857,9164,3.9412763449434656,Luxury_Boss
857,5571,1.50713692423004,Luxury_Boss
857,4964,2.1917753053630054,Luxury_Boss
858,6130,2.07896174465973,Luxury_Boss
858,1031,1.5467819407187124,Luxury_Boss
858,2477,2.2559255322558824,Luxury_Boss
858,5037,1.6353476491134498,Luxury_Boss
858,1408,2.462360126771252,Luxury_Boss
858,4201,2.45383584414463,Luxury_Boss
858,3710,3.2878863683830892,Luxury_Boss
858,3832,2.619138350062867,Luxury_Boss
858,2409,2.8937923985583125,Luxury_Boss
858,8945,2.4491441002125534,Luxury_Boss
858,3579,2.397377153632157,Luxury_Boss
858,6242,2.015595912716821,Luxury_Boss
858,2682,3.147218593418483,Luxury_Boss
858,10150,1.8712033299037967,Luxury_Boss
858,9186,2.184681294808172,Luxury_Boss
858,234,2.1210283894608803,Luxury_Boss
858,2268,1.682562093022883,Luxury_Boss
858,7654,2.2031828941583713,Luxury_Boss
859,5153,2.0243806126335526,Luxury_Boss
859,4278,2.1795748142204134,Luxury_Boss
859,1922,3.650416188233942,Luxury_Boss
859,6405,4.710016990134891,Luxury_Boss
859,6027,1.7365580035978203,Luxury_Boss
859,1109,3.913794927805357,Luxury_Boss
859,5671,1.5884178963830715,Luxury_Boss
859,272,2.1013110517255056,Luxury_Boss
859,932,2.9039587645434315,Luxury_Boss
859,8644,1.6298992317234233,Luxury_Boss
859,8515,1.7723385269099543,Luxury_Boss
859,5375,4.970499341621336,Luxury_Boss
859,309,1.8019467004839567,Luxury_Boss
859,6341,2.069904660762895,Luxury_Boss
859,2958,1.9664665584834236,Luxury_Boss
859,6860,1.9926067417775402,Luxury_Boss
859,1040,1.830218256678093,Luxury_Boss
859,2188,3.519685581745889,Luxury_Boss
859,7044,2.427324061312416,Luxury_Boss
859,5307,3.401515934098014,Luxury_Boss
859,5876,2.1843491199806637,Luxury_Boss
859,7124,2.0821798572178905,Luxury_Boss
859,4647,3.024611415420484,Luxury_Boss
860,3325,1.0,Eco_Warrior
860,5849,1.0,Eco_Warrior
860,918,1.5790955861453018,Eco_Warrior
860,3247,2.0446592591090464,Eco_Warrior
860,3091,1.0,Eco_Warrior
860,4816,1.0,Eco_Warrior
860,5022,1.5936642520545756,Eco_Warrior
860,7450,2.932994559858405,Eco_Warrior
860,1218,2.611905584519763,Eco_Warrior
860,8449,3.214895785049367,Eco_Warrior
860,8638,2.8517628399265633,Eco_Warrior
860,373,1.3480664338195005,Eco_Warrior
860,10125,2.831189564558768,Eco_Warrior
860,2965,2.932469354870932,Eco_Warrior
860,4278,2.6632108662925114,Eco_Warrior
860,2680,2.9579737881202517,Eco_Warrior
860,4025,3.2063201714918796,Eco_Warrior
860,3179,3.2018191393493733,Eco_Warrior
860,1070,2.732823315776967,Eco_Warrior
860,9991,2.2849738889551894,Eco_Warrior
860,9631,1.0,Eco_Warrior
860,4981,1.355426670266295,Eco_Warrior
861,8465,3.8069702000746313,Family_Man
861,1291,5.0,Family_Man
861,2978,3.021060039604496,Family_Man
861,9945,4.189196044681627,Family_Man
861,3268,4.972653993416363,Family_Man
861,2233,5.0,Family_Man
861,5178,5.0,Family_Man
861,5413,5.0,Family_Man
861,2505,5.0,Family_Man
861,7267,4.65688093143094,Family_Man
861,9197,3.5106299732128723,Family_Man
861,7567,5.0,Family_Man
861,9244,4.006436055680485,Family_Man
861,5961,5.0,Family_Man
861,1968,1.86401128512502,Family_Man
861,6649,4.704606885542217,Family_Man
861,1872,5.0,Family_Man
861,1743,3.0481673720102838,Family_Man
861,9258,3.865540551616381,Family_Man
861,1908,4.83657079763787,Family_Man
861,3482,4.105664925202602,Family_Man
861,6314,4.798827176521055,Family_Man
862,6648,3.0764302716641687,Family_Man
862,2263,4.069845952553922,Family_Man
862,6948,5.0,Family_Man
862,915,3.9115155901221135,Family_Man
862,1274,5.0,Family_Man
862,1077,3.8011060031559847,Family_Man
862,7527,4.632157748144534,Family_Man
862,5126,3.558770889181228,Family_Man
862,1934,4.138928071832436,Family_Man
862,7272,4.361185127680038,Family_Man
862,4388,3.4908886365209058,Family_Man
862,5753,4.519096882826892,Family_Man
862,9597,4.962661470350667,Family_Man
862,6695,1.5230922336797243,Family_Man
862,8817,3.0689680752074517,Family_Man
862,7809,4.738315061515384,Family_Man
862,10137,4.364661244263065,Family_Man
862,7493,4.444994522258033,Family_Man
862,4914,5.0,Family_Man
862,1255,5.0,Family_Man
863,8680,4.545607800025276,Budget_Student
863,4263,4.876050252915093,Budget_Student
863,1782,4.777291182277185,Budget_Student
863,8375,1.4726618872726136,Budget_Student
863,7547,3.0170792683754013,Budget_Student
863,10032,2.6879058665435887,Budget_Student
863,2797,2.668345890680641,Budget_Student
863,7164,5.0,Budget_Student
863,6074,3.6910807225972952,Budget_Student
863,1823,3.537401498125461,Budget_Student
863,9248,2.7689206882867055,Budget_Student
863,6827,1.452550716766905,Budget_Student
863,973,3.061933576768725,Budget_Student
863,3189,3.169065002022736,Budget_Student
863,8512,4.129520599242998,Budget_Student
863,8635,3.3257349356522257,Budget_Student
863,8186,3.949506957284321,Budget_Student
863,9148,5.0,Budget_Student
863,3519,5.0,Budget_Student
863,9786,3.4687569833840124,Budget_Student
863,653,3.044646038895806,Budget_Student
863,2512,5.0,Budget_Student
863,5029,3.1288374317884475,Budget_Student
864,125,2.6731134560137235,Speed_Racer
864,3491,2.130432507873933,Speed_Racer
864,2785,3.3170950254357026,Speed_Racer
864,6602,3.3574691569238473,Speed_Racer
864,1095,2.495705103437818,Speed_Racer
864,5465,3.0624794169493144,Speed_Racer
864,8811,3.7854713114447924,Speed_Racer
864,4623,5.0,Speed_Racer
864,9884,2.5528894898449357,Speed_Racer
864,6986,3.4688433347717247,Speed_Racer
864,8860,2.9317236729613163,Speed_Racer
864,6346,2.921955449882638,Speed_Racer
864,7656,4.766500218254178,Speed_Racer
864,1552,2.3859130186702138,Speed_Racer
864,4028,3.1777850360590536,Speed_Racer
864,4765,3.172940237684815,Speed_Racer
864,4197,2.3045934816548077,Speed_Racer
864,130,2.2491378579350516,Speed_Racer
864,5760,2.6961211656505766,Speed_Racer
864,7387,2.1711555328151118,Speed_Racer
864,8624,5.0,Speed_Racer
864,2951,3.1878368291976575,Speed_Racer
864,8155,4.309114789074779,Speed_Racer
865,10116,4.9425028740955135,Budget_Student
865,8461,4.107314308395448,Budget_Student
865,2484,5.0,Budget_Student
865,3031,2.721351479946193,Budget_Student
865,444,3.692746424850057,Budget_Student
865,3087,4.9418685060601515,Budget_Student
865,9786,3.244356655556701,Budget_Student
865,8690,4.931814738138804,Budget_Student
865,5858,5.0,Budget_Student
865,3576,3.7847131796436377,Budget_Student
865,5447,3.556255964898994,Budget_Student
865,1759,3.2458840551048995,Budget_Student
865,6410,5.0,Budget_Student
865,7663,3.457747188974838,Budget_Student
865,6460,3.50054406519412,Budget_Student
865,3118,3.6361206261513543,Budget_Student
865,2268,5.0,Budget_Student
865,27,1.7246006611592517,Budget_Student
865,4257,3.4159709227214643,Budget_Student
865,6222,4.829941543334814,Budget_Student
865,661,4.967925763211478,Budget_Student
865,35,3.500541308864872,Budget_Student
866,7273,2.3251031732332823,Luxury_Boss
866,2820,2.0057887823088176,Luxury_Boss
866,5406,2.1187133164809095,Luxury_Boss
866,5505,5.0,Luxury_Boss
866,10241,2.1688104003995092,Luxury_Boss
866,3075,3.50943772154098,Luxury_Boss
866,2395,1.804487585943487,Luxury_Boss
866,8927,2.0213794740201134,Luxury_Boss
866,2923,1.6355083955635648,Luxury_Boss
866,7274,2.0542327933610594,Luxury_Boss
866,3511,4.405354425951911,Luxury_Boss
866,9831,2.4001908434652615,Luxury_Boss
866,2330,2.449556034494528,Luxury_Boss
866,1045,2.3187757224514223,Luxury_Boss
866,294,2.595673611588598,Luxury_Boss
866,9648,2.0322217117611165,Luxury_Boss
866,1560,3.711020879199169,Luxury_Boss
866,7049,2.1307262312866824,Luxury_Boss
866,9842,2.0496299685564767,Luxury_Boss
866,1204,2.065785007215256,Luxury_Boss
866,1185,1.913197288883715,Luxury_Boss
866,5544,2.739735481631604,Luxury_Boss
867,4781,2.914227127476323,Budget_Student
867,1468,3.2765047664772324,Budget_Student
867,6080,3.828842428961916,Budget_Student
867,4889,3.010996777853593,Budget_Student
867,772,2.6064656326540216,Budget_Student
867,7337,2.580535215474478,Budget_Student
867,2129,2.5301176830501118,Budget_Student
867,579,5.0,Budget_Student
867,8559,1.7869403014273928,Budget_Student
867,10070,2.533792719529385,Budget_Student
867,1099,5.0,Budget_Student
867,3821,3.470276754093454,Budget_Student
867,8833,3.2411933175413594,Budget_Student
867,2527,1.534010428536241,Budget_Student
867,9181,3.7432214584403543,Budget_Student
867,1565,3.6338121721036516,Budget_Student
867,9868,3.0762379093599534,Budget_Student
867,2375,3.174423284443129,Budget_Student
867,7237,5.0,Budget_Student
867,7510,2.50489131253887,Budget_Student
867,9758,3.2330023413194486,Budget_Student
867,4758,3.213932174150768,Budget_Student
867,7154,2.7543936615318225,Budget_Student
867,10169,5.0,Budget_Student
868,4999,2.5270569043158444,Budget_Student
868,8190,1.5218887871013904,Budget_Student
868,5372,2.871524369058637,Budget_Student
868,5203,3.305053376855584,Budget_Student
868,2249,5.0,Budget_Student
868,5113,3.51510870774611,Budget_Student
868,7963,3.768413558084714,Budget_Student
868,4733,3.2197374372429586,Budget_Student
868,1995,3.4414145121444024,Budget_Student
868,8289,4.555821564381228,Budget_Student
868,4084,3.9572679547837146,Budget_Student
868,7298,4.894490134043191,Budget_Student
868,10081,3.308187018594625,Budget_Student
868,1078,5.0,Budget_Student
868,1236,5.0,Budget_Student
868,2490,3.405797455176971,Budget_Student
868,2909,3.3882942785245,Budget_Student
868,7634,3.7484087442118743,Budget_Student
869,4811,2.7908862175715985,Eco_Warrior
869,608,1.770749708822325,Eco_Warrior
869,9118,2.208044684107589,Eco_Warrior
869,1947,2.6147946366439325,Eco_Warrior
869,6147,1.169007807347576,Eco_Warrior
869,7476,3.1591752345114297,Eco_Warrior
869,163,2.9951018736449297,Eco_Warrior
869,109,1.0,Eco_Warrior
869,5950,3.0972494660830248,Eco_Warrior
869,9527,3.3901539610345064,Eco_Warrior
869,7582,3.266099138750599,Eco_Warrior
869,9000,1.2567102160548407,Eco_Warrior
869,6874,1.0,Eco_Warrior
869,1392,2.5442913164568703,Eco_Warrior
869,763,2.8038326414571166,Eco_Warrior
869,8837,2.688555786204088,Eco_Warrior
869,3729,1.0,Eco_Warrior
869,4853,1.2758181191006406,Eco_Warrior
869,6755,2.8580636733946907,Eco_Warrior
869,9278,3.2589908408434285,Eco_Warrior
869,2190,1.3511392598279284,Eco_Warrior
869,2429,1.0,Eco_Warrior
869,994,3.318914250875632,Eco_Warrior
869,4579,2.8285599601398337,Eco_Warrior
870,5503,4.937308745060856,Family_Man
870,7077,3.9481600463192263,Family_Man
870,1760,3.5060744476868577,Family_Man
870,6825,5.0,Family_Man
870,38,4.768560630560121,Family_Man
870,6468,4.13914440589379,Family_Man
870,3439,3.5703120605190417,Family_Man
870,8545,4.977905399512991,Family_Man
870,7482,4.358818378440647,Family_Man
870,217,3.3820352791531705,Family_Man
870,7258,3.3460825589071317,Family_Man
870,6042,3.2557791206632087,Family_Man
870,3177,5.0,Family_Man
870,6208,4.804967612023311,Family_Man
870,8884,5.0,Family_Man
870,4862,5.0,Family_Man
870,6683,3.305603371360406,Family_Man
870,5630,3.8645903694426726,Family_Man
870,6696,4.637776085478412,Family_Man
871,4606,2.7507044687893574,Budget_Student
871,7119,3.1038444182990537,Budget_Student
871,845,1.6305163963492815,Budget_Student
871,7262,3.1567906896725533,Budget_Student
871,9740,5.0,Budget_Student
871,8346,3.799413278576689,Budget_Student
871,537,1.4514647628460018,Budget_Student
871,8498,3.2325378870978962,Budget_Student
871,837,5.0,Budget_Student
871,1147,4.42549121333645,Budget_Student
871,7308,1.0,Budget_Student
871,1095,3.319409018257174,Budget_Student
871,481,3.7500729056232482,Budget_Student
871,3354,3.884066111705167,Budget_Student
871,10186,3.949783613204158,Budget_Student
871,5534,3.0082070966395853,Budget_Student
871,7365,3.6703437633820846,Budget_Student
871,1645,3.2289327342559995,Budget_Student
871,2258,4.754210094297521,Budget_Student
871,6883,3.7475161989624843,Budget_Student
871,7343,5.0,Budget_Student
871,10290,4.785633129133707,Budget_Student
871,3628,3.4288552319362298,Budget_Student
872,5855,1.0,Budget_Student
872,7286,3.4939678505438265,Budget_Student
872,5823,5.0,Budget_Student
872,8455,4.02110219320865,Budget_Student
872,9307,3.424447364833952,Budget_Student
872,4071,1.768597280639474,Budget_Student
872,7412,2.717410637676727,Budget_Student
872,7998,3.708591675651296,Budget_Student
872,789,3.579491043859028,Budget_Student
872,4166,3.4520095580555386,Budget_Student
872,5638,5.0,Budget_Student
872,6385,5.0,Budget_Student
872,1605,2.679486671159302,Budget_Student
872,1119,3.4627037257542863,Budget_Student
872,693,2.8623342180589293,Budget_Student
872,9986,2.5705854498850016,Budget_Student
872,10277,2.886496504088254,Budget_Student
872,9113,1.6439444983473244,Budget_Student
872,2859,4.576563248723786,Budget_Student
872,3236,3.2799721948650733,Budget_Student
872,1567,3.8005226645621333,Budget_Student
872,9483,3.815362157626616,Budget_Student
872,5933,3.2029610497935046,Budget_Student
872,4043,3.3641955077509973,Budget_Student
873,2409,2.2451506999147246,Luxury_Boss
873,6458,1.9188213848348004,Luxury_Boss
873,8894,2.1803649950225052,Luxury_Boss
873,2846,1.6407979151689098,Luxury_Boss
873,3470,2.425611250614017,Luxury_Boss
873,9957,2.075755728011081,Luxury_Boss
873,462,2.2725988021319843,Luxury_Boss
873,7725,2.9201076054212733,Luxury_Boss
873,1492,1.6194882067242995,Luxury_Boss
873,7353,2.912391726752127,Luxury_Boss
873,8106,2.4416494306506777,Luxury_Boss
873,5040,3.6249009661516904,Luxury_Boss
873,8792,2.38449613017102,Luxury_Boss
873,5376,3.4315151369786037,Luxury_Boss
873,2290,3.6054350363061136,Luxury_Boss
873,8382,1.7778084772148088,Luxury_Boss
873,2548,2.4059889898017013,Luxury_Boss
874,2480,5.0,Family_Man
874,637,4.31354276687663,Family_Man
874,9323,5.0,Family_Man
874,3863,4.039024125756472,Family_Man
874,485,3.694687278893848,Family_Man
874,7670,3.3392410551497993,Family_Man
874,5972,3.7298002038917533,Family_Man
874,3875,5.0,Family_Man
874,5534,3.5678628078059855,Family_Man
874,5337,4.7284873841142865,Family_Man
874,9336,5.0,Family_Man
874,6094,5.0,Family_Man
874,659,4.427130982837984,Family_Man
874,4922,4.465900477188664,Family_Man
874,903,4.3142737715514485,Family_Man
874,10004,4.34114489646767,Family_Man
874,8198,5.0,Family_Man
874,675,3.5253102695782452,Family_Man
874,6942,5.0,Family_Man
874,1115,3.218634981224706,Family_Man
875,8076,5.0,Budget_Student
875,3109,4.443384256083061,Budget_Student
875,2197,3.696330460757401,Budget_Student
875,10069,5.0,Budget_Student
875,4950,3.471329969840176,Budget_Student
875,9496,2.7528345795288103,Budget_Student
875,3136,2.5298606632300347,Budget_Student
875,9943,5.0,Budget_Student
875,7699,3.311523894814542,Budget_Student
875,10233,2.5997842598810053,Budget_Student
875,180,2.7441530317996943,Budget_Student
875,6656,2.6774287633543175,Budget_Student
875,5765,2.8229188925493114,Budget_Student
875,4034,4.496961866271119,Budget_Student
875,8704,5.0,Budget_Student
875,4770,3.4899837545748937,Budget_Student
875,4277,3.042825485950641,Budget_Student
875,8623,1.8362436996076077,Budget_Student
875,3842,2.559316075928524,Budget_Student
875,9442,2.617136189665124,Budget_Student
876,6467,2.9220180339316695,Speed_Racer
876,4507,3.906900197720417,Speed_Racer
876,8832,4.733890150916398,Speed_Racer
876,7504,2.3297471894348454,Speed_Racer
876,6366,3.3595020745162016,Speed_Racer
876,5823,3.815662486416676,Speed_Racer
876,6142,2.0802599194836944,Speed_Racer
876,9003,4.29357626076129,Speed_Racer
876,1457,5.0,Speed_Racer
876,1742,3.5920134991994113,Speed_Racer
876,4002,2.9710720781287394,Speed_Racer
876,3184,3.7328267401290756,Speed_Racer
876,2916,2.1811552153180274,Speed_Racer
876,261,3.794416270475563,Speed_Racer
876,7180,4.5994658789370675,Speed_Racer
876,7862,3.4185357679272688,Speed_Racer
876,9579,3.286944745752079,Speed_Racer
877,7113,1.6341964658933512,Luxury_Boss
877,7840,1.9111987962933696,Luxury_Boss
877,637,2.3091634058839916,Luxury_Boss
877,6990,4.480685392814349,Luxury_Boss
877,786,4.127051509403041,Luxury_Boss
877,7209,1.8893058200652932,Luxury_Boss
877,9240,1.5064168241552849,Luxury_Boss
877,8487,1.9895110922187649,Luxury_Boss
877,3033,2.090441584134162,Luxury_Boss
877,5643,2.1586628007070985,Luxury_Boss
877,2924,3.812700107136,Luxury_Boss
877,5277,1.6655814916246947,Luxury_Boss
877,6958,4.010275815651604,Luxury_Boss
877,10273,2.20757935051697,Luxury_Boss
877,8175,1.888429049723109,Luxury_Boss
877,4099,1.7173695143673777,Luxury_Boss
877,4414,2.138061341460681,Luxury_Boss
877,3110,3.25575777505538,Luxury_Boss
877,3342,3.0555405443527213,Luxury_Boss
877,9183,2.230589197842047,Luxury_Boss
877,8925,2.2134756573682544,Luxury_Boss
877,343,5.0,Luxury_Boss
877,6872,3.7545243812109037,Luxury_Boss
877,8759,3.4818461487213788,Luxury_Boss
878,6994,1.8143220759356478,Luxury_Boss
878,8869,2.31852683323959,Luxury_Boss
878,1600,2.3731588202497056,Luxury_Boss
878,5852,2.163407284343551,Luxury_Boss
878,3802,4.757959016966238,Luxury_Boss
878,9005,1.6735322727506547,Luxury_Boss
878,8883,3.811273788775161,Luxury_Boss
878,4398,4.570777836713546,Luxury_Boss
878,5995,2.0693887504326005,Luxury_Boss
878,2618,1.561572238325302,Luxury_Boss
878,10092,1.7244948931568405,Luxury_Boss
878,6619,2.110287207528999,Luxury_Boss
878,2205,2.4441177677268247,Luxury_Boss
878,5058,1.5858949539961729,Luxury_Boss
878,515,2.4987300099358647,Luxury_Boss
878,1588,1.5304073846177062,Luxury_Boss
878,4178,1.7137320765309596,Luxury_Boss
878,4536,3.0607182666300243,Luxury_Boss
878,5847,5.0,Luxury_Boss
878,312,2.08446788868231,Luxury_Boss
879,2017,2.5765155647693145,Eco_Warrior
879,6901,2.9228574288188707,Eco_Warrior
879,3663,2.8902072570137283,Eco_Warrior
879,1999,3.1252347676886334,Eco_Warrior
879,5852,2.7222812624537194,Eco_Warrior
879,9063,3.223572866743115,Eco_Warrior
879,2135,1.1073447102361786,Eco_Warrior
879,2472,2.6194251955933296,Eco_Warrior
879,3117,2.841052227998901,Eco_Warrior
879,3523,1.0,Eco_Warrior
879,6997,3.1322675575174874,Eco_Warrior
879,10057,3.3339829829335366,Eco_Warrior
879,2936,1.6822684895148083,Eco_Warrior
879,1138,3.4741920263361594,Eco_Warrior
879,10064,3.1919013628512163,Eco_Warrior
879,6363,2.7978726030129013,Eco_Warrior
879,9870,2.6024773615165384,Eco_Warrior
879,6817,2.716039582366929,Eco_Warrior
879,227,2.5478825116244757,Eco_Warrior
879,4198,1.2255237514985313,Eco_Warrior
879,4236,1.0,Eco_Warrior
879,6994,1.0,Eco_Warrior
879,10079,1.3895490712983005,Eco_Warrior
880,1425,3.1568371177197254,Speed_Racer
880,4049,5.0,Speed_Racer
880,3984,2.457230842968432,Speed_Racer
880,7100,4.881539350337291,Speed_Racer
880,1072,2.891303940939968,Speed_Racer
880,9408,2.5321990818194484,Speed_Racer
880,9122,2.2518422076729507,Speed_Racer
880,2002,3.4776942564360027,Speed_Racer
880,8307,3.279308862720102,Speed_Racer
880,182,3.8984513676500203,Speed_Racer
880,9552,3.1356842593213248,Speed_Racer
880,10081,3.380871003081762,Speed_Racer
880,8016,3.48742597657452,Speed_Racer
880,648,3.791711340826424,Speed_Racer
880,396,3.1790133417988296,Speed_Racer
880,4978,2.6386707450205282,Speed_Racer
880,1153,2.9028706247783758,Speed_Racer
881,9997,3.14988847060922,Speed_Racer
881,6169,3.7095595994447916,Speed_Racer
881,6231,2.8620053783598705,Speed_Racer
881,9181,3.9395970484956138,Speed_Racer
881,949,3.2322015473574153,Speed_Racer
881,2461,2.8953189422157677,Speed_Racer
881,9015,2.62399017028779,Speed_Racer
881,92,3.4298942525279967,Speed_Racer
881,6930,3.151895610040956,Speed_Racer
881,222,2.9695615071350674,Speed_Racer
881,5800,2.00110004981285,Speed_Racer
881,7812,3.828295411636963,Speed_Racer
881,94,2.478463061419986,Speed_Racer
881,3955,2.651939341698472,Speed_Racer
881,6314,4.704145626732983,Speed_Racer
881,1451,2.547235918452727,Speed_Racer
881,8220,3.643461599323819,Speed_Racer
881,9656,2.6825741418924327,Speed_Racer
882,5095,3.4600619720873746,Speed_Racer
882,4060,5.0,Speed_Racer
882,562,2.7759931006215894,Speed_Racer
882,2707,3.007154523841541,Speed_Racer
882,2324,2.8126371818465787,Speed_Racer
882,6291,3.2541689536756504,Speed_Racer
882,5658,3.2553163402627647,Speed_Racer
882,8408,2.370559305396668,Speed_Racer
882,126,3.766588767504725,Speed_Racer
882,1444,3.9610566941947343,Speed_Racer
882,8443,2.5415085142624916,Speed_Racer
882,1203,3.9355949238365278,Speed_Racer
882,8738,5.0,Speed_Racer
882,5013,2.9850684417160416,Speed_Racer
882,7639,2.889870928351492,Speed_Racer
882,9990,2.506861916464489,Speed_Racer
882,6053,2.9444810220114106,Speed_Racer
882,3824,3.2446620623808364,Speed_Racer
882,5276,3.926109016821692,Speed_Racer
882,3307,3.4369416725798803,Speed_Racer
882,4196,4.9029277259181985,Speed_Racer
882,692,2.626542814920005,Speed_Racer
883,7945,1.0,Budget_Student
883,9333,2.668888415091013,Budget_Student
883,4513,5.0,Budget_Student
883,9778,3.2772003999650523,Budget_Student
883,2022,3.092455829196346,Budget_Student
883,3654,3.4024229798865413,Budget_Student
883,9482,3.5361056574115897,Budget_Student
883,5076,2.8896043041324857,Budget_Student
883,2482,2.696743247782047,Budget_Student
883,1481,1.5688149515915502,Budget_Student
883,4401,3.2507900208336755,Budget_Student
883,4745,2.707085376596009,Budget_Student
883,2508,1.1786317941968143,Budget_Student
883,4413,3.6215351381372867,Budget_Student
883,3312,3.304593591963239,Budget_Student
883,6542,5.0,Budget_Student
883,9483,3.1065416298398727,Budget_Student
883,8338,3.422619715359402,Budget_Student
883,132,5.0,Budget_Student
883,6952,3.463375350277554,Budget_Student
883,4350,1.0,Budget_Student
883,3302,3.675056592825675,Budget_Student
884,4840,3.671165313381117,Budget_Student
884,6760,1.6333261136152093,Budget_Student
884,5563,5.0,Budget_Student
884,6506,3.3345228627270576,Budget_Student
884,6229,3.4042111951165612,Budget_Student
884,7484,2.550966884963858,Budget_Student
884,2820,5.0,Budget_Student
884,432,3.0657479764199405,Budget_Student
884,6563,5.0,Budget_Student
884,1937,3.0038446977583573,Budget_Student
884,3155,3.329901963198627,Budget_Student
884,8727,5.0,Budget_Student
884,845,1.6154692269823734,Budget_Student
884,4051,2.537315939411859,Budget_Student
884,3136,2.889510883991612,Budget_Student
885,2980,4.230655374405527,Family_Man
885,4847,3.200903414759468,Family_Man
885,6507,5.0,Family_Man
885,3461,4.381722978020413,Family_Man
885,8305,3.166364987973644,Family_Man
885,7252,4.293155797539314,Family_Man
885,6612,3.8929011094099426,Family_Man
885,7692,4.856423123388704,Family_Man
885,6045,4.472621072834965,Family_Man
885,8706,3.131410155599074,Family_Man
885,1577,5.0,Family_Man
885,4695,3.0427485071664684,Family_Man
885,4849,3.0438072933714553,Family_Man
885,6539,5.0,Family_Man
885,6064,4.9002795670879955,Family_Man
885,3695,5.0,Family_Man
885,2617,5.0,Family_Man
885,7249,5.0,Family_Man
885,5752,4.160775285407742,Family_Man
886,6012,2.2510963951809684,Luxury_Boss
886,9452,2.347952334958881,Luxury_Boss
886,3048,2.4828828707334294,Luxury_Boss
886,8844,2.004985813844299,Luxury_Boss
886,858,2.006053749491006,Luxury_Boss
886,3012,2.287407687588928,Luxury_Boss
886,8039,2.794036249796963,Luxury_Boss
886,4126,5.0,Luxury_Boss
886,9780,4.779116457993653,Luxury_Boss
886,4896,1.6401764506490268,Luxury_Boss
886,4442,1.8596752514159336,Luxury_Boss
886,7942,4.0040008620415914,Luxury_Boss
886,9898,2.086049965495624,Luxury_Boss
886,5221,2.013709000422609,Luxury_Boss
886,116,2.4118542928753257,Luxury_Boss
886,6068,2.0892806074465953,Luxury_Boss
886,6281,2.0185231850889247,Luxury_Boss
886,6992,1.7302544770317874,Luxury_Boss
887,543,4.507001004860798,Budget_Student
887,5031,1.3050362632529207,Budget_Student
887,3142,1.7766770462917691,Budget_Student
887,3576,4.339103841603698,Budget_Student
887,3478,2.601702251456436,Budget_Student
887,9059,3.0541766301574294,Budget_Student
887,6639,2.7917672154870106,Budget_Student
887,8697,5.0,Budget_Student
887,2171,4.5278255214103496,Budget_Student
887,2557,3.5171070094690835,Budget_Student
887,2413,5.0,Budget_Student
887,3107,2.6176607765278854,Budget_Student
887,4398,1.0801651706034447,Budget_Student
887,3532,5.0,Budget_Student
887,5195,2.852360254978767,Budget_Student
887,4715,4.990047906576263,Budget_Student
888,2305,2.8288500812673796,Budget_Student
888,741,3.5168814907248334,Budget_Student
888,10167,3.286965210658279,Budget_Student
888,8484,5.0,Budget_Student
888,1758,3.312447484681501,Budget_Student
888,253,4.5401260252147715,Budget_Student
888,1351,3.18160794500547,Budget_Student
888,2587,4.250464582166799,Budget_Student
888,4947,1.5954777653554915,Budget_Student
888,10204,3.764775123544562,Budget_Student
888,1994,5.0,Budget_Student
888,1849,5.0,Budget_Student
888,7852,4.4561231083866835,Budget_Student
888,9366,3.9197238134124888,Budget_Student
888,6278,3.480737344978686,Budget_Student
888,2466,1.4862180854716973,Budget_Student
888,6047,1.137481155843195,Budget_Student
888,2213,3.2006588840119976,Budget_Student
888,1512,1.0,Budget_Student
888,8586,3.027861828390659,Budget_Student
888,4124,1.739323029449023,Budget_Student
888,4754,3.4602373518631477,Budget_Student
888,1850,3.2140475247147484,Budget_Student
889,7299,2.9544815394142567,Budget_Student
889,1381,3.1561938607277713,Budget_Student
889,2239,3.0320460670275033,Budget_Student
889,2710,3.751767078337613,Budget_Student
889,7905,3.1810689654536937,Budget_Student
889,6084,1.0,Budget_Student
889,5438,2.7439379047879933,Budget_Student
889,4068,1.4578392274065695,Budget_Student
889,6679,3.311168920230086,Budget_Student
889,3522,3.16359899417514,Budget_Student
889,7,1.2631163826919782,Budget_Student
889,1885,2.5586307040618896,Budget_Student
889,8355,3.057569536809069,Budget_Student
889,2502,4.125498927739024,Budget_Student
889,5445,5.0,Budget_Student
889,3423,5.0,Budget_Student
889,3858,5.0,Budget_Student
889,909,3.6225155230401938,Budget_Student
889,1681,3.2384942793704523,Budget_Student
889,7252,3.327377551383623,Budget_Student
889,10110,1.3904511131857105,Budget_Student
890,1385,3.642847795239716,Family_Man
890,6059,5.0,Family_Man
890,8498,4.781124822269661,Family_Man
890,9875,4.075554546228308,Family_Man
890,3379,3.2007078573974415,Family_Man
890,9515,4.61072405035752,Family_Man
890,548,4.899701917072377,Family_Man
890,3164,4.457334995083222,Family_Man
890,6181,5.0,Family_Man
890,9604,2.554551834319623,Family_Man
890,9356,3.6007279113617,Family_Man
890,4591,3.1512472112885663,Family_Man
890,2418,4.65516404900338,Family_Man
890,8376,5.0,Family_Man
890,8541,4.6650446805228665,Family_Man
890,10002,1.0493364996849868,Family_Man
890,9938,3.4329756301163834,Family_Man
890,4679,5.0,Family_Man
890,4804,5.0,Family_Man
890,7908,5.0,Family_Man
891,6980,3.0334693422875874,Speed_Racer
891,6716,3.584102747448765,Speed_Racer
891,1298,2.9906530686289328,Speed_Racer
891,7669,3.252255360427199,Speed_Racer
891,959,2.921792295731257,Speed_Racer
891,324,2.2449365117470412,Speed_Racer
891,4395,3.434523224133656,Speed_Racer
891,2171,2.0724660538465396,Speed_Racer
891,7863,3.1714262132330933,Speed_Racer
891,9099,4.48057657169929,Speed_Racer
891,3956,4.136591950624304,Speed_Racer
891,7144,1.767515103019019,Speed_Racer
891,7,2.5644701992896914,Speed_Racer
891,8299,3.3299046338261116,Speed_Racer
891,8668,4.863088076832267,Speed_Racer
891,2788,5.0,Speed_Racer
891,7608,3.343944299911138,Speed_Racer
891,1932,2.9733926128206267,Speed_Racer
891,6395,2.760634261517314,Speed_Racer
892,8974,1.5348362878347208,Luxury_Boss
892,5253,2.0883577380039484,Luxury_Boss
892,3596,1.549347215285511,Luxury_Boss
892,5403,2.8180961759408865,Luxury_Boss
892,1323,4.523762748101419,Luxury_Boss
892,9002,2.418760051827367,Luxury_Boss
892,7293,2.1058756879196348,Luxury_Boss
892,1555,2.2484123515934846,Luxury_Boss
892,347,4.922671857519196,Luxury_Boss
892,7005,1.701742003783045,Luxury_Boss
892,9351,2.3517098712216904,Luxury_Boss
892,5752,2.2465998065715604,Luxury_Boss
892,3354,1.544146788252754,Luxury_Boss
892,1765,1.573823474028286,Luxury_Boss
892,10235,1.8709874222908351,Luxury_Boss
892,1930,2.265596603869607,Luxury_Boss
892,1070,2.4576909266182203,Luxury_Boss
893,1801,3.6883271390956556,Budget_Student
893,6682,5.0,Budget_Student
893,4663,2.585202390483655,Budget_Student
893,1353,3.0281657969007028,Budget_Student
893,5553,5.0,Budget_Student
893,1273,4.712878469516908,Budget_Student
893,1269,1.8996713688287978,Budget_Student
893,1084,3.5277098576105637,Budget_Student
893,5969,3.11056350213707,Budget_Student
893,2923,5.0,Budget_Student
893,4231,3.952526075183221,Budget_Student
893,7101,3.328429704403191,Budget_Student
893,5906,4.818910246420844,Budget_Student
893,9762,2.717029412149964,Budget_Student
893,1310,1.032480438525019,Budget_Student
893,9829,3.679780891520423,Budget_Student
893,7929,1.9747072714179583,Budget_Student
894,9099,2.3131008561206117,Luxury_Boss
894,6722,1.9112490999761744,Luxury_Boss
894,997,2.041008362346456,Luxury_Boss
894,4551,2.0316749234232496,Luxury_Boss
894,3227,1.9472247452433629,Luxury_Boss
894,4721,2.2515156849349927,Luxury_Boss
894,7857,2.4159648100894118,Luxury_Boss
894,257,2.681752293206634,Luxury_Boss
894,9475,2.2465586641803688,Luxury_Boss
894,5675,2.043329934368465,Luxury_Boss
894,1613,1.5041080703010306,Luxury_Boss
894,10058,3.0236322841276406,Luxury_Boss
894,9654,2.1810762998268505,Luxury_Boss
894,7851,3.2586851629777835,Luxury_Boss
894,7380,1.8358688881854544,Luxury_Boss
894,6530,2.3268328192272403,Luxury_Boss
894,2919,5.0,Luxury_Boss
894,7904,2.362643707932005,Luxury_Boss
894,861,4.069215156408882,Luxury_Boss
894,3800,1.798857886969648,Luxury_Boss
894,7878,2.116902255299153,Luxury_Boss
894,5753,1.8991271189233836,Luxury_Boss
895,7802,2.260119323430332,Luxury_Boss
895,2190,2.1319903491185017,Luxury_Boss
895,3678,2.510688106706134,Luxury_Boss
895,8397,2.2927664022421586,Luxury_Boss
895,4073,2.0290391991803274,Luxury_Boss
895,5724,3.682733618191864,Luxury_Boss
895,2132,3.878230918914312,Luxury_Boss
895,7868,3.391877797008208,Luxury_Boss
895,9788,1.8469240635886814,Luxury_Boss
895,264,3.429908012732417,Luxury_Boss
895,3035,1.761099567033486,Luxury_Boss
895,10142,3.246362441018276,Luxury_Boss
895,1628,2.2825676799095955,Luxury_Boss
895,1441,1.8507765053287928,Luxury_Boss
895,8268,2.7544652764238973,Luxury_Boss
895,1747,3.016638538615285,Luxury_Boss
895,8094,2.248491380610253,Luxury_Boss
895,2158,3.1711496152106973,Luxury_Boss
895,894,3.942878104684677,Luxury_Boss
895,2219,2.316141017597615,Luxury_Boss
895,8624,2.1128605594484675,Luxury_Boss
895,6769,1.9078715088530174,Luxury_Boss
895,2523,2.25329886344867,Luxury_Boss
896,4200,2.705844293867763,Eco_Warrior
896,2483,2.9640255109275966,Eco_Warrior
896,5559,1.4716394319241677,Eco_Warrior
896,7171,3.3287619658551217,Eco_Warrior
896,5895,3.405067395472575,Eco_Warrior
896,1429,2.4899529585435776,Eco_Warrior
896,9715,2.0541126234738245,Eco_Warrior
896,4469,2.325742984505417,Eco_Warrior
896,5931,2.70803071815998,Eco_Warrior
896,5265,3.4220531236405267,Eco_Warrior
896,6678,2.7094160818777198,Eco_Warrior
896,3728,1.0,Eco_Warrior
896,4286,2.4444114028308093,Eco_Warrior
896,5530,1.0,Eco_Warrior
896,1371,3.4923033884943373,Eco_Warrior
896,2017,3.408494433929142,Eco_Warrior
896,4334,3.400951384825453,Eco_Warrior
897,6589,4.374191328307575,Family_Man
897,8236,5.0,Family_Man
897,3965,2.7271955528251195,Family_Man
897,5828,4.886699584060584,Family_Man
897,1603,5.0,Family_Man
897,9555,4.826425980697805,Family_Man
897,993,3.357035555648465,Family_Man
897,6886,5.0,Family_Man
897,8722,3.9157082027644727,Family_Man
897,1089,5.0,Family_Man
897,7553,4.556991320110023,Family_Man
897,7483,5.0,Family_Man
897,2728,5.0,Family_Man
897,7702,4.972455737584265,Family_Man
897,7894,4.066374095964571,Family_Man
897,5766,5.0,Family_Man
897,7387,4.086106859118516,Family_Man
897,3274,5.0,Family_Man
897,291,4.747657806040919,Family_Man
898,4898,1.0,Budget_Student
898,9432,5.0,Budget_Student
898,2065,3.9395138606142424,Budget_Student
898,1708,3.2316679145960583,Budget_Student
898,6808,4.226218855296738,Budget_Student
898,6484,2.77524138564231,Budget_Student
898,2858,4.238416597889977,Budget_Student
898,3741,3.46968335116105,Budget_Student
898,4284,3.638710467827189,Budget_Student
898,7551,2.8592593240041344,Budget_Student
898,7238,3.7633392541134767,Budget_Student
898,5242,4.507988561102442,Budget_Student
898,8771,2.736283223347204,Budget_Student
898,1262,2.702350759466338,Budget_Student
898,9923,4.818031408614572,Budget_Student
898,4301,1.0,Budget_Student
899,6389,3.843005697433495,Family_Man
899,1819,2.7797718821774944,Family_Man
899,3321,3.403950697193565,Family_Man
899,5198,4.29773315053333,Family_Man
899,5474,2.5025042727323807,Family_Man
899,1041,5.0,Family_Man
899,6735,5.0,Family_Man
899,5589,5.0,Family_Man
899,7027,1.8420592144773003,Family_Man
899,6260,3.660215673349624,Family_Man
899,8585,4.244570238366435,Family_Man
899,1950,3.9085476476036303,Family_Man
899,9667,5.0,Family_Man
899,10280,4.343900861979481,Family_Man
899,1386,4.325273992139813,Family_Man
900,1005,3.419286476519072,Speed_Racer
900,6480,4.230110962786095,Speed_Racer
900,2789,2.5317161980831653,Speed_Racer
900,10261,2.914017494918207,Speed_Racer
900,5767,3.9315452454087034,Speed_Racer
900,6614,2.159427608266104,Speed_Racer
900,8355,2.9228853230585927,Speed_Racer
900,3540,5.0,Speed_Racer
900,9564,2.640516119521153,Speed_Racer
900,5610,2.1076495056439017,Speed_Racer
900,8699,2.7623288425632535,Speed_Racer
900,2552,5.0,Speed_Racer
900,39,3.0839963025381345,Speed_Racer
900,5221,3.9021250403784284,Speed_Racer
900,647,2.852084229299645,Speed_Racer
900,4219,3.583842763953823,Speed_Racer
900,6249,4.804326213264636,Speed_Racer
900,9149,2.3482849880162946,Speed_Racer
900,1476,3.860267110156791,Speed_Racer
900,2453,2.841940970987708,Speed_Racer
900,9292,3.679933739607837,Speed_Racer
900,3697,4.138432268675613,Speed_Racer
900,600,3.466169660981894,Speed_Racer
901,1285,5.0,Budget_Student
901,10103,3.9948199201013703,Budget_Student
901,7851,1.841678140161822,Budget_Student
901,1019,5.0,Budget_Student
901,9979,4.810393618490903,Budget_Student
901,5877,5.0,Budget_Student
901,295,3.4147220949359522,Budget_Student
901,4848,1.1607439523818521,Budget_Student
901,5075,4.120796188213654,Budget_Student
901,5679,5.0,Budget_Student
901,9627,3.0733931495663516,Budget_Student
901,9707,2.9891116971003795,Budget_Student
901,9224,4.91246068980121,Budget_Student
901,5417,3.435521367398292,Budget_Student
901,2864,3.1338820349224004,Budget_Student
901,3076,5.0,Budget_Student
901,6088,3.7799434244508037,Budget_Student
901,5158,3.3711537534847507,Budget_Student
902,5685,3.8346178021411226,Family_Man
902,5652,5.0,Family_Man
902,4131,5.0,Family_Man
902,8622,2.659339434286219,Family_Man
902,732,4.021005476193135,Family_Man
902,2180,4.330885928008178,Family_Man
902,8265,3.264541123075498,Family_Man
902,8701,5.0,Family_Man
902,5352,2.590000747369626,Family_Man
902,6624,4.3295215096078286,Family_Man
902,134,4.582991368537733,Family_Man
902,5761,3.049896877800724,Family_Man
902,1161,4.003392729080777,Family_Man
902,2093,5.0,Family_Man
902,4416,4.050915908205037,Family_Man
902,766,3.897622856302384,Family_Man
902,6290,3.38097475600548,Family_Man
902,9938,2.508719713453984,Family_Man
902,9336,5.0,Family_Man
902,416,5.0,Family_Man
902,2274,5.0,Family_Man
902,8364,4.541147317459174,Family_Man
902,6190,4.8969271025050345,Family_Man
903,9338,4.656424933766429,Family_Man
903,7238,5.0,Family_Man
903,9117,5.0,Family_Man
903,3928,4.556496170320444,Family_Man
903,4695,2.791599292550212,Family_Man
903,7653,3.269750176660039,Family_Man
903,6060,3.7693777164503564,Family_Man
903,3357,5.0,Family_Man
903,9664,4.742788385424459,Family_Man
903,1905,4.5479333607559855,Family_Man
903,6604,5.0,Family_Man
903,8407,5.0,Family_Man
903,9793,4.7540534090693,Family_Man
903,3120,5.0,Family_Man
903,2220,4.061779698862947,Family_Man
903,5078,5.0,Family_Man
903,1241,4.003096080759577,Family_Man
903,6614,4.6803903141708005,Family_Man
903,3620,4.420531348497735,Family_Man
903,2542,3.138165535208098,Family_Man
903,4079,3.5821761260186857,Family_Man
903,4449,3.6654291255738065,Family_Man
903,1725,4.020039127055698,Family_Man
904,6732,3.1175905805669166,Speed_Racer
904,7526,2.823199814770053,Speed_Racer
904,7759,3.9578647807723093,Speed_Racer
904,1165,1.6096836347155719,Speed_Racer
904,4938,3.8771525845568346,Speed_Racer
904,2012,4.043438273584537,Speed_Racer
904,383,2.3399563689840734,Speed_Racer
904,3743,5.0,Speed_Racer
904,245,3.16174594300376,Speed_Racer
904,1455,3.8169802036160694,Speed_Racer
904,4318,2.484968606747223,Speed_Racer
904,2480,2.7014536207534414,Speed_Racer
904,4671,4.098474172654037,Speed_Racer
904,4825,3.1963198788254172,Speed_Racer
904,8743,2.3032767669968246,Speed_Racer
904,1479,3.3342745679550925,Speed_Racer
904,4280,3.8597882316005796,Speed_Racer
905,6381,2.2719040237866848,Speed_Racer
905,3314,3.3843306340923394,Speed_Racer
905,7307,2.507105849707554,Speed_Racer
905,10249,1.7316826479258216,Speed_Racer
905,3034,3.7568504160093017,Speed_Racer
905,2659,4.149132448215033,Speed_Racer
905,3463,3.833359021436984,Speed_Racer
905,5403,5.0,Speed_Racer
905,4621,2.36771033913364,Speed_Racer
905,1845,3.3397801767868107,Speed_Racer
905,9442,5.0,Speed_Racer
905,7584,2.9148092039295648,Speed_Racer
905,9365,3.351751197208541,Speed_Racer
905,10213,3.7660142533835197,Speed_Racer
905,6031,2.5416148337565136,Speed_Racer
905,1610,3.065229169658775,Speed_Racer
905,542,3.4248986759684907,Speed_Racer
905,6223,2.827954263699338,Speed_Racer
905,6597,4.219796482525831,Speed_Racer
906,10107,3.0710509746803853,Eco_Warrior
906,4611,2.62056830032562,Eco_Warrior
906,6298,3.373102319599744,Eco_Warrior
906,5327,2.935560849466079,Eco_Warrior
906,6513,1.0,Eco_Warrior
906,1319,1.3281056907924644,Eco_Warrior
906,2735,2.6995087611653883,Eco_Warrior
906,8022,1.0,Eco_Warrior
906,8425,2.698222575603329,Eco_Warrior
906,6149,1.0,Eco_Warrior
906,7240,3.2571012550429614,Eco_Warrior
906,9718,2.783562936816939,Eco_Warrior
906,6957,3.4172935246763396,Eco_Warrior
906,6407,3.1958225313578765,Eco_Warrior
906,4187,3.0536641132241096,Eco_Warrior
906,585,3.1665689680649063,Eco_Warrior
906,8431,3.40623828953974,Eco_Warrior
906,968,3.089348453337807,Eco_Warrior
907,6179,3.156430111450179,Speed_Racer
907,4614,2.6816652912024876,Speed_Racer
907,7511,3.34390399074197,Speed_Racer
907,2385,2.692850645422725,Speed_Racer
907,176,2.905408444875799,Speed_Racer
907,4728,3.5025957385001742,Speed_Racer
907,8533,3.338152955813523,Speed_Racer
907,3022,2.387899560643068,Speed_Racer
907,7747,2.901962707048473,Speed_Racer
907,3403,2.7982043354288413,Speed_Racer
907,4841,3.458558026274984,Speed_Racer
907,3898,3.8913526990943055,Speed_Racer
907,1079,3.0901518597878965,Speed_Racer
907,3289,3.846606451526608,Speed_Racer
907,1548,4.3807529152806595,Speed_Racer
907,6938,4.130784354627928,Speed_Racer
907,7339,2.4054248274650667,Speed_Racer
908,12,1.6455985335587857,Luxury_Boss
908,9198,2.3941559291573418,Luxury_Boss
908,6222,1.8603100495480387,Luxury_Boss
908,4257,1.5745416066260227,Luxury_Boss
908,5687,3.1513532924537304,Luxury_Boss
908,1558,2.6299342017585374,Luxury_Boss
908,2740,4.237168894305883,Luxury_Boss
908,1679,1.9533180053981343,Luxury_Boss
908,9201,3.968911088540284,Luxury_Boss
908,6467,1.8148644918906058,Luxury_Boss
908,4408,1.821491229727392,Luxury_Boss
908,8866,2.46127255388118,Luxury_Boss
908,1603,1.8960130719624586,Luxury_Boss
908,1432,3.2403830343091373,Luxury_Boss
908,10018,2.2026686755196034,Luxury_Boss
909,3048,4.665985452128878,Budget_Student
909,748,3.5451660655150405,Budget_Student
909,8719,3.091036163749442,Budget_Student
909,7503,3.42758653886544,Budget_Student
909,7513,1.5798170810884886,Budget_Student
909,7474,1.026124657412871,Budget_Student
909,6622,5.0,Budget_Student
909,1556,5.0,Budget_Student
909,3267,5.0,Budget_Student
909,1126,3.1997428543679596,Budget_Student
909,7413,5.0,Budget_Student
909,6977,3.942976600737475,Budget_Student
909,53,3.269725916422441,Budget_Student
909,746,3.5348162861200563,Budget_Student
909,9283,3.577189100480471,Budget_Student
909,7280,5.0,Budget_Student
909,1337,3.356792901675508,Budget_Student
909,5276,2.223592421806276,Budget_Student
909,1291,5.0,Budget_Student
909,4344,1.5035648902237893,Budget_Student
909,3443,3.1419087083687303,Budget_Student
909,6459,5.0,Budget_Student
909,869,5.0,Budget_Student
910,2551,3.769167050774394,Speed_Racer
910,1995,2.9182939073788057,Speed_Racer
910,7075,2.695651102387623,Speed_Racer
910,2697,3.3393855663677767,Speed_Racer
910,5974,2.570172033610059,Speed_Racer
910,4073,4.573065490859958,Speed_Racer
910,6903,3.1192549484111574,Speed_Racer
910,3894,2.9092095374561047,Speed_Racer
910,9528,2.325709565602511,Speed_Racer
910,6251,3.0493444695089313,Speed_Racer
910,7148,5.0,Speed_Racer
910,8108,2.6721367962810243,Speed_Racer
910,7154,2.6889005083409807,Speed_Racer
910,370,1.8651518265776614,Speed_Racer
910,9218,2.360088782889304,Speed_Racer
910,8378,2.7673463726251724,Speed_Racer
910,1323,5.0,Speed_Racer
910,4540,3.0603325194570496,Speed_Racer
910,1895,3.4862833775565525,Speed_Racer
911,8280,1.6545487437691264,Luxury_Boss
911,7551,2.269748657506079,Luxury_Boss
911,7865,1.6387630090432652,Luxury_Boss
911,4690,2.2838823610914374,Luxury_Boss
911,1251,1.78246752326426,Luxury_Boss
911,9813,1.6285680262939723,Luxury_Boss
911,8354,1.806245489729167,Luxury_Boss
911,6545,1.83382042302584,Luxury_Boss
911,8263,2.555254914496918,Luxury_Boss
911,747,1.8996895642002252,Luxury_Boss
911,9088,1.5855378949075751,Luxury_Boss
911,6396,2.0401154668577455,Luxury_Boss
911,10256,4.58314017068332,Luxury_Boss
911,6781,1.9761074561734473,Luxury_Boss
911,6494,1.5004290431189586,Luxury_Boss
911,2716,2.4711004318810113,Luxury_Boss
911,9489,2.1580831138538272,Luxury_Boss
911,8046,3.925280512067753,Luxury_Boss
912,2592,2.1329485244749034,Luxury_Boss
912,3567,2.795378721648442,Luxury_Boss
912,1676,1.9162896829245764,Luxury_Boss
912,7119,2.0807820667601096,Luxury_Boss
912,2407,2.08998965215304,Luxury_Boss
912,2312,1.88065219617227,Luxury_Boss
912,1937,1.8486447793703435,Luxury_Boss
912,8214,5.0,Luxury_Boss
912,7977,1.8336742872350271,Luxury_Boss
912,7175,3.5752736052935736,Luxury_Boss
912,5042,3.0759998063445586,Luxury_Boss
912,6686,2.640889947867504,Luxury_Boss
912,842,2.172095110480164,Luxury_Boss
912,1247,1.8346663926190296,Luxury_Boss
912,5460,1.601460108078824,Luxury_Boss
912,2084,5.0,Luxury_Boss
912,9896,2.4464950889955928,Luxury_Boss
912,8489,2.481945604298174,Luxury_Boss
912,343,5.0,Luxury_Boss
912,1630,1.5373321161705111,Luxury_Boss
912,1900,2.3981521072300387,Luxury_Boss
913,7088,5.0,Budget_Student
913,991,3.518202032828407,Budget_Student
913,8450,5.0,Budget_Student
913,6358,5.0,Budget_Student
913,2943,2.5879585681557913,Budget_Student
913,3760,3.7401591365406426,Budget_Student
913,4886,3.337805265000604,Budget_Student
913,6722,3.172534127647542,Budget_Student
913,10171,3.519798716901724,Budget_Student
913,2807,3.1756110317511412,Budget_Student
913,3475,3.757001437214857,Budget_Student
913,6479,5.0,Budget_Student
913,5492,3.1029607947130344,Budget_Student
913,1707,2.754142825928955,Budget_Student
913,748,3.0491036344579614,Budget_Student
913,8220,2.562876483482109,Budget_Student
913,1314,3.3845429510131115,Budget_Student
913,6535,4.561602622233297,Budget_Student
913,4198,3.1391165635891336,Budget_Student
914,7269,1.6641334505945684,Eco_Warrior
914,203,1.0,Eco_Warrior
914,5047,1.0,Eco_Warrior
914,3739,1.3980308066453104,Eco_Warrior
914,8102,2.828907717993804,Eco_Warrior
914,10015,3.3670869431401393,Eco_Warrior
914,4442,3.0732969130538166,Eco_Warrior
914,2592,1.9462574872192038,Eco_Warrior
914,5599,2.9588279594392324,Eco_Warrior
914,5652,3.3351523323183367,Eco_Warrior
914,8410,2.211903511144617,Eco_Warrior
914,7056,3.172858731864455,Eco_Warrior
914,8802,2.8592024929888495,Eco_Warrior
914,9743,2.7458038548730954,Eco_Warrior
914,5373,3.3734427016690782,Eco_Warrior
915,1863,3.8167332026556147,Speed_Racer
915,4525,2.4397991449030796,Speed_Racer
915,7037,2.9996354127490745,Speed_Racer
915,3414,3.384445580366368,Speed_Racer
915,10261,3.3248795537559097,Speed_Racer
915,68,2.8445684131816726,Speed_Racer
915,8906,2.1311397034027517,Speed_Racer
915,5367,4.876151950166483,Speed_Racer
915,9796,2.2922196416136655,Speed_Racer
915,8585,2.961307547845073,Speed_Racer
915,4060,5.0,Speed_Racer
915,2578,2.753733022317536,Speed_Racer
915,1761,3.7560118305359316,Speed_Racer
915,2512,3.5335348317021813,Speed_Racer
915,1043,1.7319551042298418,Speed_Racer
915,5237,3.898076321519836,Speed_Racer
915,6577,2.413666206146164,Speed_Racer
915,5152,3.940119849401671,Speed_Racer
915,9472,2.3539397774012674,Speed_Racer
915,7590,3.4912803311474603,Speed_Racer
915,2786,2.486801177935737,Speed_Racer
915,10070,2.882395379999287,Speed_Racer
915,272,3.2891401626956416,Speed_Racer
915,9389,3.7860433867501735,Speed_Racer
916,7052,3.550313691189256,Luxury_Boss
916,127,1.802122813744921,Luxury_Boss
916,6383,4.873419824525422,Luxury_Boss
916,6569,2.2878424298266506,Luxury_Boss
916,425,2.14605698549931,Luxury_Boss
916,6593,1.7501751515204682,Luxury_Boss
916,4732,1.7413418980015487,Luxury_Boss
916,969,2.047126780710648,Luxury_Boss
916,8595,2.156054846184457,Luxury_Boss
916,8905,1.762776024484452,Luxury_Boss
916,2079,3.176438571990458,Luxury_Boss
916,823,2.3768393492956896,Luxury_Boss
916,9868,2.475375570756441,Luxury_Boss
916,7506,1.7944289669474973,Luxury_Boss
916,10181,4.520699051151117,Luxury_Boss
916,3557,4.0123391712305505,Luxury_Boss
916,3195,1.7493281716872642,Luxury_Boss
916,3145,1.9435209361970918,Luxury_Boss
916,9343,3.21172176328905,Luxury_Boss
916,4857,1.950292958821214,Luxury_Boss
917,4085,3.179940038865572,Speed_Racer
917,795,5.0,Speed_Racer
917,7264,3.9247156031463533,Speed_Racer
917,672,2.48681579093894,Speed_Racer
917,334,2.6922528456438717,Speed_Racer
917,10166,2.529690084892565,Speed_Racer
917,10284,2.3186080878840167,Speed_Racer
917,1316,2.85839200268256,Speed_Racer
917,2728,1.7480901310660362,Speed_Racer
917,3969,4.434852973770475,Speed_Racer
917,9184,2.6719005005461525,Speed_Racer
917,2893,2.9721038468939023,Speed_Racer
917,4787,2.6300141325014517,Speed_Racer
917,4401,2.9544669209275747,Speed_Racer
917,8955,5.0,Speed_Racer
917,281,3.214570009015463,Speed_Racer
917,2123,3.951598583124685,Speed_Racer
917,3552,2.2463796555576394,Speed_Racer
917,5226,3.810416554863043,Speed_Racer
917,7335,3.117643210060531,Speed_Racer
918,8958,5.0,Family_Man
918,7059,3.5825219126822376,Family_Man
918,1069,4.53365742977775,Family_Man
918,4420,5.0,Family_Man
918,886,4.5219395914423846,Family_Man
918,9485,4.378262515992104,Family_Man
918,7504,4.345881936495089,Family_Man
918,4416,4.4069346358753165,Family_Man
918,6223,3.127228449357539,Family_Man
918,7303,4.857423051292567,Family_Man
918,4250,5.0,Family_Man
918,9866,4.681853296997158,Family_Man
918,9428,5.0,Family_Man
918,4340,3.888590315005474,Family_Man
918,4122,2.757796064245493,Family_Man
918,7957,4.756867783343391,Family_Man
918,970,5.0,Family_Man
918,3609,4.669230153724255,Family_Man
918,3119,5.0,Family_Man
919,3801,3.6754444217672773,Speed_Racer
919,10097,3.889533047425163,Speed_Racer
919,4548,2.681856779314198,Speed_Racer
919,6091,4.418011812899829,Speed_Racer
919,8752,3.1911199878221237,Speed_Racer
919,7882,5.0,Speed_Racer
919,9068,2.9055916239768362,Speed_Racer
919,5276,4.036218470713798,Speed_Racer
919,9356,2.5391684578227887,Speed_Racer
919,3689,3.012798603087208,Speed_Racer
919,10234,3.2635382224807765,Speed_Racer
919,9856,5.0,Speed_Racer
919,2733,3.4709821251527426,Speed_Racer
919,342,2.8158003978482187,Speed_Racer
919,5253,3.12935511865693,Speed_Racer
919,5319,4.343303443760739,Speed_Racer
919,9854,2.822288510659079,Speed_Racer
919,2787,3.1877915581482137,Speed_Racer
919,10205,3.5533348229057813,Speed_Racer
919,5676,2.5627243511847038,Speed_Racer
920,7659,5.0,Budget_Student
920,824,4.701277929009932,Budget_Student
920,2603,2.527469871722849,Budget_Student
920,9682,2.7647146402265026,Budget_Student
920,92,3.3356104440613175,Budget_Student
920,6177,2.772647140226641,Budget_Student
920,4062,5.0,Budget_Student
920,3626,3.0190205244693606,Budget_Student
920,7301,2.8092030884638826,Budget_Student
920,9412,5.0,Budget_Student
920,4987,3.2352489623009415,Budget_Student
920,4499,3.240716415811984,Budget_Student
920,1808,5.0,Budget_Student
920,2645,3.0467520200531606,Budget_Student
920,7566,3.192760428135357,Budget_Student
920,5166,1.2046276152391577,Budget_Student
921,4749,3.0980555371354654,Budget_Student
921,5287,3.3439687134105682,Budget_Student
921,6428,3.964416806745594,Budget_Student
921,8944,2.562127287487721,Budget_Student
921,4014,5.0,Budget_Student
921,7405,5.0,Budget_Student
921,6203,1.0,Budget_Student
921,2032,3.8536929989568947,Budget_Student
921,5645,3.304424916069462,Budget_Student
921,9515,3.1712966224753782,Budget_Student
921,3281,5.0,Budget_Student
921,1647,3.775756939407023,Budget_Student
921,3993,3.3855846631196096,Budget_Student
921,4609,5.0,Budget_Student
921,4200,3.3007964637225964,Budget_Student
921,92,3.3211383604192486,Budget_Student
921,9361,2.5264465533814846,Budget_Student
921,7932,2.7019811949124044,Budget_Student
921,9451,5.0,Budget_Student
922,8623,3.199962312919295,Eco_Warrior
922,8518,1.0,Eco_Warrior
922,8923,2.6036731851373283,Eco_Warrior
922,6140,2.653174093279651,Eco_Warrior
922,7962,1.0,Eco_Warrior
922,8849,3.2236435897430127,Eco_Warrior
922,4889,3.1189899319476586,Eco_Warrior
922,7905,2.758764923213798,Eco_Warrior
922,732,2.683056683037763,Eco_Warrior
922,442,3.4679821160381286,Eco_Warrior
922,9195,3.1038137488950515,Eco_Warrior
922,3662,1.4960459648877515,Eco_Warrior
922,9226,3.154097641286479,Eco_Warrior
922,5772,1.0,Eco_Warrior
922,4450,1.0,Eco_Warrior
922,9453,1.0,Eco_Warrior
922,6701,1.0,Eco_Warrior
922,1057,3.266836076368944,Eco_Warrior
923,4525,2.237853441245932,Speed_Racer
923,6426,2.573491159828005,Speed_Racer
923,3634,2.8290931303117013,Speed_Racer
923,3440,3.4399404654710706,Speed_Racer
923,10290,3.927987011940205,Speed_Racer
923,143,2.3459455106006906,Speed_Racer
923,8871,2.5722690965424357,Speed_Racer
923,7703,1.6191035767459212,Speed_Racer
923,8743,2.7847593166198967,Speed_Racer
923,216,3.4858146353271735,Speed_Racer
923,2100,3.480798002329665,Speed_Racer
923,9183,2.718279919943539,Speed_Racer
923,3849,2.9117975231348234,Speed_Racer
923,292,3.8567039588176906,Speed_Racer
923,9449,2.3748100329080337,Speed_Racer
924,5706,3.9420805384398636,Family_Man
924,5276,4.566799068016559,Family_Man
924,3111,5.0,Family_Man
924,8743,4.49374309100113,Family_Man
924,33,4.526090372755821,Family_Man
924,5321,2.690116425352864,Family_Man
924,3753,2.1244251770081153,Family_Man
924,1695,4.628158839711602,Family_Man
924,6216,4.8297943309282605,Family_Man
924,2538,4.049980919086949,Family_Man
924,4812,4.0596236309440155,Family_Man
924,6952,1.114264871415848,Family_Man
924,6552,3.503988245391062,Family_Man
924,6458,3.8131495326161975,Family_Man
924,9635,4.16366933929399,Family_Man
924,10164,3.966235738784353,Family_Man
925,945,2.708788525296236,Speed_Racer
925,255,1.797960251788551,Speed_Racer
925,6606,3.238570728495445,Speed_Racer
925,3905,3.150395796800134,Speed_Racer
925,9018,3.1831181592583766,Speed_Racer
925,215,3.2096970671556155,Speed_Racer
925,6202,3.284139317965852,Speed_Racer
925,6191,3.331560859874761,Speed_Racer
925,4450,3.4832645436356935,Speed_Racer
925,334,2.163582234727026,Speed_Racer
925,1484,3.0159409842598204,Speed_Racer
925,2852,3.334209269471204,Speed_Racer
925,9212,2.7193641924359957,Speed_Racer
925,332,3.3991988579123276,Speed_Racer
925,5251,3.462042584531462,Speed_Racer
925,8713,3.028837447689405,Speed_Racer
925,7528,3.944771785807569,Speed_Racer
925,9011,3.1162640187869024,Speed_Racer
925,9025,2.290813894062799,Speed_Racer
925,5796,5.0,Speed_Racer
925,4895,2.705933926484553,Speed_Racer
925,1599,3.141955154156472,Speed_Racer
925,415,5.0,Speed_Racer
926,3572,3.4694418029993823,Budget_Student
926,3620,1.0,Budget_Student
926,8829,1.0,Budget_Student
926,787,4.631750413813037,Budget_Student
926,6939,2.77150613441058,Budget_Student
926,7720,3.690303688465149,Budget_Student
926,5122,2.8202157776419066,Budget_Student
926,843,1.6375317827773759,Budget_Student
926,4668,5.0,Budget_Student
926,6260,5.0,Budget_Student
926,8503,3.3079966620439922,Budget_Student
926,451,5.0,Budget_Student
926,4969,3.1692879899906705,Budget_Student
926,6742,2.5047581371954717,Budget_Student
926,4746,5.0,Budget_Student
926,1610,3.264263942198843,Budget_Student
926,8242,3.0470284509287504,Budget_Student
926,6783,5.0,Budget_Student
926,8614,1.0,Budget_Student
926,672,4.940980854532372,Budget_Student
927,9523,3.34258356863635,Speed_Racer
927,8667,4.789751587605628,Speed_Racer
927,4569,2.0124889732157065,Speed_Racer
927,2188,3.341155395743351,Speed_Racer
927,306,2.0027659545019136,Speed_Racer
927,8724,2.8534964144318153,Speed_Racer
927,824,2.130936547933824,Speed_Racer
927,9868,3.681668812156053,Speed_Racer
927,183,3.171558821706751,Speed_Racer
927,2376,3.001885596206206,Speed_Racer
927,2607,1.961605754035594,Speed_Racer
927,4463,2.642064500010446,Speed_Racer
927,943,3.377743490254098,Speed_Racer
927,7316,4.673346643344162,Speed_Racer
927,2519,3.4831931220500945,Speed_Racer
927,3802,4.589132127177861,Speed_Racer
927,1097,2.9390948779267685,Speed_Racer
927,1560,2.742629703558018,Speed_Racer
927,5044,3.2948234022078218,Speed_Racer
927,4735,2.6669961766231403,Speed_Racer
928,676,2.6168469743182254,Eco_Warrior
928,9656,3.237484945952188,Eco_Warrior
928,4028,2.976528407163808,Eco_Warrior
928,5593,1.2641248225826176,Eco_Warrior
928,2604,2.6057262550763873,Eco_Warrior
928,8518,1.1872506410549681,Eco_Warrior
928,6214,1.0,Eco_Warrior
928,4537,3.356079067688489,Eco_Warrior
928,1478,1.0,Eco_Warrior
928,10158,3.0963891119424014,Eco_Warrior
928,4015,3.343089382845833,Eco_Warrior
928,4311,3.3862766462654914,Eco_Warrior
928,983,3.4037732297349925,Eco_Warrior
928,6436,1.0,Eco_Warrior
928,4981,1.1502149767698495,Eco_Warrior
928,429,2.9191964845851457,Eco_Warrior
928,5242,3.2033497917037357,Eco_Warrior
929,8183,2.7164769476364334,Eco_Warrior
929,6357,1.0656555479097898,Eco_Warrior
929,7813,3.019606372920985,Eco_Warrior
929,926,2.9369327960818277,Eco_Warrior
929,5530,1.0,Eco_Warrior
929,677,3.3062652576697946,Eco_Warrior
929,5882,1.0401244267216199,Eco_Warrior
929,4962,2.877194846870861,Eco_Warrior
929,5461,3.137046092309432,Eco_Warrior
929,25,3.1064691993951907,Eco_Warrior
929,8637,3.4276548946808343,Eco_Warrior
929,5262,2.7874543626978894,Eco_Warrior
929,8900,2.5508076308301524,Eco_Warrior
929,4286,1.7589058956370807,Eco_Warrior
929,5808,1.0257568870061253,Eco_Warrior
929,8497,1.0919243652119328,Eco_Warrior
930,2520,1.4538207662306926,Eco_Warrior
930,2571,3.0603070135611636,Eco_Warrior
930,3815,3.076685825964156,Eco_Warrior
930,3391,3.091477087074343,Eco_Warrior
930,9827,1.0741482666149866,Eco_Warrior
930,3421,2.918859591721072,Eco_Warrior
930,25,3.1479162489832686,Eco_Warrior
930,1481,3.773664727514055,Eco_Warrior
930,5174,2.928184526967713,Eco_Warrior
930,9647,1.6369797564738038,Eco_Warrior
930,5025,2.7347080099677745,Eco_Warrior
930,2234,3.1717279267309877,Eco_Warrior
930,3879,1.8415243398974654,Eco_Warrior
930,7402,1.1807105315898228,Eco_Warrior
930,1617,3.3214421477024456,Eco_Warrior
930,8772,2.7737347648737276,Eco_Warrior
930,4359,1.8023409716797016,Eco_Warrior
930,3593,1.8087387576494038,Eco_Warrior
930,964,2.648966733606798,Eco_Warrior
931,1525,2.8721686627648,Speed_Racer
931,2426,2.6057365045411633,Speed_Racer
931,7610,3.5096343178613596,Speed_Racer
931,681,2.862696232765607,Speed_Racer
931,4324,5.0,Speed_Racer
931,3965,3.4152151380779117,Speed_Racer
931,8531,2.437673808245628,Speed_Racer
931,8008,3.3323213451782854,Speed_Racer
931,8848,3.6237552393988355,Speed_Racer
931,5760,2.5914029680749744,Speed_Racer
931,6876,3.826185360728485,Speed_Racer
931,4839,3.358574390303917,Speed_Racer
931,2316,4.196827682012441,Speed_Racer
931,1595,2.618617980125957,Speed_Racer
931,638,2.8368981849116657,Speed_Racer
931,6740,3.3043225674384775,Speed_Racer
931,5563,2.611267111999708,Speed_Racer
931,7731,2.932400369330045,Speed_Racer
932,3350,2.102426758293184,Family_Man
932,1155,5.0,Family_Man
932,3527,3.274963264960739,Family_Man
932,1600,4.6374388550571455,Family_Man
932,9242,4.720294285723307,Family_Man
932,2450,3.0998107181262644,Family_Man
932,8060,4.766089499213908,Family_Man
932,2882,3.5826467127728305,Family_Man
932,1720,4.430058498609439,Family_Man
932,4836,4.278005982267401,Family_Man
932,767,1.2250627816584188,Family_Man
932,623,5.0,Family_Man
932,1442,5.0,Family_Man
932,5804,5.0,Family_Man
932,6580,4.473092320200355,Family_Man
932,4505,5.0,Family_Man
933,9165,5.0,Family_Man
933,3965,2.8316204874153144,Family_Man
933,2538,4.207564890890448,Family_Man
933,1498,3.6044587870653673,Family_Man
933,10133,4.184158921635007,Family_Man
933,422,4.948587551888755,Family_Man
933,10053,3.2382963400326017,Family_Man
933,5555,5.0,Family_Man
933,3043,3.989019417385398,Family_Man
933,4779,4.467036680118383,Family_Man
933,6972,4.319146589570421,Family_Man
933,1414,4.52330736499619,Family_Man
933,5851,3.4566208781149506,Family_Man
933,7511,4.701951514899626,Family_Man
933,7997,5.0,Family_Man
933,140,3.1953487172011306,Family_Man
933,8258,4.406991564745474,Family_Man
933,8698,3.9651351193729942,Family_Man
934,2097,3.3691028304663124,Eco_Warrior
934,1246,3.3356931065862643,Eco_Warrior
934,1858,3.273205279534284,Eco_Warrior
934,2655,1.7776094367143047,Eco_Warrior
934,1209,2.638202148317796,Eco_Warrior
934,2961,3.3055739529579506,Eco_Warrior
934,6136,2.6859559535564945,Eco_Warrior
934,3111,3.04303848085785,Eco_Warrior
934,8471,3.2377863659885926,Eco_Warrior
934,2952,1.0,Eco_Warrior
934,9705,1.0265155791876657,Eco_Warrior
934,9278,3.4348836942448253,Eco_Warrior
934,6517,1.4128129986136408,Eco_Warrior
934,4245,1.1162418656464326,Eco_Warrior
934,7735,2.155605580938529,Eco_Warrior
934,3835,1.2433274780039307,Eco_Warrior
934,8932,2.9490362458028834,Eco_Warrior
934,555,3.0983783453947273,Eco_Warrior
934,9440,3.02482732318267,Eco_Warrior
934,6755,3.4079269211815486,Eco_Warrior
935,3611,2.972827625518859,Eco_Warrior
935,6690,3.4456044255113825,Eco_Warrior
935,6916,2.503221538581818,Eco_Warrior
935,8307,1.6905255916842912,Eco_Warrior
935,7854,1.5823562193849883,Eco_Warrior
935,7485,3.374239599003424,Eco_Warrior
935,4988,2.8609423529228835,Eco_Warrior
935,6645,3.258420285149803,Eco_Warrior
935,1658,1.203271927175536,Eco_Warrior
935,9439,2.56391173282528,Eco_Warrior
935,10030,3.4414219168336797,Eco_Warrior
935,8520,3.4694198958848883,Eco_Warrior
935,9619,3.125730287769915,Eco_Warrior
935,9427,1.1532149054871867,Eco_Warrior
935,6762,3.130102300053035,Eco_Warrior
935,8704,2.546181731428469,Eco_Warrior
935,7800,2.358476081996232,Eco_Warrior
935,5805,2.963878313387494,Eco_Warrior
935,3693,2.76840221330399,Eco_Warrior
935,2114,3.3851015603538297,Eco_Warrior
935,1269,2.731860835898026,Eco_Warrior
935,8110,2.79599335180764,Eco_Warrior
935,7629,1.2340965549271148,Eco_Warrior
935,6482,2.5108371793497475,Eco_Warrior
936,2118,5.0,Family_Man
936,8859,4.372643912603358,Family_Man
936,8647,5.0,Family_Man
936,3791,5.0,Family_Man
936,112,5.0,Family_Man
936,9286,4.177968263436818,Family_Man
936,177,3.6371789525167255,Family_Man
936,2956,4.957040850285466,Family_Man
936,2734,4.149428064955147,Family_Man
936,4788,4.299827801726304,Family_Man
936,2442,3.7738283078745294,Family_Man
936,5507,3.9194551988374573,Family_Man
936,7192,4.03755623206251,Family_Man
936,1091,3.316247454286442,Family_Man
936,2564,4.810905803510613,Family_Man
936,7485,3.8680064471134776,Family_Man
936,7495,3.203119837332052,Family_Man
936,3984,4.074284635860347,Family_Man
936,524,3.721689931165984,Family_Man
936,4940,4.249031062618744,Family_Man
937,1411,3.2593295844382517,Family_Man
937,9504,4.642903222773153,Family_Man
937,7031,2.8828701631386386,Family_Man
937,3370,5.0,Family_Man
937,9301,3.1783295004439154,Family_Man
937,2521,5.0,Family_Man
937,2015,4.544731474667163,Family_Man
937,1638,3.424950988526373,Family_Man
937,1486,4.793078920763512,Family_Man
937,1130,5.0,Family_Man
937,3119,5.0,Family_Man
937,7408,3.244059052813267,Family_Man
937,8250,5.0,Family_Man
937,8796,4.22296318405687,Family_Man
937,3433,5.0,Family_Man
937,3341,3.3303643905081928,Family_Man
937,3165,4.153476012955404,Family_Man
937,3676,5.0,Family_Man
937,6395,2.7019359853493925,Family_Man
937,8901,4.067189434569916,Family_Man
937,411,5.0,Family_Man
937,2441,4.818937020697251,Family_Man
937,7975,4.273942664958319,Family_Man
937,968,4.664762415049567,Family_Man
938,5042,3.4776735250030635,Luxury_Boss
938,7826,2.320414779823054,Luxury_Boss
938,7997,2.4660702448506844,Luxury_Boss
938,6964,3.030913495833204,Luxury_Boss
938,2643,1.6730443812487958,Luxury_Boss
938,9821,1.859580693169034,Luxury_Boss
938,7518,2.113013690166643,Luxury_Boss
938,8634,2.6642658271531507,Luxury_Boss
938,1725,2.761079839992122,Luxury_Boss
938,5113,2.3259003456174967,Luxury_Boss
938,6341,2.0302799674968544,Luxury_Boss
938,10160,2.447061816697307,Luxury_Boss
938,709,2.1303928773020386,Luxury_Boss
938,1009,2.287208944805072,Luxury_Boss
938,9517,2.2509981991209655,Luxury_Boss
938,5972,2.342547370596958,Luxury_Boss
938,8559,3.7252324043109577,Luxury_Boss
938,2952,1.962249382177612,Luxury_Boss
938,2479,1.6692474932522847,Luxury_Boss
939,659,4.227809346451053,Family_Man
939,8297,3.893381258503517,Family_Man
939,685,4.195537702825574,Family_Man
939,4981,5.0,Family_Man
939,178,5.0,Family_Man
939,7230,3.1252806762239884,Family_Man
939,2864,4.2569544288008725,Family_Man
939,6206,4.376848064158621,Family_Man
939,2492,4.720280328756935,Family_Man
939,4654,3.1473554376248707,Family_Man
939,10059,3.1598003735746807,Family_Man
939,7661,5.0,Family_Man
939,5012,4.930266053858479,Family_Man
939,5536,5.0,Family_Man
939,2848,4.978844803509394,Family_Man
939,3463,3.7342716198582075,Family_Man
939,9677,3.8899516029880195,Family_Man
939,3318,3.8750051947649182,Family_Man
939,8856,4.662470403164852,Family_Man
939,2714,5.0,Family_Man
939,9848,5.0,Family_Man
939,3209,5.0,Family_Man
940,7627,4.41700642924213,Family_Man
940,8521,4.792224543918085,Family_Man
940,5089,4.421229954980076,Family_Man
940,3217,4.256905383357146,Family_Man
940,8443,4.3587352498031455,Family_Man
940,5137,4.807646989049688,Family_Man
940,1049,3.3687088741891777,Family_Man
940,3340,5.0,Family_Man
940,3765,4.457534170883792,Family_Man
940,9620,4.334062961319701,Family_Man
940,4698,5.0,Family_Man
940,542,5.0,Family_Man
940,6069,3.3935419389842463,Family_Man
940,130,5.0,Family_Man
940,9633,4.958719053090987,Family_Man
940,8657,3.8499977518269928,Family_Man
940,5148,5.0,Family_Man
940,6161,5.0,Family_Man
940,4177,4.109970174296507,Family_Man
940,4348,4.833454807080902,Family_Man
940,2372,4.2094155761707865,Family_Man
940,8902,5.0,Family_Man
941,9031,2.1235437936681834,Luxury_Boss
941,7302,1.7511872800035935,Luxury_Boss
941,7731,2.117152590831475,Luxury_Boss
941,9357,2.4658821167656835,Luxury_Boss
941,9061,5.0,Luxury_Boss
941,8014,4.894869349981434,Luxury_Boss
941,6084,3.7974759931531636,Luxury_Boss
941,9278,2.2143568292666966,Luxury_Boss
941,7909,1.9601362445368409,Luxury_Boss
941,8545,1.5840060560557028,Luxury_Boss
941,2308,2.1321878075576803,Luxury_Boss
941,6825,2.327028276399659,Luxury_Boss
941,3495,3.284311175622216,Luxury_Boss
941,8329,1.813870343913945,Luxury_Boss
941,2141,1.5995603595665706,Luxury_Boss
941,3874,2.2942067523812595,Luxury_Boss
941,9733,1.921967403555377,Luxury_Boss
941,8194,2.1837333884510866,Luxury_Boss
941,625,2.254664090534035,Luxury_Boss
941,109,1.8799612490852153,Luxury_Boss
941,3365,1.9731936008204052,Luxury_Boss
942,7299,2.4585640391519217,Luxury_Boss
942,10164,1.6115186171828064,Luxury_Boss
942,7935,2.3737464073065073,Luxury_Boss
942,8195,2.2485220096645326,Luxury_Boss
942,8724,2.2846288521197082,Luxury_Boss
942,2411,1.8973077128469025,Luxury_Boss
942,6097,1.9035803260014013,Luxury_Boss
942,8443,2.471278590745798,Luxury_Boss
942,5624,1.9455782930723236,Luxury_Boss
942,9714,2.5556125923657342,Luxury_Boss
942,5065,2.016715132729372,Luxury_Boss
942,4179,2.4535724277711575,Luxury_Boss
942,1242,2.1936054471409543,Luxury_Boss
942,8651,2.237117229642471,Luxury_Boss
942,8027,1.57328553229934,Luxury_Boss
942,5119,1.9865510454191453,Luxury_Boss
942,7418,1.680304327091497,Luxury_Boss
942,2971,2.1602671658406125,Luxury_Boss
942,5869,1.6489967128094207,Luxury_Boss
942,2218,4.255072486902813,Luxury_Boss
942,571,4.913918769479944,Luxury_Boss
942,980,2.1084381625042043,Luxury_Boss
942,253,2.0211292823154583,Luxury_Boss
943,9853,4.454612323176323,Luxury_Boss
943,5435,2.093230674730165,Luxury_Boss
943,1553,2.1334481609441953,Luxury_Boss
943,4548,2.3295418072443805,Luxury_Boss
943,8881,2.130888157761561,Luxury_Boss
943,9535,2.2447634081430294,Luxury_Boss
943,1307,2.5932361679350238,Luxury_Boss
943,6480,3.8185837127753874,Luxury_Boss
943,10204,1.7800237922849704,Luxury_Boss
943,5667,2.335457299188357,Luxury_Boss
943,9963,3.342816229412244,Luxury_Boss
943,2218,4.5527897562795046,Luxury_Boss
943,4373,2.4786370495404033,Luxury_Boss
943,2492,2.6540257620715635,Luxury_Boss
943,8137,2.0298885902330825,Luxury_Boss
943,228,1.7572357152594522,Luxury_Boss
943,3409,2.2215648716764957,Luxury_Boss
944,3984,2.050548967566655,Luxury_Boss
944,9485,4.249862077588218,Luxury_Boss
944,9078,1.5879171866724806,Luxury_Boss
944,3199,1.6980198550335421,Luxury_Boss
944,9239,1.7968460060945683,Luxury_Boss
944,2123,4.042072000078496,Luxury_Boss
944,2552,4.457979397198707,Luxury_Boss
944,9197,2.3172188300634726,Luxury_Boss
944,3391,2.281160969252701,Luxury_Boss
944,2001,2.3453337735060504,Luxury_Boss
944,9005,1.8464076408344228,Luxury_Boss
944,8283,2.0537147682802104,Luxury_Boss
944,5657,1.5823295524046561,Luxury_Boss
944,5257,2.3264071085404745,Luxury_Boss
944,1774,3.4977779261530864,Luxury_Boss
944,2330,2.1907127988008295,Luxury_Boss
944,8704,2.1529922407992172,Luxury_Boss
944,7343,2.980940991836877,Luxury_Boss
945,1867,4.801813306024205,Luxury_Boss
945,8356,1.6719051280507293,Luxury_Boss
945,9339,1.730700549002447,Luxury_Boss
945,1141,2.377328875738611,Luxury_Boss
945,824,2.317921464946124,Luxury_Boss
945,423,1.5161998677677153,Luxury_Boss
945,1645,3.390706619934464,Luxury_Boss
945,8376,1.905140879552658,Luxury_Boss
945,6492,3.856021748503295,Luxury_Boss
945,3016,4.639254778275586,Luxury_Boss
945,3478,2.7250378946980907,Luxury_Boss
945,721,2.0395765003706767,Luxury_Boss
945,4232,3.573628461190368,Luxury_Boss
945,8322,2.3842434650117554,Luxury_Boss
945,9555,1.9184349411313786,Luxury_Boss
945,4165,2.4876272631600225,Luxury_Boss
945,2887,1.9483688410519497,Luxury_Boss
945,5778,4.708933554527088,Luxury_Boss
945,9156,4.10046273941655,Luxury_Boss
945,903,3.6749725851436983,Luxury_Boss
945,3662,2.90375206166665,Luxury_Boss
945,6376,2.525510332162169,Luxury_Boss
945,8637,2.2784936303221883,Luxury_Boss
946,6563,4.715687654746058,Family_Man
946,9263,3.8490098810970035,Family_Man
946,5335,4.844313949694413,Family_Man
946,1208,4.263410321450412,Family_Man
946,4118,4.424548932297391,Family_Man
946,2524,2.8558592437259818,Family_Man
946,5052,3.496198135649177,Family_Man
946,2360,2.9306705839669034,Family_Man
946,4254,4.571753585179399,Family_Man
946,3165,4.865560473375334,Family_Man
946,6039,5.0,Family_Man
946,564,5.0,Family_Man
946,4271,5.0,Family_Man
946,5777,4.954440283351516,Family_Man
946,10282,4.834699889655423,Family_Man
947,1368,3.1423737942122925,Budget_Student
947,3322,5.0,Budget_Student
947,7891,3.904321729153579,Budget_Student
947,9684,5.0,Budget_Student
947,5025,2.874324056286221,Budget_Student
947,6060,5.0,Budget_Student
947,7982,3.1344315174676103,Budget_Student
947,8617,2.063472069639408,Budget_Student
947,3109,4.39517393033305,Budget_Student
947,5288,3.524470438149697,Budget_Student
947,1956,3.345635282603919,Budget_Student
947,8450,5.0,Budget_Student
947,5843,3.150791641611413,Budget_Student
947,3381,2.6373295102765018,Budget_Student
947,5408,2.6527432254980496,Budget_Student
947,2980,3.601274502745864,Budget_Student
947,9376,3.6014136335912204,Budget_Student
947,1318,1.806643204965854,Budget_Student
947,8594,4.390630972612543,Budget_Student
948,10003,4.99710066180815,Family_Man
948,3451,5.0,Family_Man
948,6061,4.902978152907493,Family_Man
948,8255,5.0,Family_Man
948,7729,4.2277239184392394,Family_Man
948,3606,3.1430115729346113,Family_Man
948,7557,3.2107302577748853,Family_Man
948,3904,2.919131855057217,Family_Man
948,9791,5.0,Family_Man
948,2669,4.3729920180063235,Family_Man
948,6247,5.0,Family_Man
948,4215,4.01077179733432,Family_Man
948,6597,3.0163298115072408,Family_Man
948,573,3.231339329482366,Family_Man
948,3495,3.393091816944964,Family_Man
948,5740,5.0,Family_Man
948,8222,2.726626625061915,Family_Man
948,7957,4.474570921871507,Family_Man
948,146,4.968457455667719,Family_Man
948,7932,4.0951970120139425,Family_Man
948,6950,3.887612453810337,Family_Man
948,6663,2.852654205363503,Family_Man
948,9477,4.6545177596380505,Family_Man
949,1757,3.058689415224282,Family_Man
949,7434,5.0,Family_Man
949,3721,5.0,Family_Man
949,7184,5.0,Family_Man
949,10055,4.448622523807948,Family_Man
949,2980,3.722743190170242,Family_Man
949,9959,4.288878760013121,Family_Man
949,2377,2.5001743267695904,Family_Man
949,6330,4.156665574352962,Family_Man
949,4351,3.9891793259610173,Family_Man
949,4161,3.6734380573674272,Family_Man
949,2305,4.595953790231805,Family_Man
949,6519,3.7372876050719364,Family_Man
949,9456,3.1503817003667565,Family_Man
949,8387,4.26106075955769,Family_Man
949,3088,3.3746894775973044,Family_Man
949,7814,3.743672394234165,Family_Man
949,9389,3.042424257998126,Family_Man
949,2764,2.6524541923713763,Family_Man
949,798,4.611577267463588,Family_Man
949,808,4.844250820844351,Family_Man
949,4646,5.0,Family_Man
950,866,4.942970142599581,Family_Man
950,5015,2.9042014678393717,Family_Man
950,205,5.0,Family_Man
950,2196,5.0,Family_Man
950,4941,4.086519824143667,Family_Man
950,9411,3.5396026049550473,Family_Man
950,2510,4.796648767378549,Family_Man
950,1577,5.0,Family_Man
950,7169,1.9278527881217244,Family_Man
950,6645,5.0,Family_Man
950,3112,5.0,Family_Man
950,1613,4.482384755345834,Family_Man
950,6703,4.956140856738465,Family_Man
950,7313,5.0,Family_Man
950,6376,5.0,Family_Man
950,5625,4.414132401256593,Family_Man
950,2602,3.76570660156927,Family_Man
950,8669,5.0,Family_Man
950,708,3.524756616830934,Family_Man
950,2173,4.373948463060718,Family_Man
950,8329,3.6464632192745667,Family_Man
950,1745,2.843739376845667,Family_Man
950,3713,3.36892697155004,Family_Man
951,2436,4.276679998319508,Speed_Racer
951,7561,2.801712574152462,Speed_Racer
951,5310,3.6402610771418127,Speed_Racer
951,8540,4.670097742225279,Speed_Racer
951,4196,4.419001287573251,Speed_Racer
951,4093,3.402454152496885,Speed_Racer
951,355,1.5119997560027776,Speed_Racer
951,665,2.7566135798693727,Speed_Racer
951,9193,2.9304302298757987,Speed_Racer
951,2896,2.7440676180499812,Speed_Racer
951,9987,3.6135393754118263,Speed_Racer
951,6625,2.476716617547964,Speed_Racer
951,806,5.0,Speed_Racer
951,10169,2.56140531316783,Speed_Racer
951,863,1.5051262723160557,Speed_Racer
951,3243,3.2440104213426926,Speed_Racer
952,1971,5.0,Budget_Student
952,5262,5.0,Budget_Student
952,2832,2.511364960625254,Budget_Student
952,207,2.5541497249312566,Budget_Student
952,919,4.994650654788573,Budget_Student
952,8077,3.8950825743297584,Budget_Student
952,877,3.2257697040433224,Budget_Student
952,5910,1.0,Budget_Student
952,5546,3.1028711226961216,Budget_Student
952,1244,2.760896552907605,Budget_Student
952,904,3.021810921013031,Budget_Student
952,3277,3.091747154582566,Budget_Student
952,7991,3.032722444016281,Budget_Student
952,1218,3.0910420927106506,Budget_Student
952,6358,4.5316502922693065,Budget_Student
952,452,5.0,Budget_Student
952,4847,3.7099740759479065,Budget_Student
952,896,3.9521624143075034,Budget_Student
952,2925,5.0,Budget_Student
952,1757,2.857015349544305,Budget_Student
952,2280,1.7174348925194103,Budget_Student
952,3348,3.2194823924013436,Budget_Student
952,253,4.9040666175573655,Budget_Student
953,2454,1.2485338414885354,Eco_Warrior
953,1258,2.727903501485387,Eco_Warrior
953,344,2.6858242418931075,Eco_Warrior
953,9983,3.304203873052486,Eco_Warrior
953,2452,1.0,Eco_Warrior
953,4646,1.0,Eco_Warrior
953,2180,1.9818008147654265,Eco_Warrior
953,8025,3.2066068587149763,Eco_Warrior
953,9139,3.1079461159847925,Eco_Warrior
953,2657,3.338381759311342,Eco_Warrior
953,9068,3.102919658391238,Eco_Warrior
953,7520,2.7417027242360574,Eco_Warrior
953,7108,3.285106769362904,Eco_Warrior
953,6724,2.745956139556124,Eco_Warrior
953,6781,2.9711091695263585,Eco_Warrior
954,978,2.550114406225516,Eco_Warrior
954,6899,2.809657778426219,Eco_Warrior
954,7255,3.3079237580409804,Eco_Warrior
954,3935,2.6647426390356377,Eco_Warrior
954,2110,3.2589100268562055,Eco_Warrior
954,8697,3.1051186034242377,Eco_Warrior
954,267,3.3489832930742085,Eco_Warrior
954,289,3.2564742192357854,Eco_Warrior
954,511,2.7842204924859573,Eco_Warrior
954,9235,1.4760048240015042,Eco_Warrior
954,2270,2.6845233676625497,Eco_Warrior
954,4411,1.0,Eco_Warrior
954,5090,2.6056283235650177,Eco_Warrior
954,5543,2.0514450827114126,Eco_Warrior
954,1176,2.745787985476409,Eco_Warrior
954,9870,3.3164530025731094,Eco_Warrior
954,6389,3.0228058673291214,Eco_Warrior
954,7078,3.3879617395448327,Eco_Warrior
954,3480,1.0,Eco_Warrior
954,8472,2.7429245710107053,Eco_Warrior
954,7918,3.420608193141381,Eco_Warrior
954,7993,1.9019480202355974,Eco_Warrior
954,3653,2.585531889781965,Eco_Warrior
955,5451,2.771676570794047,Speed_Racer
955,10013,3.9328867291708454,Speed_Racer
955,1990,4.0437134927564955,Speed_Racer
955,7090,2.7413474859002696,Speed_Racer
955,3384,2.622828549393043,Speed_Racer
955,7006,3.034265813852585,Speed_Racer
955,8925,3.180775119756645,Speed_Racer
955,1414,3.7548590492546072,Speed_Racer
955,1388,2.3277352346249813,Speed_Racer
955,9874,2.9626462383467116,Speed_Racer
955,6434,3.328664996748216,Speed_Racer
955,7422,2.869592116546934,Speed_Racer
955,1968,4.203843697763259,Speed_Racer
955,1556,2.502084288318139,Speed_Racer
955,1201,3.4289773792681864,Speed_Racer
955,9810,3.9155182783112332,Speed_Racer
955,6642,2.848773883371746,Speed_Racer
955,3717,2.0345192123889433,Speed_Racer
956,5892,2.8059204963081257,Eco_Warrior
956,5219,2.957967578771896,Eco_Warrior
956,4192,3.0586986879347733,Eco_Warrior
956,3873,3.284643561880905,Eco_Warrior
956,2903,2.7512017724265148,Eco_Warrior
956,4019,3.377451313611685,Eco_Warrior
956,2178,3.257897442814163,Eco_Warrior
956,6024,3.4346980220889023,Eco_Warrior
956,9682,2.193221553904108,Eco_Warrior
956,7477,1.2953110527169072,Eco_Warrior
956,4936,2.5225442324652327,Eco_Warrior
956,9650,3.401719185000435,Eco_Warrior
956,9194,1.783006458037752,Eco_Warrior
956,1177,1.0,Eco_Warrior
956,7039,3.058695227122767,Eco_Warrior
957,9177,2.105759529100882,Luxury_Boss
957,3837,1.8101746285005937,Luxury_Boss
957,6492,3.028308578455017,Luxury_Boss
957,5573,2.8530868158948235,Luxury_Boss
957,355,1.7699517520969181,Luxury_Boss
957,4486,2.1384861683325918,Luxury_Boss
957,4152,2.4683710215515235,Luxury_Boss
957,2571,2.49430594151709,Luxury_Boss
957,3795,2.2625317385894945,Luxury_Boss
957,6037,1.677512273569201,Luxury_Boss
957,1930,1.7084960047173139,Luxury_Boss
957,223,2.0252508938146208,Luxury_Boss
957,9540,3.6133306023777645,Luxury_Boss
957,8482,2.466540607028491,Luxury_Boss
957,3997,1.7446340718465798,Luxury_Boss
957,6145,3.519654110937263,Luxury_Boss
957,3810,3.1621675085850276,Luxury_Boss
957,8314,2.1086713620710755,Luxury_Boss
957,2136,2.1554187208554234,Luxury_Boss
957,9599,1.519313155153938,Luxury_Boss
958,1949,5.0,Family_Man
958,2918,4.108735770988819,Family_Man
958,10045,3.853273322263814,Family_Man
958,7756,3.3772357918956244,Family_Man
958,5352,2.78039217947512,Family_Man
958,4073,5.0,Family_Man
958,8005,4.0942251912198016,Family_Man
958,5714,4.851774058233509,Family_Man
958,6506,3.1284815044143848,Family_Man
958,7893,3.230631031368046,Family_Man
958,7474,4.4334437227183106,Family_Man
958,9180,4.523994420468884,Family_Man
958,1370,4.292449023192807,Family_Man
958,8022,4.57482480026017,Family_Man
958,1020,3.3784970808956256,Family_Man
959,7230,2.3067326732747113,Speed_Racer
959,5280,2.7594916597593295,Speed_Racer
959,8616,3.577986356222733,Speed_Racer
959,6446,5.0,Speed_Racer
959,4848,3.285046814916162,Speed_Racer
959,10230,2.975293172772136,Speed_Racer
959,4517,2.495695607296727,Speed_Racer
959,4301,5.0,Speed_Racer
959,981,5.0,Speed_Racer
959,7431,3.3456494433333734,Speed_Racer
959,8179,2.538458213374994,Speed_Racer
959,9590,3.3284245471551674,Speed_Racer
959,6202,3.171218038402712,Speed_Racer
959,2997,2.7180353010103313,Speed_Racer
959,5106,2.4890957542160006,Speed_Racer
959,3195,2.8899999482099514,Speed_Racer
959,4288,2.2463658483914397,Speed_Racer
959,8693,4.369399842199749,Speed_Racer
959,9062,3.2456697695374377,Speed_Racer
959,524,2.250277539737951,Speed_Racer
960,3200,5.0,Family_Man
960,2141,3.79211208057904,Family_Man
960,5829,1.6252608538090703,Family_Man
960,362,3.5107459000958054,Family_Man
960,9924,4.601326667891489,Family_Man
960,8458,1.8240168044867988,Family_Man
960,686,4.798257944674393,Family_Man
960,4000,4.219388112389073,Family_Man
960,3712,4.181391013258011,Family_Man
960,8541,4.9561020385285275,Family_Man
960,4092,4.791951942576363,Family_Man
960,3299,1.8648368658339178,Family_Man
960,5526,2.7185559769203196,Family_Man
960,8986,4.895132793555482,Family_Man
960,9106,3.7417700060732617,Family_Man
960,5399,3.7446630297172807,Family_Man
960,7374,2.8660904534913962,Family_Man
960,9376,2.7539515885481016,Family_Man
960,801,3.0109355094320533,Family_Man
960,5056,4.913588322011101,Family_Man
960,6391,4.284099366800221,Family_Man
960,7729,4.470602963919445,Family_Man
960,5040,3.66356674860164,Family_Man
961,4214,2.641160849860931,Eco_Warrior
961,8151,1.0,Eco_Warrior
961,6123,2.9250042606190227,Eco_Warrior
961,370,1.843805911256173,Eco_Warrior
961,4678,3.0088841230058128,Eco_Warrior
961,1954,2.8166354035861247,Eco_Warrior
961,4353,3.3537907132464015,Eco_Warrior
961,1293,3.2433645042440844,Eco_Warrior
961,1330,3.9595618102757495,Eco_Warrior
961,5994,2.9987722706821875,Eco_Warrior
961,6400,3.306469036246052,Eco_Warrior
961,1567,1.0,Eco_Warrior
961,5897,1.0,Eco_Warrior
961,1745,3.438108507031864,Eco_Warrior
961,4349,1.0809743389001196,Eco_Warrior
961,8461,2.941520788795884,Eco_Warrior
961,2792,3.0950139099596075,Eco_Warrior
961,3456,1.0,Eco_Warrior
961,7849,3.2047580956385717,Eco_Warrior
961,9617,1.5670950062240931,Eco_Warrior
961,774,3.2213678938073054,Eco_Warrior
961,8669,2.895516658055518,Eco_Warrior
961,9218,1.0,Eco_Warrior
962,7494,2.0641223451588284,Speed_Racer
962,4271,3.2034444394518693,Speed_Racer
962,9814,3.2986862784527906,Speed_Racer
962,7742,2.917689912432535,Speed_Racer
962,4991,2.070616523608637,Speed_Racer
962,1046,3.2177877236649697,Speed_Racer
962,7659,3.2307217733000235,Speed_Racer
962,8489,2.821197994897765,Speed_Racer
962,8733,3.669095558328061,Speed_Racer
962,1608,2.3126017779690518,Speed_Racer
962,1457,5.0,Speed_Racer
962,2713,3.045933430006991,Speed_Racer
962,6645,2.557016493689514,Speed_Racer
962,1508,3.099838811997082,Speed_Racer
962,10107,3.27554086568564,Speed_Racer
962,6480,3.764867498372884,Speed_Racer
962,7525,3.2600294661980342,Speed_Racer
962,6735,1.8961845209409645,Speed_Racer
962,2771,2.224224064696092,Speed_Racer
962,1719,2.578468198652691,Speed_Racer
963,2714,1.0,Eco_Warrior
963,3024,3.138368032842527,Eco_Warrior
963,7060,3.4812834116078353,Eco_Warrior
963,9454,2.6156149958838584,Eco_Warrior
963,7582,3.439780128058297,Eco_Warrior
963,2332,2.5576858304451777,Eco_Warrior
963,9776,2.9695570612166096,Eco_Warrior
963,7862,2.8523233597776767,Eco_Warrior
963,9966,1.0,Eco_Warrior
963,10258,3.3208002753948973,Eco_Warrior
963,6305,2.6991167677217582,Eco_Warrior
963,2878,3.0471098172282804,Eco_Warrior
963,3572,2.9048696541320718,Eco_Warrior
963,8865,1.0,Eco_Warrior
963,8580,3.3147928688904567,Eco_Warrior
964,4124,2.511777330867469,Eco_Warrior
964,1695,3.4510477758615585,Eco_Warrior
964,82,2.85970985225771,Eco_Warrior
964,1069,3.2364057523562626,Eco_Warrior
964,4465,3.452058695406895,Eco_Warrior
964,8905,3.056661267235176,Eco_Warrior
964,3215,2.861646623041902,Eco_Warrior
964,4899,2.8773493791619393,Eco_Warrior
964,3109,2.70233143983694,Eco_Warrior
964,863,2.5505872408679826,Eco_Warrior
964,4758,3.3070304797127923,Eco_Warrior
964,2947,2.774643443430453,Eco_Warrior
964,8307,2.019196622198784,Eco_Warrior
964,1054,1.0,Eco_Warrior
964,6840,3.1684151567268892,Eco_Warrior
964,5273,1.8088091073783108,Eco_Warrior
965,5283,3.1782951259741834,Eco_Warrior
965,3708,2.6979781196773542,Eco_Warrior
965,4791,2.861616075036925,Eco_Warrior
965,2991,3.003122393035985,Eco_Warrior
965,21,1.0,Eco_Warrior
965,6212,3.4920944516824095,Eco_Warrior
965,8905,3.3909072764116437,Eco_Warrior
965,37,3.4487577194015895,Eco_Warrior
965,1201,2.7388473258601427,Eco_Warrior
965,5104,2.5334104757213565,Eco_Warrior
965,6508,2.6769497099990995,Eco_Warrior
965,2558,1.143981020416648,Eco_Warrior
965,4555,2.599596313762892,Eco_Warrior
965,5628,2.708922987638797,Eco_Warrior
965,6390,3.3821925749688333,Eco_Warrior
966,3010,1.9294036625016862,Luxury_Boss
966,7767,2.982163135723143,Luxury_Boss
966,9323,4.908628595454301,Luxury_Boss
966,1987,2.42878548287649,Luxury_Boss
966,9741,2.100619186035743,Luxury_Boss
966,8889,1.74773900141288,Luxury_Boss
966,4645,4.4597218456240775,Luxury_Boss
966,5681,1.8986068736194461,Luxury_Boss
966,7437,1.6871652150078496,Luxury_Boss
966,2203,3.8316367701754808,Luxury_Boss
966,2533,1.9230306801645667,Luxury_Boss
966,1998,1.8406154741962677,Luxury_Boss
966,4880,2.222095107243496,Luxury_Boss
966,7038,1.7871566213062338,Luxury_Boss
966,7260,2.4592751690989614,Luxury_Boss
966,7330,4.566533605689523,Luxury_Boss
966,10130,4.594028843465379,Luxury_Boss
966,3556,1.9255954364158212,Luxury_Boss
966,2257,2.3109735193430407,Luxury_Boss
966,3894,2.152323321076841,Luxury_Boss
966,4517,1.96526401008716,Luxury_Boss
967,5421,5.0,Family_Man
967,466,3.570609218853644,Family_Man
967,6396,2.900342145663191,Family_Man
967,1092,4.822633884009408,Family_Man
967,4132,3.490216473286866,Family_Man
967,6399,4.784301441194395,Family_Man
967,3991,5.0,Family_Man
967,1978,5.0,Family_Man
967,2167,4.910718299823896,Family_Man
967,748,4.81498147225678,Family_Man
967,5522,4.2856442975241915,Family_Man
967,8155,4.585399016943828,Family_Man
967,5258,4.812070832677998,Family_Man
967,5451,5.0,Family_Man
967,9711,5.0,Family_Man
968,3477,4.104337992777739,Family_Man
968,2860,4.7997850941802875,Family_Man
968,4353,3.13321005078577,Family_Man
968,6857,2.96232117598039,Family_Man
968,4861,4.111450021230558,Family_Man
968,4148,5.0,Family_Man
968,9824,5.0,Family_Man
968,9799,3.285866970184025,Family_Man
968,9314,4.449554042800873,Family_Man
968,5183,3.8281350997607566,Family_Man
968,932,4.5479573339632635,Family_Man
968,4977,4.0680480496581914,Family_Man
968,9346,3.0563151035247396,Family_Man
968,4682,5.0,Family_Man
968,1605,3.508032915786662,Family_Man
968,3970,4.048615785056938,Family_Man
968,7201,3.2991694965245815,Family_Man
968,1152,4.801737745507425,Family_Man
968,8724,3.368407385806336,Family_Man
969,7753,3.601850436830152,Budget_Student
969,3348,3.2150877600905248,Budget_Student
969,2071,3.7966257659849485,Budget_Student
969,5612,3.5213856135273263,Budget_Student
969,1782,4.55900732529004,Budget_Student
969,4070,3.969123525004601,Budget_Student
969,2504,3.9046222487394777,Budget_Student
969,4064,3.221678581743106,Budget_Student
969,3129,4.225558602786666,Budget_Student
969,1757,3.3137712225064844,Budget_Student
969,2070,5.0,Budget_Student
969,663,3.117340616658673,Budget_Student
969,7286,2.579878225966331,Budget_Student
969,2900,2.8984862940305915,Budget_Student
969,5034,2.5779820964239657,Budget_Student
969,5745,3.1950096408404893,Budget_Student
969,6834,3.368548942537956,Budget_Student
970,9316,5.0,Budget_Student
970,7280,5.0,Budget_Student
970,327,4.49048446221486,Budget_Student
970,297,5.0,Budget_Student
970,2367,5.0,Budget_Student
970,8603,2.779128591798395,Budget_Student
970,2877,3.715759550893374,Budget_Student
970,7128,3.9651385704455104,Budget_Student
970,2884,3.751636673479604,Budget_Student
970,212,5.0,Budget_Student
970,5091,3.3856873074192766,Budget_Student
970,7160,5.0,Budget_Student
970,10099,5.0,Budget_Student
970,5854,3.8585099375581153,Budget_Student
970,1799,3.7257775705255582,Budget_Student
970,9557,3.1724242247356718,Budget_Student
971,9711,2.6612357495347787,Eco_Warrior
971,1235,1.4596401003052546,Eco_Warrior
971,2013,1.4997566485404379,Eco_Warrior
971,1176,3.4705719062555773,Eco_Warrior
971,3947,3.214542761862496,Eco_Warrior
971,2147,1.0,Eco_Warrior
971,6008,2.6931461531315524,Eco_Warrior
971,7665,1.839031718080304,Eco_Warrior
971,1132,3.354822078292001,Eco_Warrior
971,447,1.0,Eco_Warrior
971,9218,1.385902987234216,Eco_Warrior
971,9896,1.0087636132127036,Eco_Warrior
971,7637,2.503457084600387,Eco_Warrior
971,9880,3.4356306761763635,Eco_Warrior
971,6793,2.6972432578825027,Eco_Warrior
971,8988,3.1626979705037113,Eco_Warrior
972,7960,3.5942391848494135,Budget_Student
972,8707,3.4669991995895613,Budget_Student
972,1797,5.0,Budget_Student
972,4419,1.0,Budget_Student
972,7633,5.0,Budget_Student
972,2003,3.4152671143591875,Budget_Student
972,3515,4.591419711119565,Budget_Student
972,6850,3.547566193168128,Budget_Student
972,4845,2.563379847464135,Budget_Student
972,3570,2.6337907026258276,Budget_Student
972,122,3.7714208841920733,Budget_Student
972,4132,1.0,Budget_Student
972,10162,5.0,Budget_Student
972,8058,5.0,Budget_Student
972,8474,5.0,Budget_Student
972,2646,5.0,Budget_Student
972,2201,5.0,Budget_Student
972,10148,3.017149535221518,Budget_Student
972,4316,1.0,Budget_Student
972,587,3.7980718661559676,Budget_Student
973,7782,2.1715837853492106,Luxury_Boss
973,2080,1.836954422666575,Luxury_Boss
973,4292,2.4079675197315322,Luxury_Boss
973,5732,2.2680392287029356,Luxury_Boss
973,9555,2.1233839757945008,Luxury_Boss
973,9474,1.7159208916206212,Luxury_Boss
973,6895,2.00649786788243,Luxury_Boss
973,9169,4.582864299057964,Luxury_Boss
973,382,1.6101319364925448,Luxury_Boss
973,1084,2.8937989487942324,Luxury_Boss
973,6240,2.0345036140673676,Luxury_Boss
973,3415,2.258014190458889,Luxury_Boss
973,7633,3.6388262774736138,Luxury_Boss
973,4387,1.6398913394297414,Luxury_Boss
973,1070,2.3986188143162424,Luxury_Boss
973,1198,2.3737192247281333,Luxury_Boss
974,6771,3.1767798356776167,Family_Man
974,1561,5.0,Family_Man
974,5579,4.3147464509704,Family_Man
974,1096,5.0,Family_Man
974,8508,2.7343382538358663,Family_Man
974,2559,4.69694790539272,Family_Man
974,774,5.0,Family_Man
974,1397,3.8728850490126296,Family_Man
974,5667,5.0,Family_Man
974,1700,4.109852497063663,Family_Man
974,787,4.698979514608461,Family_Man
974,993,3.0680277617044536,Family_Man
974,7454,4.668391973962207,Family_Man
974,150,5.0,Family_Man
974,3129,5.0,Family_Man
974,6271,5.0,Family_Man
974,7940,5.0,Family_Man
974,7537,3.0437788305022284,Family_Man
974,9642,3.5762450613219716,Family_Man
974,2910,5.0,Family_Man
974,3982,4.114418339467108,Family_Man
974,8917,4.0188510978902,Family_Man
974,10142,3.5042888869748623,Family_Man
975,5991,2.5816749451386842,Luxury_Boss
975,859,1.986246698242918,Luxury_Boss
975,391,2.3242953570707328,Luxury_Boss
975,8176,5.0,Luxury_Boss
975,327,1.721400392539382,Luxury_Boss
975,5950,3.578377862128623,Luxury_Boss
975,2542,1.531111613497974,Luxury_Boss
975,5119,1.6770012982325024,Luxury_Boss
975,6445,2.1258668175066915,Luxury_Boss
975,7217,2.2187766937732585,Luxury_Boss
975,8658,2.294129264384149,Luxury_Boss
975,9510,4.396186207305528,Luxury_Boss
975,4274,1.9753808275926967,Luxury_Boss
975,7402,1.5514238698647946,Luxury_Boss
975,5352,2.3240504928815895,Luxury_Boss
976,1031,2.9503856474175927,Eco_Warrior
976,4377,2.601593652676935,Eco_Warrior
976,833,3.0387560788517254,Eco_Warrior
976,6086,1.0,Eco_Warrior
976,9311,1.0,Eco_Warrior
976,2668,2.908298124518364,Eco_Warrior
976,5463,1.0,Eco_Warrior
976,8463,2.5874310393681967,Eco_Warrior
976,5455,1.0,Eco_Warrior
976,7928,1.0,Eco_Warrior
976,2488,2.9304820547227157,Eco_Warrior
976,4039,2.9795124360356864,Eco_Warrior
976,3045,3.1981557844633013,Eco_Warrior
976,3322,2.9972937028049134,Eco_Warrior
976,5030,3.1846590733953946,Eco_Warrior
976,1606,2.8061355056542707,Eco_Warrior
976,10143,2.783475447905793,Eco_Warrior
976,5836,1.3696677259464658,Eco_Warrior
976,2235,1.4596442065905446,Eco_Warrior
977,8625,2.4716418499793598,Speed_Racer
977,2534,1.991146102536103,Speed_Racer
977,7827,2.5075954603999486,Speed_Racer
977,1575,2.208356502177239,Speed_Racer
977,1880,5.0,Speed_Racer
977,2685,3.3298290798011307,Speed_Racer
977,6538,4.873134684735097,Speed_Racer
977,1769,4.216396066266055,Speed_Racer
977,7800,2.290571840075472,Speed_Racer
977,6176,3.0919603170333323,Speed_Racer
977,253,3.4053697352703365,Speed_Racer
977,1269,5.0,Speed_Racer
977,433,2.695911727535235,Speed_Racer
977,541,3.0283335556470314,Speed_Racer
977,6026,2.704780827511549,Speed_Racer
978,3941,2.612739375173963,Eco_Warrior
978,7429,2.960360493364063,Eco_Warrior
978,4040,2.9612909870908366,Eco_Warrior
978,7863,3.290414238839657,Eco_Warrior
978,5783,2.78060146105179,Eco_Warrior
978,3264,2.6855442494892494,Eco_Warrior
978,4429,3.4248597128909983,Eco_Warrior
978,2853,1.0,Eco_Warrior
978,3066,2.6000816129999884,Eco_Warrior
978,5570,1.30076875747573,Eco_Warrior
978,7570,2.721800880013957,Eco_Warrior
978,740,1.0,Eco_Warrior
978,9782,3.953623346163146,Eco_Warrior
978,7075,3.3471429409795195,Eco_Warrior
978,4812,2.699397841801811,Eco_Warrior
978,340,3.0354493984755555,Eco_Warrior
978,6909,1.4925479459369118,Eco_Warrior
978,3740,1.7349993234507015,Eco_Warrior
978,5216,1.239024875991364,Eco_Warrior
978,5809,1.4609914865087936,Eco_Warrior
978,7200,3.4864882316831487,Eco_Warrior
979,8790,5.0,Family_Man
979,5336,2.929102677090614,Family_Man
979,2305,4.806507388429178,Family_Man
979,1416,4.951360208458882,Family_Man
979,4825,4.166097249319817,Family_Man
979,9656,3.3902469364926997,Family_Man
979,8190,3.1866740349564586,Family_Man
979,1131,4.411619785665362,Family_Man
979,5485,5.0,Family_Man
979,2973,5.0,Family_Man
979,6289,3.289180205448178,Family_Man
979,9177,5.0,Family_Man
979,1438,4.472528866381382,Family_Man
979,5635,2.712175025157789,Family_Man
979,1086,4.958881463053674,Family_Man
979,7984,5.0,Family_Man
979,5120,5.0,Family_Man
979,4698,5.0,Family_Man
979,1822,3.6643613670433823,Family_Man
979,3235,4.521654820921987,Family_Man
979,2144,5.0,Family_Man
979,2186,5.0,Family_Man
979,6037,5.0,Family_Man
980,3120,5.0,Family_Man
980,9199,4.842978809374603,Family_Man
980,4739,4.891755511826075,Family_Man
980,5823,4.245263458144293,Family_Man
980,4375,5.0,Family_Man
980,7208,3.786656736622297,Family_Man
980,6212,3.9346654190234585,Family_Man
980,674,2.8345302162957062,Family_Man
980,6098,5.0,Family_Man
980,5091,5.0,Family_Man
980,3147,4.044508462206049,Family_Man
980,2546,4.128531934879659,Family_Man
980,3551,4.189217018475572,Family_Man
980,3612,4.622118826222551,Family_Man
980,2558,5.0,Family_Man
980,5638,3.6536490457716626,Family_Man
980,9547,4.024797897072851,Family_Man
980,7542,4.625214142070764,Family_Man
980,4858,5.0,Family_Man
981,8098,2.0123999368636953,Luxury_Boss
981,2356,2.087272110357861,Luxury_Boss
981,5718,2.0651753472306393,Luxury_Boss
981,3778,1.528404514987082,Luxury_Boss
981,6320,2.398889877039738,Luxury_Boss
981,5397,4.479831167800247,Luxury_Boss
981,8189,2.0607391999941678,Luxury_Boss
981,275,2.3717802077264896,Luxury_Boss
981,3370,2.2092780745163916,Luxury_Boss
981,4092,5.0,Luxury_Boss
981,5598,1.631917722666179,Luxury_Boss
981,1349,1.5789248450605375,Luxury_Boss
981,5437,1.6771748377736824,Luxury_Boss
981,7427,1.7388910348673097,Luxury_Boss
981,2427,2.042069135196146,Luxury_Boss
981,750,4.144580354816257,Luxury_Boss
981,9878,2.0556721951844974,Luxury_Boss
981,4493,3.535872076497658,Luxury_Boss
981,895,2.4220111513290625,Luxury_Boss
981,10226,1.7315307976788858,Luxury_Boss
981,4370,1.5623182445915522,Luxury_Boss
981,1003,1.9096610403188763,Luxury_Boss
981,6064,1.564231730760587,Luxury_Boss
982,8888,3.3000904171311127,Luxury_Boss
982,7206,4.355919791007672,Luxury_Boss
982,4010,2.05571627356869,Luxury_Boss
982,7526,2.1577247083014885,Luxury_Boss
982,7303,2.218432429979045,Luxury_Boss
982,8408,2.2067934894565635,Luxury_Boss
982,6305,1.9216106888152948,Luxury_Boss
982,1793,3.6332930294908072,Luxury_Boss
982,3445,2.253630644745585,Luxury_Boss
982,9952,2.3321441593406647,Luxury_Boss
982,8016,2.1444017898228456,Luxury_Boss
982,7582,2.6931725224381404,Luxury_Boss
982,8986,1.558665901448049,Luxury_Boss
982,4423,2.7679206680821893,Luxury_Boss
982,8570,2.237223439889813,Luxury_Boss
982,6416,2.3856256284087234,Luxury_Boss
982,10232,1.8376967968135378,Luxury_Boss
982,205,3.938400252159346,Luxury_Boss
982,5753,2.3083819537783006,Luxury_Boss
982,4509,1.8433638625954756,Luxury_Boss
982,947,2.0583638586813127,Luxury_Boss
982,4643,1.506459601274825,Luxury_Boss
983,9144,1.0,Eco_Warrior
983,4616,3.347651623301283,Eco_Warrior
983,5655,1.0,Eco_Warrior
983,6633,2.8869173712134293,Eco_Warrior
983,6422,3.299350491333464,Eco_Warrior
983,6860,1.0,Eco_Warrior
983,7560,2.6745560722506165,Eco_Warrior
983,2408,2.587131219144162,Eco_Warrior
983,9809,1.1694946796654069,Eco_Warrior
983,5115,3.2506655473395605,Eco_Warrior
983,9141,3.002345288461157,Eco_Warrior
983,6562,2.930489680923294,Eco_Warrior
983,5579,2.637223891543724,Eco_Warrior
983,8034,3.124364804476815,Eco_Warrior
983,5334,3.2374969060751466,Eco_Warrior
983,723,2.185640770277246,Eco_Warrior
983,2428,3.3324108563804704,Eco_Warrior
983,148,2.8696500698963945,Eco_Warrior
983,803,2.932154709220188,Eco_Warrior
983,7805,1.1847005491608074,Eco_Warrior
983,8917,1.0,Eco_Warrior
983,9531,1.0,Eco_Warrior
983,5419,2.8092139702315646,Eco_Warrior
983,5547,1.975184878314816,Eco_Warrior
984,5363,1.0,Eco_Warrior
984,9021,1.9941054517936245,Eco_Warrior
984,1093,2.5281476986927185,Eco_Warrior
984,1240,2.7588901518777473,Eco_Warrior
984,7038,1.2269750438521516,Eco_Warrior
984,232,3.3250688665567725,Eco_Warrior
984,9487,1.159759718687555,Eco_Warrior
984,7792,3.4675506774510367,Eco_Warrior
984,2407,2.5081227631933993,Eco_Warrior
984,9428,1.3600567813246052,Eco_Warrior
984,2461,3.4046127212940185,Eco_Warrior
984,7742,1.0,Eco_Warrior
984,3634,3.3980944386499825,Eco_Warrior
984,8899,1.0,Eco_Warrior
984,8977,2.786207250166779,Eco_Warrior
984,2884,2.633060821746387,Eco_Warrior
984,7574,3.3240338368111435,Eco_Warrior
984,3589,2.7667919998612134,Eco_Warrior
985,7208,3.261472095740975,Family_Man
985,2222,3.941930330711563,Family_Man
985,3138,5.0,Family_Man
985,1499,4.032992417253854,Family_Man
985,7984,5.0,Family_Man
985,4687,3.865768643364398,Family_Man
985,9668,2.5983652882721593,Family_Man
985,2515,4.942493669776023,Family_Man
985,9384,5.0,Family_Man
985,274,5.0,Family_Man
985,6380,4.1060103627946,Family_Man
985,1103,5.0,Family_Man
985,6349,3.3808770578414875,Family_Man
985,7315,3.45246534639586,Family_Man
985,7734,5.0,Family_Man
985,8703,3.5347586222633147,Family_Man
985,10086,3.221803652727261,Family_Man
985,174,2.6675561125963627,Family_Man
985,8193,4.040761486806949,Family_Man
985,3564,4.532899812955841,Family_Man
986,9503,3.748829162085216,Speed_Racer
986,4673,2.9518830353070564,Speed_Racer
986,859,3.1374680267237505,Speed_Racer
986,2723,2.2657033927409564,Speed_Racer
986,6449,2.155053631521319,Speed_Racer
986,1839,3.6957328799224554,Speed_Racer
986,3432,2.6917718323231035,Speed_Racer
986,5309,2.039505917743763,Speed_Racer
986,135,3.4886647088277405,Speed_Racer
986,5755,2.9773864724220744,Speed_Racer
986,612,2.743942511528158,Speed_Racer
986,3284,3.4971529237618997,Speed_Racer
986,723,5.0,Speed_Racer
986,8908,3.6391320454549603,Speed_Racer
986,9304,4.653365681884923,Speed_Racer
986,1555,3.300796916365313,Speed_Racer
986,9826,3.151518032425598,Speed_Racer
987,5987,2.161854146199283,Luxury_Boss
987,432,2.4718838435462835,Luxury_Boss
987,2557,2.3470354526006627,Luxury_Boss
987,7950,1.5154976479102797,Luxury_Boss
987,1757,2.324453199804522,Luxury_Boss
987,2568,3.180656467589636,Luxury_Boss
987,2671,1.9432880101339325,Luxury_Boss
987,2319,2.4335723266378326,Luxury_Boss
987,1195,4.745947595385717,Luxury_Boss
987,8678,1.9700982937461278,Luxury_Boss
987,4763,1.5778747124204198,Luxury_Boss
987,4588,1.7343820382841382,Luxury_Boss
987,7177,2.364452800975643,Luxury_Boss
987,1465,3.955774634559097,Luxury_Boss
987,2804,1.5900547740120654,Luxury_Boss
987,7160,1.5619092112665551,Luxury_Boss
987,3621,2.5328426368023162,Luxury_Boss
987,854,2.622519350436664,Luxury_Boss
987,3833,5.0,Luxury_Boss
987,8472,3.5088467919533683,Luxury_Boss
987,9000,1.6872266792858528,Luxury_Boss
987,3208,3.914851178567992,Luxury_Boss
987,9232,2.0634211712572488,Luxury_Boss
987,770,4.974704704924542,Luxury_Boss
988,7211,2.8636028918989456,Speed_Racer
988,1211,2.2633249492427994,Speed_Racer
988,6520,2.629130321876268,Speed_Racer
988,4412,2.234432023511115,Speed_Racer
988,6577,2.3866275630914986,Speed_Racer
988,3405,3.069740805413277,Speed_Racer
988,8210,4.099852211443421,Speed_Racer
988,2002,3.2895567444132716,Speed_Racer
988,2512,3.886978895170756,Speed_Racer
988,3247,4.965311199171016,Speed_Racer
988,2076,2.8473888166375203,Speed_Racer
988,4014,4.047406735459651,Speed_Racer
988,3618,2.1046320940739034,Speed_Racer
988,9116,5.0,Speed_Racer
988,9180,3.782078360221032,Speed_Racer
988,6883,2.584000916886445,Speed_Racer
988,2410,3.3486404790184614,Speed_Racer
989,10107,3.4990388475770176,Speed_Racer
989,5750,2.5875050161703923,Speed_Racer
989,4981,3.1224491659168256,Speed_Racer
989,4914,3.610211334978164,Speed_Racer
989,801,3.551495586179164,Speed_Racer
989,3176,2.090519107094421,Speed_Racer
989,8542,1.7604813731023778,Speed_Racer
989,6139,3.1964184976766115,Speed_Racer
989,4446,2.442917981399372,Speed_Racer
989,8527,2.5445166277520155,Speed_Racer
989,6940,2.815052498810043,Speed_Racer
989,2346,3.7410216559301404,Speed_Racer
989,2793,3.3768250682156653,Speed_Racer
989,1539,2.179643020008188,Speed_Racer
989,678,3.794665147901739,Speed_Racer
989,3937,3.9568303697495275,Speed_Racer
990,9664,1.8369542905899912,Luxury_Boss
990,4248,2.1958007939465904,Luxury_Boss
990,7799,1.9971115029374036,Luxury_Boss
990,5204,1.5580960921902025,Luxury_Boss
990,1789,2.132186262858026,Luxury_Boss
990,7578,4.752952349808081,Luxury_Boss
990,9957,1.6964741018808767,Luxury_Boss
990,4169,1.8777110149523126,Luxury_Boss
990,7097,2.4709028620764504,Luxury_Boss
990,6808,2.61545906346758,Luxury_Boss
990,8258,1.7050462977260556,Luxury_Boss
990,2915,2.822298382188456,Luxury_Boss
990,833,1.9445227212492635,Luxury_Boss
990,1714,3.534774638023892,Luxury_Boss
990,2820,2.383914229926952,Luxury_Boss
990,6315,2.08371289579494,Luxury_Boss
990,737,2.10174328400241,Luxury_Boss
990,5317,2.374324546767228,Luxury_Boss
990,6175,1.6781999970841472,Luxury_Boss
990,9242,1.7481178517256333,Luxury_Boss
990,10182,1.5348289805789115,Luxury_Boss
991,5280,3.0588841849246804,Speed_Racer
991,8469,2.5586117649742084,Speed_Racer
991,407,3.978909669820192,Speed_Racer
991,9986,5.0,Speed_Racer
991,4427,2.4362797171575536,Speed_Racer
991,9835,3.177509030828554,Speed_Racer
991,8015,3.202636531980127,Speed_Racer
991,3288,2.7610991957049618,Speed_Racer
991,6566,2.5603994940843644,Speed_Racer
991,4516,2.7386956335124504,Speed_Racer
991,9519,4.204080123069192,Speed_Racer
991,3530,3.105928857370742,Speed_Racer
991,7987,2.779791700946353,Speed_Racer
991,7476,2.582553871208162,Speed_Racer
991,7176,2.85560753673757,Speed_Racer
991,6080,3.2339568266854415,Speed_Racer
991,430,5.0,Speed_Racer
991,9018,3.0679134116326,Speed_Racer
991,5066,3.647729229998382,Speed_Racer
991,8373,2.0132314531321933,Speed_Racer
991,4088,4.5077985868522745,Speed_Racer
991,9942,3.0508480576579187,Speed_Racer
991,8873,5.0,Speed_Racer
991,4667,2.5180587755997195,Speed_Racer
992,3917,1.0,Eco_Warrior
992,7792,2.7450942792578665,Eco_Warrior
992,6581,2.5270756278665396,Eco_Warrior
992,9163,2.657174620015982,Eco_Warrior
992,5900,2.936901443183436,Eco_Warrior
992,1096,2.5564713569401265,Eco_Warrior
992,5649,3.0800115657085407,Eco_Warrior
992,4699,1.0,Eco_Warrior
992,2401,1.2476692624151768,Eco_Warrior
992,8281,3.1360254609113074,Eco_Warrior
992,6161,1.0,Eco_Warrior
992,2196,2.6115671608580153,Eco_Warrior
992,8012,3.4338683713345386,Eco_Warrior
992,4824,3.366571283786918,Eco_Warrior
992,5298,3.1706402331111163,Eco_Warrior
992,168,3.4552816853328174,Eco_Warrior
992,4374,1.0609322302840662,Eco_Warrior
992,4067,1.1221909994345087,Eco_Warrior
993,7533,2.37244096281953,Luxury_Boss
993,4169,1.9450073408502073,Luxury_Boss
993,9226,1.535833606140884,Luxury_Boss
993,8694,2.4903875202812746,Luxury_Boss
993,3571,1.5044323002598965,Luxury_Boss
993,2310,2.2590737205735314,Luxury_Boss
993,4806,1.7413517573810724,Luxury_Boss
993,7686,1.7936314727521414,Luxury_Boss
993,8322,1.6688022247569827,Luxury_Boss
993,8966,2.366202513813099,Luxury_Boss
993,1861,2.081616349249779,Luxury_Boss
993,7516,2.450872963961401,Luxury_Boss
993,6738,1.5415198461835873,Luxury_Boss
993,2319,2.3296496220894567,Luxury_Boss
993,986,3.7529348790692088,Luxury_Boss
993,9027,3.1546242109672673,Luxury_Boss
993,7347,1.5874359400845934,Luxury_Boss
994,6637,2.1847301890618125,Speed_Racer
994,10147,3.0960397483614606,Speed_Racer
994,2186,2.64635776908576,Speed_Racer
994,8486,2.6799147876204965,Speed_Racer
994,1833,3.818966509202476,Speed_Racer
994,8878,2.617860074125695,Speed_Racer
994,6766,2.9833275335062837,Speed_Racer
994,9306,2.9254471675387452,Speed_Racer
994,619,2.2871674969438724,Speed_Racer
994,2150,3.4482519154224986,Speed_Racer
994,5857,2.6674905131164497,Speed_Racer
994,6519,2.9134316207088213,Speed_Racer
994,7402,2.8325775260795103,Speed_Racer
994,3617,2.7643040418481566,Speed_Racer
994,7890,2.9728866011868886,Speed_Racer
994,4928,2.129094287419419,Speed_Racer
994,2819,2.703837643039191,Speed_Racer
994,4454,3.3593467595411983,Speed_Racer
994,5921,2.776330358395523,Speed_Racer
994,7868,3.4637004759100423,Speed_Racer
994,2894,2.659487752467081,Speed_Racer
994,370,2.3178273747954705,Speed_Racer
994,4377,3.4883682373190195,Speed_Racer
995,1442,2.860124195246919,Eco_Warrior
995,2174,2.7418114295245353,Eco_Warrior
995,210,1.0,Eco_Warrior
995,10126,1.0,Eco_Warrior
995,858,3.406144165168743,Eco_Warrior
995,9590,1.3899244577643,Eco_Warrior
995,2936,2.3219298157781934,Eco_Warrior
995,2642,2.8791419066092168,Eco_Warrior
995,250,2.9973442092801967,Eco_Warrior
995,7871,2.8900449477201695,Eco_Warrior
995,1752,1.213549428052072,Eco_Warrior
995,6118,3.466736586504911,Eco_Warrior
995,7659,3.1726793066850294,Eco_Warrior
995,8508,2.8052006685500976,Eco_Warrior
995,2787,1.3188540912494844,Eco_Warrior
995,2233,2.16297806405802,Eco_Warrior
995,3090,1.7626158757329826,Eco_Warrior
995,2489,1.0507336237965008,Eco_Warrior
995,1045,3.2643150769964975,Eco_Warrior
995,7252,1.0,Eco_Warrior
995,878,1.3164733475657013,Eco_Warrior
996,6661,1.6237520324499297,Speed_Racer
996,4209,3.2143195761357166,Speed_Racer
996,6097,2.9212939784473946,Speed_Racer
996,7832,3.675285641818071,Speed_Racer
996,2005,2.4402373940100928,Speed_Racer
996,5465,2.5501528169104133,Speed_Racer
996,4115,3.9935038606147093,Speed_Racer
996,7429,2.8855937456238774,Speed_Racer
996,3066,2.301865457364775,Speed_Racer
996,1865,2.6925839736831003,Speed_Racer
996,7741,5.0,Speed_Racer
996,3598,3.1544855332855426,Speed_Racer
996,4790,2.801642800922764,Speed_Racer
996,6191,3.563683796461763,Speed_Racer
996,863,2.4925199266971028,Speed_Racer
996,6422,2.92621884894303,Speed_Racer
996,5479,3.5726953549210125,Speed_Racer
996,8903,2.5580350003940184,Speed_Racer
996,583,2.41047001691436,Speed_Racer
996,2602,2.8808099931320403,Speed_Racer
997,9582,2.0719450267920165,Luxury_Boss
997,4128,1.9328379773150668,Luxury_Boss
997,8387,1.833500350364076,Luxury_Boss
997,10143,2.3648635936580322,Luxury_Boss
997,253,2.2207577833106287,Luxury_Boss
997,3421,1.934441354570462,Luxury_Boss
997,2797,2.0583818037032877,Luxury_Boss
997,7635,2.814233490311217,Luxury_Boss
997,2083,2.208662331430705,Luxury_Boss
997,675,1.588401041256788,Luxury_Boss
997,1709,1.5641856711044166,Luxury_Boss
997,5554,2.2502573153251135,Luxury_Boss
997,6014,2.07547703735644,Luxury_Boss
997,5314,1.9115982515841505,Luxury_Boss
997,7171,1.6253444579035257,Luxury_Boss
998,7544,1.9673847263706512,Speed_Racer
998,4946,2.1559980210344305,Speed_Racer
998,178,3.0460848832594065,Speed_Racer
998,2163,4.881598124833936,Speed_Racer
998,526,2.5138088416788573,Speed_Racer
998,2400,2.9333298878288554,Speed_Racer
998,3952,3.285317377330949,Speed_Racer
998,1232,3.1375278650772023,Speed_Racer
998,5080,2.8396726094670597,Speed_Racer
998,2826,2.744500276669374,Speed_Racer
998,9205,2.198619588024462,Speed_Racer
998,9278,2.014046662911289,Speed_Racer
998,3359,2.2853121619184416,Speed_Racer
998,718,3.083554628852492,Speed_Racer
998,2130,3.034393874537406,Speed_Racer
998,5036,3.9643492290544824,Speed_Racer
998,8420,3.7045934896540076,Speed_Racer
998,8373,2.9343177837213963,Speed_Racer
998,2986,1.7061092366746262,Speed_Racer
998,5605,2.6883671694799487,Speed_Racer
998,7038,2.3463289907982197,Speed_Racer
998,9290,3.3896604538460027,Speed_Racer
998,7119,2.42886466958681,Speed_Racer
998,6030,2.8359310623099425,Speed_Racer
999,5015,2.3859276119261215,Luxury_Boss
999,3977,1.8556313239481637,Luxury_Boss
999,7312,1.5620218062264963,Luxury_Boss
999,421,2.4691646566828305,Luxury_Boss
999,9206,1.7663405436767206,Luxury_Boss
999,9570,2.207566973732277,Luxury_Boss
999,3942,1.5246592922546336,Luxury_Boss
999,9821,1.7113786247865923,Luxury_Boss
999,9207,1.5736466517349692,Luxury_Boss
999,1878,1.5380407002516496,Luxury_Boss
999,9366,2.304994097961967,Luxury_Boss
999,6684,2.397656025857416,Luxury_Boss
999,3093,2.3029902244425733,Luxury_Boss
999,6416,1.5990965088257327,Luxury_Boss
999,8976,2.3653236296296636,Luxury_Boss
999,896,2.3976931922862654,Luxury_Boss
999,8092,4.396779440836728,Luxury_Boss
